dataset_name,quant_setting,model_name,seed,serial,image_size,hqq_nbits,hqq_group_size,acc,vram_gb,params_m,loss,time_total_s,acc_median,acc_std,diff_fp32_acc,diff_nbits_acc,diff_group_size_acc,diff_fp32_vram_gb,diff_nbits_vram_gb,diff_group_size_vram_gb,diff_fp32_params_m,diff_nbits_params_m,diff_group_size_params_m,diff_fp32_time_total_s,diff_nbits_time_total_s,diff_group_size_time_total_s
aircraft,fp32,beitv2_base_patch16_224_in22k,0.0,4999.0,224.0,,,77.39,1.0227666666666666,86.640664,0.0,204.46333333333334,85.45,19.166251589708406,,,,,,,,,,,,
aircraft,fp32,swin_base_patch4_window7_224_in22k,0.0,4999.0,224.0,,,82.62,1.9342333333333332,87.914768,0.0,217.79999999999998,87.79,12.569474929367573,,,,,,,,,,,,
aircraft,fp32,vit_b16,0.0,4999.0,224.0,,,75.21,1.1523666666666668,86.67682400000001,0.0,394.93,82.15,14.72264582199817,,,,,,,,,,,,
aircraft,hqq_n8_g8,beitv2_base_patch16_224_in22k,0.0,4700.0,224.0,8.0,8.0,77.36,0.8834666666666667,86.585368,0.0,101.38,85.39,19.142828944542135,-0.038764698281433176,,0.14239482200647174,-13.61991982531042,,5.5263577002707445,-0.06382222555450227,,0.0,-50.41653760250412,,0.06909485736846627
aircraft,hqq_n8_g8,swin_base_patch4_window7_224_in22k,0.0,4700.0,224.0,8.0,8.0,82.59,1.6529999999999998,87.80648000000001,0.0,129.08,87.79,12.592759824597623,-0.03631082062454749,,0.02422187235072789,-14.539783204370385,,2.133706800675521,-0.1231738449221495,,0.0,-40.734618916437086,,0.0025824445420011112
aircraft,hqq_n8_g8,vit_b16,0.0,4700.0,224.0,8.0,8.0,75.17,0.9355333333333333,86.59388000000001,0.0,115.98666666666668,82.06,14.691313760178161,-0.05318441696581844,,-0.14612114771519585,-18.81634896300368,,4.284174934046741,-0.09569340011811886,,0.0,-70.6310823015049,,0.3373799705874123
aircraft,hqq_n8_g32,beitv2_base_patch16_224_in22k,0.0,4701.0,224.0,8.0,32.0,77.33,0.847,86.585368,0.0,100.79666666666667,85.39,19.138314972849624,-0.07752939656286635,,0.10355987055015961,-17.185412117459176,,1.1705685618729,-0.06382222555450227,,0.0,-50.70183733024667,,-0.5066956207021374
aircraft,hqq_n8_g32,swin_base_patch4_window7_224_in22k,0.0,4701.0,224.0,8.0,32.0,82.59,1.6302,87.80648000000001,0.0,128.98999999999998,87.79,12.620780482997079,-0.03631082062454749,,0.02422187235072789,-15.718544815344572,,0.7249660172179454,-0.1231738449221495,,0.0,-40.77594123048669,,-0.06714355809211697
aircraft,hqq_n8_g32,vit_b16,0.0,4701.0,224.0,8.0,32.0,75.28,0.9029999999999999,86.59388000000001,0.0,115.63666666666666,82.09,14.635849821585353,0.0930727296902106,,0.0,-21.63952445691477,,0.6576747296845286,-0.09569340011811886,,0.0,-70.71970560183662,,0.0346030739064041
aircraft,hqq_n8_g128,beitv2_base_patch16_224_in22k,0.0,4702.0,224.0,8.0,128.0,77.27,0.8392,86.585368,0.0,100.89666666666666,85.39,19.324875161304405,-0.1550587931257327,,0.025889967637535302,-17.94804940846723,,0.23889154323935627,-0.06382222555450227,,0.0,-50.6529288054908,,-0.40798868160432444
aircraft,hqq_n8_g128,swin_base_patch4_window7_224_in22k,0.0,4702.0,224.0,8.0,128.0,82.51,1.6204666666666665,87.80648000000001,0.0,129.22666666666666,87.7,12.603678034605611,-0.13313967562333506,,-0.07266561705220088,-16.221758836403747,,0.12357375293486302,-0.1231738449221495,,0.0,-40.66727884909703,,0.1162100043901381
aircraft,hqq_n8_g128,vit_b16,0.0,4702.0,224.0,8.0,128.0,75.3,0.8971,86.59388000000001,0.0,115.24666666666667,82.06,14.522303536285142,0.11966493817311982,,0.02656748140275773,-22.151514274970356,,0.0,-0.09569340011811886,,0.0,-70.81845727934908,,-0.30277689668097135
aircraft,hqq_n8_g512,beitv2_base_patch16_224_in22k,0.0,4703.0,224.0,8.0,512.0,77.25,0.8372,86.585368,0.0,101.31,85.36,19.50351506780252,-0.1809019253133487,,,-18.143597431802615,,,-0.06382222555450227,,,-50.450773569833224,,
aircraft,hqq_n8_g512,swin_base_patch4_window7_224_in22k,0.0,4703.0,224.0,8.0,512.0,82.57000000000001,1.6184666666666667,87.80648000000001,0.0,129.07666666666668,87.7,12.613314393925174,-0.06051803437424008,,,-16.325158977717262,,,-0.1231738449221495,,,-40.736149372513,,
aircraft,hqq_n8_g512,vit_b16,0.0,4703.0,224.0,8.0,512.0,75.28,0.8971,86.59388000000001,0.0,115.59666666666665,82.06,14.721626948133142,0.0930727296902106,,,-22.151514274970356,,,-0.09569340011811886,,,-70.72983397901739,,
aircraft,hqq_n6_g8,beitv2_base_patch16_224_in22k,0.0,4600.0,224.0,6.0,8.0,77.41000000000001,0.8828333333333335,86.585368,0.0,101.31,85.51,19.150976476409763,0.02584313218763436,0.06463288521201056,0.22009321595030545,-13.68184336603329,-0.07168729248414543,5.450708711578286,-0.06382222555450227,0.0,0.0,-50.450773569833224,-0.06904714933911342,0.5458515283842909
aircraft,hqq_n6_g8,swin_base_patch4_window7_224_in22k,0.0,4600.0,224.0,6.0,8.0,82.57000000000001,1.6529999999999998,87.80648000000001,0.0,129.74666666666667,87.73,12.552374277402658,-0.06051803437424008,-0.02421600678047708,0.13339801115694114,-14.539783204370385,0.0,2.133706800675521,-0.1231738449221495,0.0,0.0,-40.42852770125497,0.5164755707054982,-0.11547640432138803
aircraft,hqq_n6_g8,vit_b16,0.0,4600.0,224.0,6.0,8.0,75.34,0.9348666666666666,86.59388000000001,0.0,115.18666666666667,82.12,14.611663149689702,0.17284935513895716,0.2261540508181478,0.2795155064554878,-18.874200919846125,-0.07126060001425615,4.209861405268823,-0.09569340011811886,0.0,0.0,-70.83364984512023,-0.6897344522358989,-0.5897413768303591
aircraft,hqq_n6_g32,beitv2_base_patch16_224_in22k,0.0,4601.0,224.0,6.0,32.0,77.26,0.847,86.585368,0.0,100.68666666666667,85.54,19.459365354502186,-0.16798035921953153,-0.09052114315271328,0.02589331952357617,-17.185412117459176,0.0,1.1705685618729,-0.06382222555450227,0.0,0.0,-50.75563670747812,-0.10913059294288775,-0.07278020378456082
aircraft,hqq_n6_g32,swin_base_patch4_window7_224_in22k,0.0,4601.0,224.0,6.0,32.0,82.54,1.6302,87.80648000000001,0.0,129.73,87.73,12.575655052521117,-0.09682885499878757,-0.0605400169512013,0.0970167353868694,-15.718544815344572,0.0,0.7249660172179454,-0.1231738449221495,0.0,0.0,-40.43617998163453,0.5736878827816181,-0.12830711591266308
aircraft,hqq_n6_g32,vit_b16,0.0,4601.0,224.0,6.0,32.0,75.08,0.9036666666666666,86.59388000000001,0.0,115.33999999999999,81.85,14.814543529923554,-0.17284935513893826,-0.26567481402763393,-0.06655131106082413,-21.581672500072326,0.07382798080472916,0.7319882584624468,-0.09569340011811886,0.0,0.0,-70.79482439926063,-0.2565506903807906,-0.4574091654440453
aircraft,hqq_n6_g128,beitv2_base_patch16_224_in22k,0.0,4602.0,224.0,6.0,128.0,77.1,0.8392,86.585368,0.0,100.50666666666666,85.33,19.597058452737237,-0.3747254167205146,-0.22000776497994268,-0.1812532366649412,-17.94804940846723,0.0,0.23889154323935627,-0.06382222555450227,0.0,0.0,-50.84367205203868,-0.38653407776933557,-0.25142252216487726
aircraft,hqq_n6_g128,swin_base_patch4_window7_224_in22k,0.0,4602.0,224.0,6.0,128.0,82.38,1.6204666666666665,87.80648000000001,0.0,129.88666666666666,87.58,12.564748306273392,-0.2904865649963799,-0.15755665979882397,-0.09701673538685217,-16.221758836403747,0.0,0.12357375293486302,-0.1231738449221495,0.0,0.0,-40.364248546066726,0.5107304993809301,-0.007698426954773789
aircraft,hqq_n6_g128,vit_b16,0.0,4602.0,224.0,6.0,128.0,74.98,0.8971,86.59388000000001,0.0,115.47666666666667,81.64,14.73568118547629,-0.30581039755350325,-0.42496679946878246,-0.19965393318247235,-22.151514274970356,0.0,0.0,-0.09569340011811886,0.0,0.0,-70.76021911055967,0.19957193266616877,-0.3394608900779588
aircraft,hqq_n6_g512,beitv2_base_patch16_224_in22k,0.0,4603.0,224.0,6.0,512.0,77.24,0.8372,86.585368,0.0,100.75999999999999,85.33,19.245563125042615,-0.1938234914071659,-0.012944983818776849,,-18.143597431802615,0.0,,-0.06382222555450227,0.0,,-50.71977045599048,-0.5428881650380134,
aircraft,hqq_n6_g512,swin_base_patch4_window7_224_in22k,0.0,4603.0,224.0,6.0,512.0,82.46,1.6184666666666667,87.80648000000001,0.0,129.89666666666668,87.64,12.558550871816381,-0.19365770999759235,-0.1332202979290464,,-16.325158977717262,0.0,,-0.1231738449221495,0.0,,-40.35965717783898,0.635281357332846,
aircraft,hqq_n6_g512,vit_b16,0.0,4603.0,224.0,6.0,512.0,75.13,0.8971,86.59388000000001,0.0,115.87,81.82,14.78726140974048,-0.10636883393165576,-0.1992561105207302,,-22.151514274970356,0.0,,-0.09569340011811886,0.0,,-70.66062340161548,0.23645433836040958,
aircraft,hqq_n5_g8,beitv2_base_patch16_224_in22k,0.0,4500.0,224.0,5.0,8.0,77.33999999999999,0.8822000000000001,86.585368,0.0,101.20666666666666,85.36,19.20959135432089,-0.06460783046906754,-0.02585315408481157,2.125973854483012,-13.74376690675617,-0.14337458496830344,5.375059722885814,-0.06382222555450227,0.0,0.0,-50.50131237874762,-0.17097389360162954,0.5197814931302694
aircraft,hqq_n5_g8,swin_base_patch4_window7_224_in22k,0.0,4500.0,224.0,5.0,8.0,82.49,1.6523666666666665,87.80648000000001,0.0,129.22,87.61,12.427908110378034,-0.15734688937304486,-0.12108003390241981,0.5362583790371697,-14.572526582453,-0.03831417624520651,2.094575112246148,-0.1231738449221495,0.0,0.0,-40.67033976124885,0.1084598698481456,-0.423826770440018
aircraft,hqq_n5_g8,vit_b16,0.0,4500.0,224.0,5.0,8.0,75.3,0.9355333333333333,86.59388000000001,0.0,115.27666666666669,82.06,14.5772322475839,0.11966493817311982,0.17294133297857583,0.6415396952686502,-18.81634896300368,0.0,4.284174934046741,-0.09569340011811886,0.0,0.0,-70.8108609964635,-0.6121393263593462,0.22895896127987816
aircraft,hqq_n5_g32,beitv2_base_patch16_224_in22k,0.0,4501.0,224.0,5.0,32.0,77.0,0.847,86.585368,0.0,100.88,84.76,19.297961032191974,-0.503941077658613,-0.4267425320056877,1.6770104317971688,-17.185412117459176,0.0,1.1705685618729,-0.06382222555450227,0.0,0.0,-50.661080226283445,0.08267469162339554,0.1953318986922612
aircraft,hqq_n5_g32,swin_base_patch4_window7_224_in22k,0.0,4501.0,224.0,5.0,32.0,82.51,1.6302,87.80648000000001,0.0,129.39333333333335,87.55,12.515754072368148,-0.13313967562333506,-0.09686402712192553,0.5606337599025082,-15.718544815344572,0.0,0.7249660172179454,-0.1231738449221495,0.0,0.0,-40.59075604530149,0.3126857379125238,-0.29025712157406575
aircraft,hqq_n5_g32,vit_b16,0.0,4501.0,224.0,5.0,32.0,74.99,0.9029999999999999,86.59388000000001,0.0,114.96999999999998,81.49,14.350174214970354,-0.2925142933120581,-0.38522848034007207,0.22721197540764732,-21.63952445691477,0.0,0.6576747296845286,-0.09569340011811886,0.0,0.0,-70.88851188818272,-0.5765184053500949,-0.03767679109668725
aircraft,hqq_n5_g128,beitv2_base_patch16_224_in22k,0.0,4502.0,224.0,5.0,128.0,76.75,0.8392,86.585368,0.0,100.43333333333334,84.91,19.813109296624802,-0.8269802300038772,-0.6729649281739304,1.3468902680575676,-17.94804940846723,0.0,0.23889154323935627,-0.06382222555450227,0.0,0.0,-50.8795383035263,-0.45921569923022637,-0.2483032610494951
aircraft,hqq_n5_g128,swin_base_patch4_window7_224_in22k,0.0,4502.0,224.0,5.0,128.0,82.39999999999999,1.6204666666666665,87.80648000000001,0.0,129.38,87.49,12.544963132668025,-0.26627935124668733,-0.1333171736759346,0.4265691651431984,-16.221758836403747,0.0,0.12357375293486302,-0.1231738449221495,0.0,0.0,-40.59687786960514,0.11865456046223896,-0.3005317099483816
aircraft,hqq_n5_g128,vit_b16,0.0,4502.0,224.0,5.0,128.0,74.89,0.8971,86.59388000000001,0.0,115.83333333333333,81.37,14.509210867583393,-0.42547533572662305,-0.5444887118193846,0.09355787222668724,-22.151514274970356,0.0,0.0,-0.09569340011811886,0.0,0.0,-70.66990774736452,0.5090530456412266,0.7129608161372659
aircraft,hqq_n5_g512,beitv2_base_patch16_224_in22k,0.0,4503.0,224.0,5.0,512.0,75.73,0.8372,86.585368,0.0,100.68333333333334,84.13,20.728436988832513,-2.14497997157255,-1.9676375404530693,,-18.143597431802615,0.0,,-0.06382222555450227,0.0,,-50.75726699163664,-0.6185634850129949,
aircraft,hqq_n5_g512,swin_base_patch4_window7_224_in22k,0.0,4503.0,224.0,5.0,512.0,82.05,1.6184666666666667,87.80648000000001,0.0,129.77,87.31,12.69540074200102,-0.6899055918663851,-0.6297686811190628,,-16.325158977717262,0.0,,-0.1231738449221495,0.0,,-40.41781450872359,0.5371484647367156,
aircraft,hqq_n5_g512,vit_b16,0.0,4503.0,224.0,5.0,512.0,74.82,0.8971,86.59388000000001,0.0,115.01333333333332,81.46,14.70129586124978,-0.5185480654168336,-0.61105207226356,,-22.151514274970356,0.0,,-0.09569340011811886,0.0,,-70.87753947957022,-0.5046281611349768,
aircraft,hqq_n4_g8,beitv2_base_patch16_224_in22k,0.0,4400.0,224.0,4.0,8.0,76.63,0.8476666666666667,43.708439999999996,0.0,100.81666666666666,84.82,20.173009195457183,-0.9820390231296099,-0.9436401240951447,9.476641744844981,-17.12022944301404,-4.0522185330516205,4.413878053787715,-49.55204867774329,-49.51983111049434,0.0,-50.692055625295495,-0.5556651542052995,-0.07928904159370805
aircraft,hqq_n4_g8,swin_base_patch4_window7_224_in22k,0.0,4400.0,224.0,4.0,8.0,82.55,1.6035000000000001,44.00658666666667,0.0,129.92,87.85,12.76383954772231,-0.08472524812394987,-0.04843201356097136,3.381340012523467,-17.09893670188015,-2.994555353901976,1.8202984442798291,-49.94403367285611,-49.882301776968326,0.0,-40.34894398530763,0.6507592190889177,0.05647687015453367
aircraft,hqq_n4_g8,vit_b16,0.0,4400.0,224.0,4.0,8.0,74.83,0.9551,43.716952,0.0,115.36666666666667,81.55,15.170659181459452,-0.5052519611753696,-0.4523081016362956,1.8788291354662974,-17.118394029678065,2.0914986104182947,5.241313450378312,-49.56327426117968,-49.514963413118814,0.0,-70.78807214780679,-0.534544200482818,-0.6658630388611264
aircraft,hqq_n4_g32,beitv2_base_patch16_224_in22k,0.0,4401.0,224.0,4.0,32.0,75.13,0.8222666666666667,43.708439999999996,0.0,100.55,83.89,21.45595721472244,-2.920273937201195,-2.84495021337127,7.333682556312194,-19.603689339373584,-2.9201101928374587,1.2851570519400484,-49.55204867774329,-49.51983111049434,0.0,-50.8224783579778,-0.24471708720526772,-0.3435858469060729
aircraft,hqq_n4_g32,swin_base_patch4_window7_224_in22k,0.0,4401.0,224.0,4.0,32.0,82.37,1.5859333333333332,44.00658666666667,0.0,129.72,86.86,12.201200760580901,-0.3025901718712176,-0.2663760745852995,3.1559173450219107,-18.007134609750636,-2.715413241729045,0.7048364906339224,-49.94403367285611,-49.882301776968326,0.0,-40.44077134986225,0.5659353438251169,-0.097550957539661
aircraft,hqq_n4_g32,vit_b16,0.0,4401.0,224.0,4.0,32.0,74.52,0.9179666666666666,43.716952,0.0,115.66000000000001,80.95,14.839430582067498,-0.9174311926605475,-1.0095642933050015,1.4567733151803854,-20.340748025801986,1.657438169066078,1.1496363769925764,-49.56327426117968,-49.514963413118814,0.0,-70.7137973818145,0.020178144187271697,-0.4132942999827584
aircraft,hqq_n4_g128,beitv2_base_patch16_224_in22k,0.0,4402.0,224.0,4.0,128.0,68.21666666666665,0.8138333333333333,43.708439999999996,0.0,100.91666666666667,82.39,31.850190475620916,-11.853383296722246,-11.716491954618018,-2.5429782370589296,-20.42825017110452,-3.0227200508420697,0.24635598439744083,-49.55204867774329,-49.51983111049434,0.0,-50.64314710053962,0.019822260398437576,0.019822260398437576
aircraft,hqq_n4_g128,swin_base_patch4_window7_224_in22k,0.0,4402.0,224.0,4.0,128.0,81.41,1.5768333333333333,44.00658666666667,0.0,130.35999999999999,86.41,13.181521156528184,-1.464536431856703,-1.3331717367591909,1.9536631183468853,-18.477605252727177,-2.6926399802525935,0.12699756587998742,-49.94403367285611,-49.882301776968326,0.0,-40.14692378328742,0.8770119686339191,0.3953380910817794
aircraft,hqq_n4_g128,vit_b16,0.0,4402.0,224.0,4.0,128.0,73.91000000000001,0.9095333333333334,43.716952,0.0,116.01333333333334,81.37,16.11199242800219,-1.7284935513894204,-1.845949535192545,0.6262763784887787,-21.072575279858842,1.3859473117081047,0.22037758025418125,-49.56327426117968,-49.514963413118814,0.0,-70.62433005005107,0.6652397755538836,-0.10906377360655325
aircraft,hqq_n4_g512,beitv2_base_patch16_224_in22k,0.0,4403.0,224.0,4.0,512.0,69.99666666666667,0.8118333333333334,43.708439999999996,0.0,100.89666666666666,78.55,24.763814999578173,-9.553344532023944,-9.389428263214667,,-20.623798194439907,-3.029941073419332,,-49.55204867774329,-49.51983111049434,,-50.6529288054908,-0.40798868160432444,
aircraft,hqq_n4_g512,swin_base_patch4_window7_224_in22k,0.0,4403.0,224.0,4.0,512.0,79.85000000000001,1.5748333333333333,44.00658666666667,0.0,129.84666666666666,84.01,13.567077798848212,-3.352699104333086,-3.294174639699647,,-18.581005394040705,-2.69596737652923,,-49.94403367285611,-49.882301776968326,,-40.382614018977655,0.5965446892027852,
aircraft,hqq_n4_g512,vit_b16,0.0,4403.0,224.0,4.0,512.0,73.45,0.9075333333333333,43.716952,0.0,116.13999999999999,79.99,15.44589265792042,-2.3401143464964647,-2.430924548352814,,-21.24613115038617,1.1630067253743501,,-49.56327426117968,-49.514963413118814,,-70.59225685564532,0.470025087228585,
aircraft,hqq_n3_g8,beitv2_base_patch16_224_in22k,0.0,4300.0,224.0,3.0,8.0,68.5375,0.6356999999999999,9.391003,0.0,132.31625,83.56,24.404470755522297,-11.438816384545815,-11.404472595656676,192.85358211081038,-37.845060782843916,-28.04482342287958,3.1032059252851822,-89.16097526676388,-89.15405314209671,-0.2731840613852426,-35.28607411271785,30.515141053462223,28.825090059390522
aircraft,hqq_n3_g8,swin_base_patch4_window7_224_in22k,0.0,4300.0,224.0,3.0,8.0,81.59,1.6054666666666666,8.967120000000001,0.0,170.81555555555553,85.81,10.913291208430207,-1.246671508109418,-1.210800339024095,22.697879592962053,-16.99725989625519,-2.87557975398265,1.6482704767532672,-89.80021195073846,-89.7876329856293,-0.2399460299434161,-21.572288541985518,32.33309231140031,26.45510479386698
aircraft,hqq_n3_g8,vit_b16,0.0,4300.0,224.0,3.0,8.0,72.49000000000001,0.7251,9.399643,0.0,136.34625,80.98,14.14324674788037,-3.6165403536763527,-3.565252095250755,12.971428571428577,-37.07731914031993,-22.493408394498687,1.0686242624169555,-89.15552904891854,-89.14514166590064,-0.4014292725807124,-65.47584382042388,17.55338257270949,14.701985362160338
aircraft,hqq_n3_g32,beitv2_base_patch16_224_in22k,0.0,4301.0,224.0,3.0,32.0,67.07666666666667,0.6262666666666666,9.407511999999999,0.0,177.43999999999997,75.37,26.107365499669502,-13.326441831416632,-13.259192206560623,186.61159379005835,-38.767395626242546,-26.060606060606062,1.5732280910417975,-89.1419207036548,-89.13498641017499,-0.09786838910502789,-13.216713673193254,76.03756737987364,72.7582513874014
aircraft,hqq_n3_g32,swin_base_patch4_window7_224_in22k,0.0,4301.0,224.0,3.0,32.0,77.96,1.5904999999999998,8.968048000000001,0.0,238.28666666666666,80.74,14.037991309300631,-5.640280803679509,-5.606005569681571,17.238959346333132,-17.771037620418088,-2.4352840142314003,0.7006732372369769,-89.79915638291851,-89.78657611602242,-0.22962194260163674,9.406183042546685,84.7326666149831,76.40410620866645
aircraft,hqq_n3_g32,vit_b16,0.0,4301.0,224.0,3.0,32.0,71.82000000000001,0.7265666666666667,9.416792000000001,0.0,196.19333333333336,78.76,17.16651100253048,-4.507379337853991,-4.596174282677993,11.927272727272731,-36.95004483526655,-19.53857511997046,1.2730567300097717,-89.13574406002694,-89.12533772594553,-0.21971855341779564,-50.32199799120519,69.66360151047826,65.04865258966379
aircraft,hqq_n3_g128,beitv2_base_patch16_224_in22k,0.0,4302.0,224.0,3.0,128.0,51.95666666666667,0.6172,9.410584,0.0,127.19,62.14,40.897181239461155,-32.86384976525821,-32.7595875932876,122.00541233442529,-39.65387999869635,-26.453765490943752,0.10271935989620609,-89.13837502445733,-89.13143846660095,-0.06524559273667897,-37.793247363015375,26.05966500379927,23.834095998442223
aircraft,hqq_n3_g128,swin_base_patch4_window7_224_in22k,0.0,4302.0,224.0,3.0,128.0,73.06,1.5813999999999997,8.973840000000001,0.0,170.16,76.33,17.31810901917412,-11.571048172355365,-11.45315719306751,9.87016893077347,-18.24150826339464,-2.410828156498137,0.12451723191860689,-89.79256818376636,-89.77997979192425,-0.16518539746846966,-21.873278236914594,31.675608749484116,25.969795676636053
aircraft,hqq_n3_g128,vit_b16,0.0,4302.0,224.0,3.0,128.0,68.07666666666667,0.7187666666666667,9.419096,0.0,169.94,74.59,18.310489707632982,-9.484554358906164,-9.59274015050907,6.093506493506488,-37.626912730323106,-19.878868948092002,0.18584769781165386,-89.13308591002367,-89.12267702983168,-0.1953053808158309,-56.96958954751475,47.45762711864406,42.96290064776646
aircraft,hqq_n3_g512,beitv2_base_patch16_224_in22k,0.0,4303.0,224.0,3.0,512.0,23.403333333333336,0.6165666666666666,9.416728,0.0,102.71,7.86,27.678703606443225,-69.75922815178532,-69.7044228694714,,-39.71580353941922,-26.35371874502311,,-89.13128366606239,-89.12434257945291,,-49.76605422325112,1.3818971473694517,
aircraft,hqq_n3_g512,swin_base_patch4_window7_224_in22k,0.0,4303.0,224.0,3.0,512.0,66.49666666666667,1.5794333333333332,8.988688000000002,0.0,135.08,66.7,17.675877158809776,-19.515048817881063,-19.466311412538857,,-18.343185069019597,-2.4117477447790177,,-89.775679098647,-89.763069878214,,-37.979797979797965,4.65098262014823,
aircraft,hqq_n3_g512,vit_b16,0.0,4303.0,224.0,3.0,512.0,64.16666666666667,0.7174333333333333,9.437528,0.0,118.87,70.0,20.221207514224595,-14.683331117315944,-14.76266383280198,,-37.742616644007995,-20.027496005647837,,-89.1118207099974,-89.1013914609208,,-69.900995113058,2.8316848813403115,
aircraft,hqq_n2_g8,beitv2_base_patch16_224_in22k,0.0,4200.0,224.0,2.0,8.0,52.89666666666667,0.6465,22.269976,0.0,177.35,55.99,30.079530138174256,-31.64922255244002,-31.622716304722505,5297.619047619048,-36.789101456832775,-26.822366435255063,7.23764237531792,-74.29616190383767,-74.27974666574148,0.0,-13.260731345473522,74.93588478989939,1.7595868796021783
aircraft,hqq_n2_g8,swin_base_patch4_window7_224_in22k,0.0,4200.0,224.0,2.0,8.0,74.06,1.5761666666666667,22.10664,0.0,223.9766666666667,76.81,14.876864589018751,-10.360687484870494,-10.328126891875531,7232.6732673267325,-18.512071966498347,-4.648114539221603,2.802417601530578,-74.85446358682309,-74.82345266545249,0.0,2.835935108662399,73.5177151120752,2.850101789349638
aircraft,hqq_n2_g8,vit_b16,0.0,4200.0,224.0,2.0,8.0,67.40666666666667,0.7441666666666666,22.278488,0.0,151.61333333333334,75.46,20.023861598935742,-10.375393343083804,-10.327701654028647,4856.3725490196075,-35.422753174626145,-20.455355234091076,5.830765584261663,-74.29706469171045,-74.27244511967821,0.0,-61.61007435916914,30.716174272904926,-25.1107269284597
aircraft,hqq_n2_g32,beitv2_base_patch16_224_in22k,0.0,4201.0,224.0,2.0,32.0,12.0,0.6133000000000001,22.269976,0.0,148.21333333333334,8.25,11.493367652694312,-84.49412068742731,-84.48208974524765,1124.4897959183675,-40.03519864420036,-27.591499409681216,1.730620369346468,-74.29616190383767,-74.27974666574148,0.0,-27.511045175174033,47.04189953371474,-14.958401071052878
aircraft,hqq_n2_g32,swin_base_patch4_window7_224_in22k,0.0,4201.0,224.0,2.0,32.0,43.21333333333334,1.5449000000000002,22.10664,0.0,208.20666666666668,31.98,20.083469155833942,-47.69628015815379,-47.677281349638776,4178.547854785479,-20.128560842366472,-5.232486811434176,0.7631098356378989,-74.85446358682309,-74.82345266545249,0.0,-4.404652586470756,61.41302943380627,-4.391483369303993
aircraft,hqq_n2_g32,vit_b16,0.0,4201.0,224.0,2.0,32.0,48.473333333333336,0.7128666666666668,22.278488,0.0,215.68666666666664,47.82,23.786730194235044,-35.54935070690953,-35.609280906836695,3464.21568627451,-38.138902548378695,-21.055740125507548,1.379473808959475,-74.29706469171045,-74.27244511967821,0.0,-45.38610217844513,86.52099968291486,6.538239894624164
aircraft,hqq_n2_g128,beitv2_base_patch16_224_in22k,0.0,4202.0,224.0,2.0,128.0,1.4000000000000001,0.6048333333333333,22.269976,0.0,187.16666666666666,1.35,0.3774917217635375,-98.1909807468665,-98.18817134722401,42.857142857142875,-40.86301860965355,-27.927391166190016,0.32621917505252773,-74.29616190383767,-74.27974666574148,0.0,-8.459544498606114,85.50332022861674,7.392177488763504
aircraft,hqq_n2_g128,swin_base_patch4_window7_224_in22k,0.0,4202.0,224.0,2.0,128.0,4.21,1.5351666666666668,22.10664,0.0,176.60333333333335,4.62,1.4104254677224177,-94.9043815056887,-94.89758817113078,316.83168316831683,-20.631774863425637,-5.263915744435742,0.12827202365424564,-74.85446358682309,-74.82345266545249,0.0,-18.914906642179357,36.66167973586466,-18.903736357931134
aircraft,hqq_n2_g128,vit_b16,0.0,4202.0,224.0,2.0,128.0,15.19,0.7044333333333334,22.278488,0.0,141.01666666666668,5.04,19.80282555596549,-79.80321765722644,-79.8273572377158,1016.9117647058823,-38.87072980243558,-21.47660981681715,0.18013747333490943,-74.29706469171045,-74.27244511967821,0.0,-64.29325028064045,22.360733499161228,-30.34494113772948
aircraft,hqq_n2_g512,beitv2_base_patch16_224_in22k,0.0,4203.0,224.0,2.0,512.0,0.98,0.6028666666666667,22.269976,0.0,174.28333333333333,0.93,0.17058722109231977,-98.73368652280656,-98.73139158576052,,-41.05530749926669,-27.990125816212778,,-74.29616190383767,-74.27974666574148,,-14.760592771320045,72.02974369098148,
aircraft,hqq_n2_g512,swin_base_patch4_window7_224_in22k,0.0,4203.0,224.0,2.0,512.0,1.01,1.5332,22.10664,0.0,217.76999999999998,1.02,0.1352774925846868,-98.77753570564028,-98.77679544628799,,-20.73345166905062,-5.2683610001235825,,-74.85446358682309,-74.82345266545249,,-0.013774104683196115,68.71368437362804,
aircraft,hqq_n2_g512,vit_b16,0.0,4203.0,224.0,2.0,512.0,1.36,0.7031666666666667,22.278488,0.0,202.45000000000002,1.38,0.36041642581880184,-98.19172982316181,-98.19341126461211,,-38.980648520436205,-21.617805521495185,,-74.29706469171045,-74.27244511967821,,-48.73775099384701,75.1348078087604,
aircraft,hqq_n1.58_g8,beitv2_base_patch16_224_in22k,0.0,4100.0,224.0,1.58,8.0,26.493333333333336,0.6465000000000001,22.269976,0.0,170.88,18.48,28.013206409358663,-65.76646422879786,-65.75318855567045,2265.4761904761904,-36.78910145683276,-26.822366435255052,7.237642375317939,-74.29616190383767,-74.27974666574148,0.0,-16.425112897177982,68.55395541526929,31.28793505262888
aircraft,hqq_n1.58_g8,swin_base_patch4_window7_224_in22k,0.0,4100.0,224.0,1.58,8.0,53.906666666666666,1.5748666666666669,22.10664,0.0,211.00333333333333,50.29,14.624343859925249,-34.75348987331559,-34.72978972434113,5515.277777777778,-18.57928205835213,-4.726759427303869,2.717627619793045,-74.85446358682309,-74.82345266545249,0.0,-3.120599938781751,63.467100506146046,20.898030902041672
aircraft,hqq_n1.58_g8,vit_b16,0.0,4100.0,224.0,1.58,8.0,57.416666666666664,0.7441666666666666,22.278488,0.0,216.18666666666664,61.63,23.287639067396537,-23.658201480299603,-23.617577934459675,6073.835125448028,-35.422753174626145,-20.455355234091076,5.830765584261663,-74.29706469171045,-74.27244511967821,0.0,-45.259497463685555,86.38924014254508,32.11113827100136
aircraft,hqq_n1.58_g32,beitv2_base_patch16_224_in22k,0.0,4101.0,224.0,1.58,32.0,1.33,0.6126333333333334,22.269976,0.0,186.75333333333333,1.11,0.46119410230400826,-98.28143170952319,-98.28009828009829,18.749999999999996,-40.100381318645496,-27.67020857929948,1.6200375981422153,-74.29616190383767,-74.27974666574148,0.0,-8.661699734263687,85.27729091570488,43.4834942505186
aircraft,hqq_n1.58_g32,swin_base_patch4_window7_224_in22k,0.0,4101.0,224.0,1.58,32.0,2.64,1.5449000000000002,22.10664,0.0,161.77333333333334,2.01,1.809226353997752,-96.80464778503993,-96.80348710497638,175.00000000000003,-20.128560842366472,-5.232486811434176,0.7631098356378989,-74.85446358682309,-74.82345266545249,0.0,-25.723905723905716,25.415406879086255,-7.309154109131187
aircraft,hqq_n1.58_g32,vit_b16,0.0,4101.0,224.0,1.58,32.0,13.030000000000001,0.7135333333333334,22.278488,0.0,142.51666666666665,4.26,15.45062134672907,-82.67517617338119,-82.69128586609989,1301.0752688172045,-38.08105059153626,-20.981912144702832,1.4742830054515241,-74.29706469171045,-74.27244511967821,0.0,-63.913436136361724,23.24522210371566,-12.908416849995943
aircraft,hqq_n1.58_g128,beitv2_base_patch16_224_in22k,0.0,4102.0,224.0,1.58,128.0,1.06,0.6048333333333333,22.269976,0.0,164.61666666666667,1.11,0.08660254037844388,-98.63031399405608,-98.6281868771839,-5.357142857142861,-40.86301860965355,-27.927391166190016,0.32621917505252773,-74.29616190383767,-74.27974666574148,0.0,-19.48841683105365,63.153721629389814,26.475785591722804
aircraft,hqq_n1.58_g128,swin_base_patch4_window7_224_in22k,0.0,4102.0,224.0,1.58,128.0,1.16,1.5358,22.10664,0.0,234.36333333333334,1.26,0.17320508075688773,-98.59598160251755,-98.59410980487215,20.833333333333332,-20.599031485343023,-5.224832352820162,0.1695799634750951,-74.85446358682309,-74.82345266545249,0.0,7.604836241199892,81.35833677259598,34.28254932294353
aircraft,hqq_n1.58_g128,vit_b16,0.0,4102.0,224.0,1.58,128.0,1.0,0.7038000000000001,22.278488,0.0,196.31333333333336,0.96,0.12489995996796795,-98.67038957585427,-98.67197875166003,7.526881720430102,-38.92568916143588,-21.54720766915616,0.09006873666746261,-74.29706469171045,-74.27244511967821,0.0,-50.291612859662884,70.3418753976977,19.966593334962933
aircraft,hqq_n1.58_g512,beitv2_base_patch16_224_in22k,0.0,4103.0,224.0,1.58,512.0,1.12,0.6028666666666667,22.269976,0.0,130.15666666666667,1.08,0.12489995996796792,-98.55278459749321,-98.55016181229773,,-41.05530749926669,-27.990125816212778,,-74.29616190383767,-74.27974666574148,,-36.342294461924716,28.473661698417395,
aircraft,hqq_n1.58_g512,swin_base_patch4_window7_224_in22k,0.0,4103.0,224.0,1.58,512.0,0.96,1.5332,22.10664,0.0,174.53,0.96,0.029999999999999957,-98.83805374001453,-98.83735012716484,,-20.73345166905062,-5.2683610001235825,,-74.85446358682309,-74.82345266545249,,-19.86685032139577,35.21421377475917,
aircraft,hqq_n1.58_g512,vit_b16,0.0,4103.0,224.0,1.58,512.0,0.93,0.7031666666666667,22.278488,0.0,163.64000000000001,0.93,0.09000000000000001,-98.76346230554446,-98.76461211477151,,-38.980648520436205,-21.617805521495185,,-74.29706469171045,-74.27244511967821,,-58.564808953485425,41.561175351077054,
aircraft,hqq_n1_g8,beitv2_base_patch16_224_in22k,0.0,4000.0,224.0,1.0,8.0,0.9400000000000001,0.6347999999999999,11.550744,0.0,125.59333333333332,0.81,0.33451457367355464,-98.7853727871818,-98.78490175801448,-7.843137254901957,-37.93305739334485,-28.146694838514957,7.151296911044843,-86.66821851688486,-86.65970444336507,0.0,-38.57415347495069,23.883737752350886,-28.944291479651497
aircraft,hqq_n1_g8,swin_base_patch4_window7_224_in22k,0.0,4000.0,224.0,1.0,8.0,1.1500000000000001,1.564466666666667,11.156666666666666,0.0,177.57333333333335,1.08,0.12124355652982141,-98.6080852093924,-98.60757961012229,13.861386138613874,-19.11696279318247,-5.355918531962064,2.738436617560162,-87.30967854380657,-87.29402810969457,0.0,-18.469543924089365,37.56843301311848,-16.01715222600578
aircraft,hqq_n1_g8,vit_b16,0.0,4000.0,224.0,1.0,8.0,3.11,0.7350333333333333,11.559256,0.0,196.51,1.62,2.5807557032776267,-95.86491158090679,-95.86271118797393,214.14141414141417,-36.215324983367566,-21.431625454286326,6.213573527286746,-86.66395990697583,-86.65118597295789,0.0,-50.241815005190794,69.4246465110932,27.03471459047126
aircraft,hqq_n1_g32,beitv2_base_patch16_224_in22k,0.0,4001.0,224.0,1.0,32.0,0.94,0.6028666666666667,11.550744,0.0,174.32666666666668,0.96,0.06244997998398396,-98.7853727871818,-98.78443036337774,-7.843137254901968,-41.05530749926669,-28.823297914207004,1.7610982951668386,-86.66821851688486,-86.65970444336507,0.0,-14.739399077259161,72.94884090082346,-1.372911401953748
aircraft,hqq_n1_g32,swin_base_patch4_window7_224_in22k,0.0,4001.0,224.0,1.0,32.0,1.0599999999999998,1.5345333333333333,11.156666666666666,0.0,240.49333333333334,1.08,0.09165151389911676,-98.71701767126603,-98.71655164063445,4.950495049504933,-20.66451824150826,-5.868400605242718,0.7727163277367973,-87.30967854380657,-87.29402810969457,0.0,10.419344964799523,86.44339354471926,13.740698700971139
aircraft,hqq_n1_g32,vit_b16,0.0,4001.0,224.0,1.0,32.0,1.0999999999999999,0.7025,11.559256,0.0,200.24333333333334,1.02,0.4553020975132885,-98.53742853343971,-98.53878852284805,11.11111111111111,-39.038500477278646,-22.203765227021034,1.5124512306729063,-86.66395990697583,-86.65118597295789,0.0,-49.296499801652615,73.16595082298004,29.448143599026015
aircraft,hqq_n1_g128,beitv2_base_patch16_224_in22k,0.0,4002.0,224.0,1.0,128.0,1.04,0.5950666666666667,11.550744,0.0,131.94,1.02,0.062449979983984036,-98.65615712624368,-98.65407014365212,1.960784313725492,-41.81794479027474,-29.091197966317115,0.4444944578855828,-86.66821851688486,-86.65970444336507,0.0,-35.47009243711179,30.767451848425786,-25.353600120695507
aircraft,hqq_n1_g128,swin_base_patch4_window7_224_in22k,0.0,4002.0,224.0,1.0,128.0,1.09,1.5260666666666667,11.156666666666666,0.0,181.07666666666668,1.02,0.14798648586948743,-98.68070685064149,-98.67894800630226,7.920792079207928,-21.102245506402188,-5.82548237133335,0.21671081146159935,-87.30967854380657,-87.29402810969457,0.0,-16.8610345883073,40.12329756500208,-14.360259805776243
aircraft,hqq_n1_g128,vit_b16,0.0,4002.0,224.0,1.0,128.0,1.09,0.6940333333333334,11.559256,0.0,153.30666666666664,1.08,0.10535653752852737,-98.55072463768116,-98.55245683930941,10.101010101010122,-39.77322032917763,-22.635900865752603,0.28900341987381817,-86.66395990697583,-86.65118597295789,0.0,-61.181306391850036,33.02481633597498,-0.8942616415627088
aircraft,hqq_n1_g512,beitv2_base_patch16_224_in22k,0.0,4003.0,224.0,1.0,512.0,1.02,0.5924333333333333,11.550744,0.0,176.75333333333333,1.02,0.030000000000000027,-98.68200025843132,-98.67961165048544,,-42.07541635433302,-29.236343366778165,,-86.66821851688486,-86.65970444336507,,-13.55255220985018,74.4678050866976,
aircraft,hqq_n1_g512,swin_base_patch4_window7_224_in22k,0.0,4003.0,224.0,1.0,512.0,1.01,1.5227666666666666,11.156666666666666,0.0,211.43999999999997,1.02,0.017320508075688756,-98.77753570564028,-98.77679544628799,,-21.272855739569508,-5.913004077933853,,-87.30967854380657,-87.29402810969457,,-2.920110192837472,63.80962218836346,
aircraft,hqq_n1_g512,vit_b16,0.0,4003.0,224.0,1.0,512.0,0.9899999999999999,0.6920333333333333,11.559256,0.0,154.69,0.99,0.030000000000000027,-98.68368568009573,-98.68490967056324,,-39.94677619970496,-22.85884145208636,,-86.66395990697583,-86.65118597295789,,-60.83103334768187,33.81873756452033,
cars,fp32,beitv2_base_patch16_224_in22k,0.0,4999.0,224.0,,,81.69333333333333,1.0481333333333334,87.47631200000001,0.0,502.78,88.87,15.349580884614848,,,,,,,,,,,,
cars,fp32,swin_base_patch4_window7_224_in22k,0.0,4999.0,224.0,,,86.48666666666668,1.9420666666666666,89.02894400000001,0.0,398.5566666666667,90.36,10.188053461448524,,,,,,,,,,,,
cars,fp32,vit_b16,0.0,4999.0,224.0,,,79.81666666666666,1.1543333333333334,87.512472,0.0,273.2,86.58,15.11592647948955,,,,,,,,,,,,
cars,hqq_n8_g8,beitv2_base_patch16_224_in22k,0.0,4700.0,224.0,8.0,8.0,81.76,0.8821666666666667,87.42101600000001,0.0,188.4333333333333,88.86,15.254150254930625,0.08160600620206923,,0.03262642740620412,-15.83449942755375,,5.371078197165145,-0.06321254147065374,,0.0,-62.52171261121499,,0.1931904787224369
cars,hqq_n8_g8,swin_base_patch4_window7_224_in22k,0.0,4700.0,224.0,8.0,8.0,86.46333333333332,1.6608333333333334,88.92065600000001,0.0,254.07666666666668,90.37,10.207028624106693,-0.026979110460211293,,-0.011564258731037691,-14.481136933163977,,1.7979364592910472,-0.12163235363097388,,0.0,-36.25080498799836,,-0.1676467891710579
cars,hqq_n8_g8,vit_b16,0.0,4700.0,224.0,8.0,8.0,79.78,0.9375,87.429528,0.0,221.12666666666667,86.56,15.181445912692242,-0.04593860931300281,,-0.0668058455114749,-18.784291077100786,,3.006885438031056,-0.09477963323901727,,0.0,-19.060517325524643,,-0.046708553692244734
cars,hqq_n8_g32,beitv2_base_patch16_224_in22k,0.0,4701.0,224.0,8.0,32.0,81.70333333333333,0.847,87.42101600000001,0.0,189.0,88.81,15.274780958604063,0.012240900930314734,,-0.03670473083197529,-19.189670525378453,,1.1705685618729,-0.06321254147065374,,0.0,-62.40900592704562,,0.4944967299409679
cars,hqq_n8_g32,swin_base_patch4_window7_224_in22k,0.0,4701.0,224.0,8.0,32.0,86.5,1.6432000000000002,88.92065600000001,0.0,255.17333333333332,90.39,10.188095994836328,0.015416634548664,,0.030838023282695963,-15.389104390511811,,0.717131474103602,-0.12163235363097388,,0.0,-35.97564545401324,,0.2632578486201834
cars,hqq_n8_g32,vit_b16,0.0,4701.0,224.0,8.0,32.0,79.87333333333333,0.9166666666666666,87.429528,0.0,221.6,86.66,15.12837510552053,0.07099603257465689,,0.05010438413361953,-20.58908460872077,,0.7178435394081395,-0.09477963323901727,,0.0,-18.887262079062953,,0.16724675676896267
cars,hqq_n8_g128,beitv2_base_patch16_224_in22k,0.0,4702.0,224.0,8.0,128.0,81.70666666666666,0.8392,87.42101600000001,0.0,189.06333333333336,88.79,15.198000965039226,0.016321201240413846,,-0.03262642740620412,-19.933850655132943,,0.23889154323935627,-0.06321254147065374,,0.0,-62.39640929763845,,0.5281721344889346
cars,hqq_n8_g128,swin_base_patch4_window7_224_in22k,0.0,4702.0,224.0,8.0,128.0,86.50333333333333,1.6341,88.92065600000001,0.0,253.89666666666668,90.41,10.178729455749048,0.01927079318583,,0.034692776193030905,-15.857677388349172,,0.1593625498008065,-0.12163235363097388,,0.0,-36.29596795102327,,-0.23837277835260373
cars,hqq_n8_g128,vit_b16,0.0,4702.0,224.0,8.0,128.0,79.86666666666666,0.9101333333333333,87.429528,0.0,221.58666666666667,86.64,15.188437488212317,0.0626435581540996,,0.041753653444674035,-21.155067860236795,,0.0,-0.09477963323901727,,0.0,-18.892142508540744,,0.16121984661513125
cars,hqq_n8_g512,beitv2_base_patch16_224_in22k,0.0,4703.0,224.0,8.0,512.0,81.73333333333333,0.8372,87.42101600000001,0.0,188.07000000000002,88.82,15.295284676439769,0.04896360372124154,,,-20.124666073018695,,,-0.06321254147065374,,,-62.59397748518237,,
cars,hqq_n8_g512,swin_base_patch4_window7_224_in22k,0.0,4703.0,224.0,8.0,512.0,86.47333333333334,1.6315,88.92065600000001,0.0,254.50333333333333,90.35,10.231502007688476,-0.015416634548680431,,,-15.991555387731282,,,-0.12163235363097388,,,-36.14375203860597,,
cars,hqq_n8_g512,vit_b16,0.0,4703.0,224.0,8.0,512.0,79.83333333333333,0.9101333333333333,87.429528,0.0,221.23000000000002,86.57,15.15312619010788,0.020881186051366532,,,-21.155067860236795,,,-0.09477963323901727,,,-19.022693997071734,,
cars,hqq_n6_g8,beitv2_base_patch16_224_in22k,0.0,4600.0,224.0,6.0,8.0,81.60333333333334,0.8821666666666667,87.42101600000001,0.0,188.66333333333333,88.68,15.268910679329203,-0.11016810837276303,-0.19161774298760553,0.5462460982421488,-15.83449942755375,0.0,5.371078197165145,-0.06321254147065374,0.0,0.0,-62.47596695705213,0.12205908367239601,-0.36615205872515433
cars,hqq_n6_g8,swin_base_patch4_window7_224_in22k,0.0,4600.0,224.0,6.0,8.0,86.45,1.6608333333333334,88.92065600000001,0.0,254.25,90.32,10.191825155486136,-0.042395745008875295,-0.015420794941965235,0.10035122930254994,-14.481136933163977,0.0,1.7979364592910472,-0.12163235363097388,0.0,0.0,-36.207314727307704,0.06822087821260688,-0.14792899408283963
cars,hqq_n6_g8,vit_b16,0.0,4600.0,224.0,6.0,8.0,79.81,0.9485666666666667,87.429528,0.0,221.62666666666667,86.67,15.199171030026607,-0.00835247442053949,0.03760340937578483,0.1799163179916287,-17.825584753104252,1.1804444444444446,4.222824494579547,-0.09477963323901727,0.0,0.0,-18.877501220107366,0.22611474569628268,0.1762818098265747
cars,hqq_n6_g32,beitv2_base_patch16_224_in22k,0.0,4601.0,224.0,6.0,32.0,81.51666666666667,0.847,87.42101600000001,0.0,189.03,88.79,15.461255878269831,-0.21625591643544434,-0.2284688507200858,0.43946114670608044,-19.189670525378453,0.0,1.1705685618729,-0.06321254147065374,0.0,0.0,-62.4030391025896,0.015873015873016476,-0.1725139507454999
cars,hqq_n6_g32,swin_base_patch4_window7_224_in22k,0.0,4601.0,224.0,6.0,32.0,86.53333333333335,1.6432000000000002,88.92065600000001,0.0,254.49666666666667,90.46,10.137382962744054,0.05395822092037329,0.03853564547207589,0.19684279593963683,-15.389104390511811,0.0,0.717131474103602,-0.12163235363097388,0.0,0.0,-36.14542474094023,-0.2651792245793636,-0.05105513955071299
cars,hqq_n6_g32,vit_b16,0.0,4601.0,224.0,6.0,32.0,79.68333333333334,0.9166666666666666,87.429528,0.0,221.23333333333335,86.48,15.330036964512946,-0.16704948841093226,-0.23787663801017994,0.020920502092049018,-20.58908460872077,0.0,0.7178435394081395,-0.09477963323901727,0.0,0.0,-19.021473889702285,-0.1654632972322409,-0.0015066821352685516
cars,hqq_n6_g128,beitv2_base_patch16_224_in22k,0.0,4602.0,224.0,6.0,128.0,81.45333333333333,0.8392,87.42101600000001,0.0,188.73666666666668,88.75,15.419313646635942,-0.2937816223273971,-0.31005221932114513,0.3614259898143449,-19.933850655132943,0.0,0.23889154323935627,-0.06321254147065374,0.0,0.0,-62.461381386159616,-0.17278160757418967,-0.32742443712921443
cars,hqq_n6_g128,swin_base_patch4_window7_224_in22k,0.0,4602.0,224.0,6.0,128.0,86.43333333333334,1.6341,88.92065600000001,0.0,254.09666666666666,90.35,10.271233291739277,-0.061666538194721725,-0.08092173711994896,0.08105291597513586,-15.857677388349172,0.0,0.1593625498008065,-0.12163235363097388,0.0,0.0,-36.245786880995595,0.07877220391497405,-0.2081478766298376
cars,hqq_n6_g128,vit_b16,0.0,4602.0,224.0,6.0,128.0,79.74666666666667,0.9101333333333333,87.429528,0.0,221.6933333333333,86.51,15.337458503068017,-0.08770098141573587,-0.15025041736225836,0.10041841004183885,-21.155067860236795,0.0,0.0,-0.09477963323901727,0.0,0.0,-18.853099072718408,0.04813767374689805,0.2064154525319586
cars,hqq_n6_g512,beitv2_base_patch16_224_in22k,0.0,4603.0,224.0,6.0,512.0,81.16000000000001,0.8372,87.42101600000001,0.0,189.35666666666665,88.65,15.579547490219351,-0.6528480496164321,-0.7014681892332669,,-20.124666073018695,0.0,,-0.06321254147065374,0.0,,-62.33806701406844,0.6841424292373229,
cars,hqq_n6_g512,swin_base_patch4_window7_224_in22k,0.0,4603.0,224.0,6.0,512.0,86.36333333333334,1.6315,88.92065600000001,0.0,254.62666666666667,90.31,10.256268002218613,-0.14260386957527346,-0.12720684604116808,,-15.991555387731282,0.0,,-0.12163235363097388,0.0,,-36.11280704542223,0.048460399994761635,
cars,hqq_n6_g512,vit_b16,0.0,4603.0,224.0,6.0,512.0,79.66666666666667,0.9101333333333333,87.429528,0.0,221.23666666666668,86.52,15.390455917006918,-0.18793067446229877,-0.2087682672233702,,-21.155067860236795,0.0,,-0.09477963323901727,0.0,,-19.020253782332837,0.0030134550769157,
cars,hqq_n5_g8,beitv2_base_patch16_224_in22k,0.0,4500.0,224.0,5.0,8.0,81.31,0.8828333333333335,87.42101600000001,0.0,188.7266666666667,88.66,15.657263490150505,-0.46923453566181544,-0.5503913894324888,1.6247969003874478,-15.770894288258482,0.07557150954091993,5.450708711578286,-0.06321254147065374,0.0,0.0,-62.46337032764495,0.15566955598799534,-0.6248464211745564
cars,hqq_n5_g8,swin_base_patch4_window7_224_in22k,0.0,4500.0,224.0,5.0,8.0,83.435,1.6299,88.399451,0.0,214.935,82.475,10.332939239796842,-3.5284822323286935,-3.5024480511970264,-2.948703035942783,-16.0739418488895,-1.862518815855503,-0.1388747064229535,-0.707065558364941,-0.5861461480896059,-0.5861461480896059,-46.071658567999535,-15.405455046377082,-15.459801762114541
cars,hqq_n5_g8,vit_b16,0.0,4500.0,224.0,5.0,8.0,79.74,0.9485666666666667,87.429528,0.0,220.74,86.47,15.270982286676912,-0.09605345583629317,-0.05013787916771904,0.6563998990153951,-17.825584753104252,1.1804444444444446,4.222824494579547,-0.09477963323901727,0.0,0.0,-19.20204978038067,-0.17486207000512047,-0.16432738840058897
cars,hqq_n5_g32,beitv2_base_patch16_224_in22k,0.0,4501.0,224.0,5.0,32.0,80.88333333333333,0.847,87.42101600000001,0.0,189.33,88.6,16.088611914436036,-0.991512975354989,-1.003631022806096,1.091530225388477,-19.189670525378453,0.0,1.1705685618729,-0.06321254147065374,0.0,0.0,-62.343370858029346,0.17460317460318123,-0.3071576508582763
cars,hqq_n5_g32,swin_base_patch4_window7_224_in22k,0.0,4501.0,224.0,5.0,32.0,86.31666666666666,1.6432000000000002,88.92065600000001,0.0,254.46000000000004,90.21,10.411101446693014,-0.19656209049566317,-0.21194605009634349,0.40324144081266694,-15.389104390511811,0.0,0.6759930562646996,-0.12163235363097388,0.0,0.0,-36.15462460377863,-0.2795485421673953,0.0865324103209673
cars,hqq_n5_g32,vit_b16,0.0,4501.0,224.0,5.0,32.0,79.59333333333333,0.9173,87.429528,0.0,221.47000000000003,86.53,15.552074888365647,-0.2798078930883222,-0.3505550454886918,0.4712614659597764,-20.534218885359522,0.0690909090909136,0.7874304131262805,-0.09477963323901727,0.0,0.0,-18.934846266471435,-0.05866425992778296,0.16583497911988482
cars,hqq_n5_g128,beitv2_base_patch16_224_in22k,0.0,4502.0,224.0,5.0,128.0,80.63666666666667,0.8392,87.42101600000001,0.0,189.27999999999997,88.61,16.069244952185315,-1.2934551983025842,-1.3095626631853703,0.7832354289047183,-19.933850655132943,0.0,0.23889154323935627,-0.06321254147065374,0.0,0.0,-62.353315565456064,0.11460004583998926,-0.3334854495032932
cars,hqq_n5_g128,swin_base_patch4_window7_224_in22k,0.0,4502.0,224.0,5.0,128.0,86.19666666666667,1.6347333333333334,88.92065600000001,0.0,253.89333333333335,90.08,10.441428701731066,-0.3353118014337542,-0.3545142769064673,0.2636578651467482,-15.825066080807384,0.03875731799359057,0.1572551822730621,-0.12163235363097388,0.0,0.0,-36.2968043021904,-0.0013128700652484482,-0.13635410111180932
cars,hqq_n5_g128,vit_b16,0.0,4502.0,224.0,5.0,128.0,79.39333333333333,0.9101333333333333,87.429528,0.0,221.21333333333334,86.51,15.778492745928975,-0.5303821257047384,-0.5926544240400616,0.21879996633846505,-21.155067860236795,0.0,0.0,-0.09477963323901727,0.0,0.0,-19.02879453391898,-0.16848185811420732,0.04975049373596673
cars,hqq_n5_g512,beitv2_base_patch16_224_in22k,0.0,4503.0,224.0,5.0,512.0,80.01,0.8372,87.42101600000001,0.0,189.91333333333333,88.46,16.712345736012047,-2.060551656601913,-2.1084828711256067,,-20.124666073018695,0.0,,-0.06321254147065374,0.0,,-62.22734927138444,0.9801315113166933,
cars,hqq_n5_g512,swin_base_patch4_window7_224_in22k,0.0,4503.0,224.0,5.0,512.0,85.97000000000001,1.6321666666666665,88.92065600000001,0.0,254.24,90.14,10.881723209124555,-0.5973945887612723,-0.582067689461102,,-15.957227695582029,0.040862192256610065,,-0.12163235363097388,0.0,,-36.20982378080908,-0.10346950269151205,
cars,hqq_n5_g512,vit_b16,0.0,4503.0,224.0,5.0,512.0,79.22,0.9101333333333333,87.429528,0.0,221.10333333333332,86.1,15.70419370741459,-0.747546460638961,-0.7682672233820415,,-21.155067860236795,0.0,,-0.09477963323901727,0.0,,-19.069058077110785,-0.057255646461462535,
cars,hqq_n4_g8,beitv2_base_patch16_224_in22k,0.0,4400.0,224.0,4.0,8.0,80.67999999999999,0.8476666666666667,44.150872,0.0,190.3166666666667,88.71,16.3659677379616,-1.240411294271261,-1.32093933463798,11.190738699007705,-19.126065386083194,-3.9108256187417316,3.5845213849287156,-49.52819684487842,-49.49627215497016,0.0,-62.147128631475645,0.9994693083318855,0.26165138903522794
cars,hqq_n4_g8,swin_base_patch4_window7_224_in22k,0.0,4400.0,224.0,4.0,8.0,86.25,1.6217333333333332,44.596474666666666,0.0,255.94666666666663,89.93,10.295673848758032,-0.2736452632390489,-0.24673271907165742,1.8380037783375378,-16.4944560777179,-2.354239839438041,2.2573458321072657,-49.90789212700685,-49.84688971855239,0.0,-35.78161198323953,0.7359983207168234,0.1539143818641836
cars,hqq_n4_g8,vit_b16,0.0,4400.0,224.0,4.0,8.0,79.31666666666666,0.9427333333333333,44.159383999999996,0.0,223.14,86.36,15.772236155134545,-0.6264355815410315,-0.5807637670259943,1.8621575342465793,-18.33092694195785,0.55822222222222,2.9147410938466516,-49.539325091856625,-49.49145327651775,0.0,-18.323572474377745,0.9104887093370261,0.5135135135135074
cars,hqq_n4_g32,beitv2_base_patch16_224_in22k,0.0,4401.0,224.0,4.0,32.0,79.57666666666667,0.8281333333333333,44.150872,0.0,189.18666666666664,88.55,16.14351366132334,-2.590990696915285,-2.602912977846679,9.670158030135976,-20.989695967434177,-2.2274695001967766,1.1975560081466297,-49.52819684487842,-49.49627215497016,0.0,-62.37187901931926,0.0987654320987508,-0.3336494222597105
cars,hqq_n4_g32,swin_base_patch4_window7_224_in22k,0.0,4401.0,224.0,4.0,32.0,86.38,1.5963666666666665,44.596474666666666,0.0,255.87,89.95,9.928640390305212,-0.12333307638944345,-0.13872832369942723,1.991498740554157,-17.800624763997124,-2.850129827977953,0.6578670814241712,-49.90789212700685,-49.84688971855239,0.0,-35.80084806008347,0.2730170341728577,0.12391412099236611
cars,hqq_n4_g32,vit_b16,0.0,4401.0,224.0,4.0,32.0,78.94666666666667,0.9251333333333333,44.159383999999996,0.0,222.65666666666667,86.08,16.139127403095046,-1.0899979118813827,-1.1601702695935177,1.386986301369879,-19.855616517470416,0.9236363636363588,0.9934136312361143,-49.539325091856625,-49.49145327651775,0.0,-18.500488042947776,0.47683513838748737,0.2957957957957956
cars,hqq_n4_g128,beitv2_base_patch16_224_in22k,0.0,4402.0,224.0,4.0,128.0,71.28666666666668,0.8203333333333335,44.150872,0.0,189.33333333333334,86.71,27.891300316287396,-12.738697568140998,-12.752937336814606,-1.7548695332598212,-21.73387609718864,-2.2481728630441467,0.24439918533606267,-49.52819684487842,-49.49627215497016,0.0,-62.34270787753423,0.1428092878929363,-0.25638324026271136
cars,hqq_n4_g128,swin_base_patch4_window7_224_in22k,0.0,4402.0,224.0,4.0,128.0,85.28,1.5872666666666666,44.596474666666666,0.0,254.88333333333333,88.65,11.047474824592271,-1.3952054266553737,-1.4142036915725744,0.6926952141058011,-18.269197761834473,-2.8660016726842605,0.08407247046953549,-49.90789212700685,-49.84688971855239,0.0,-36.04840800555337,0.3886095393138877,-0.26217619283645455
cars,hqq_n4_g128,vit_b16,0.0,4402.0,224.0,4.0,128.0,78.64999999999999,0.9173333333333332,44.159383999999996,0.0,222.17,85.77,16.45868767551046,-1.4616830235957463,-1.5233722871452446,1.0059931506849291,-20.53133121570894,0.7910928801640645,0.14191623303371675,-49.539325091856625,-49.49145327651775,0.0,-18.678623718887263,0.2632529033034393,0.07657657657657094
cars,hqq_n4_g512,beitv2_base_patch16_224_in22k,0.0,4403.0,224.0,4.0,512.0,72.56,0.8183333333333334,44.150872,0.0,189.82000000000002,81.92,20.675289598939116,-11.180022849681729,-11.223491027732463,,-21.924691515074418,-2.2535435578913874,,-49.52819684487842,-49.49627215497016,,-62.245912725247614,0.9305045993513053,
cars,hqq_n4_g512,swin_base_patch4_window7_224_in22k,0.0,4403.0,224.0,4.0,512.0,84.69333333333333,1.5859333333333334,44.596474666666666,0.0,255.5533333333333,87.86,11.103982768958778,-2.073537346797214,-2.0584380541207485,,-18.33785314613298,-2.7929308407395976,,-49.90789212700685,-49.84688971855239,,-35.88030142096064,0.4125682702256616,
cars,hqq_n4_g512,vit_b16,0.0,4403.0,224.0,4.0,512.0,77.86666666666666,0.9160333333333334,44.159383999999996,0.0,222.0,85.45,17.475932974617784,-2.4430987680100267,-2.4634655532359107,,-20.643950332082014,0.6482566656900106,,-49.539325091856625,-49.49145327651775,,-18.740849194729133,0.3480540613840717,
cars,hqq_n3_g8,beitv2_base_patch16_224_in22k,0.0,4300.0,224.0,3.0,8.0,72.312,0.6254,9.4875744,0.0,251.38400000000001,87.58,21.37314834085049,-11.483597192753383,-11.555772994129168,173.52918925734457,-40.33201882712124,-29.106366899678825,0.3744917611812663,-89.15412163237974,-89.14726134045388,-0.5976867110914602,-50.0011933648912,33.40739430390945,27.077140835102615
cars,hqq_n3_g8,swin_base_patch4_window7_224_in22k,0.0,4300.0,224.0,3.0,8.0,84.19,1.57268,9.0743536,0.0,265.414,89.14,9.281990627015308,-2.655515301009806,-2.629245537607456,13.178885104857494,-19.020287666060206,-5.307777220270947,-0.7146464646464505,-89.80741184574761,-89.79499926316333,-0.9268708522795713,-33.406207398362426,4.462170211091129,0.6601602993603098
cars,hqq_n3_g8,vit_b16,0.0,4300.0,224.0,3.0,8.0,76.11800000000001,0.70274,9.4962912,0.0,296.21999999999997,85.39,14.944780694275842,-4.633952808519508,-4.590122837803951,13.507306889352828,-39.121570892289924,-25.041066666666662,-1.6917696432734841,-89.14864249292376,-89.13834785886068,-0.7227087121863652,8.426061493411414,33.95941994030569,29.334885751710075
cars,hqq_n3_g32,beitv2_base_patch16_224_in22k,0.0,4301.0,224.0,3.0,32.0,65.78666666666666,0.6328,9.535373333333334,0.0,306.78333333333336,70.77,23.573413697072674,-19.471193079810675,-19.481049324792956,148.8462993317362,-39.626001780943895,-25.2892561983471,1.5621656323561124,-89.09947948727726,-89.0925846328149,-0.09689226714214483,-38.982590132198304,62.319223985890666,55.082061133016545
cars,hqq_n3_g32,swin_base_patch4_window7_224_in22k,0.0,4301.0,224.0,3.0,32.0,83.75,1.5950333333333333,9.138512,0.0,487.81,86.37,11.613802133668372,-3.164264241116178,-3.179190751445087,12.587381251120268,-17.86928014829563,-2.931272314183721,0.696548821548829,-89.73534719225692,-89.7228468489931,-0.2263941319199941,22.394138851020763,91.16809488974816,85.00543601931682
cars,hqq_n3_g32,vit_b16,0.0,4301.0,224.0,3.0,32.0,75.6,0.7239666666666666,9.544653333333333,0.0,315.5566666666667,83.83,19.364392580197293,-5.282940070996035,-5.350137718053594,12.734864300626292,-37.28270285879296,-21.021818181818183,1.2776871065516429,-89.09337936044895,-89.08303229850065,-0.21711537083712718,15.50390434358224,42.399217809867636,37.777616067530204
cars,hqq_n3_g128,beitv2_base_patch16_224_in22k,0.0,4302.0,224.0,3.0,128.0,43.839999999999996,0.6243333333333333,9.538477333333333,0.0,200.84666666666666,44.01,38.87527877713547,-46.335890321527664,-46.344647519582246,65.8302862186357,-40.43378704999365,-25.603749602796313,0.20329552749840832,-89.09593109808593,-89.0890339991778,-0.0643713331878731,-60.052773247411054,6.2324794160686725,1.530010447207887
cars,hqq_n3_g128,swin_base_patch4_window7_224_in22k,0.0,4302.0,224.0,3.0,128.0,79.34666666666666,1.5853,9.144314666666666,0.0,298.6566666666667,78.55,13.692393265362101,-8.255607800817097,-8.273284266502253,6.667861623946935,-18.37046445367478,-2.986353344348582,0.08207070707071205,-89.72882946172354,-89.71632118113628,-0.16304104150617457,-25.065444478827764,17.6292192361722,13.267679704685095
cars,hqq_n3_g128,vit_b16,0.0,4302.0,224.0,3.0,128.0,72.99666666666666,0.7161666666666666,9.546989333333334,0.0,423.41,80.1,20.223333882753682,-8.544581332219678,-8.60183639398999,8.852768664877205,-37.95841755703149,-21.31189569293877,0.18652366519001598,-89.09071002664245,-89.08036043230918,-0.19269407334695793,54.98169838945829,91.08099163607919,84.8682870033474
cars,hqq_n3_g512,beitv2_base_patch16_224_in22k,0.0,4303.0,224.0,3.0,512.0,26.436666666666667,0.6230666666666665,9.544621333333334,0.0,197.82000000000002,4.56,39.794364341365394,-67.6391382405745,-67.65497553017944,,-40.554636814654636,-25.577321229495162,,-89.08890748236696,-89.08200594084455,,-60.65475953697441,5.1842399106715575,
cars,hqq_n3_g512,swin_base_patch4_window7_224_in22k,0.0,4303.0,224.0,3.0,512.0,74.38666666666667,1.5839999999999999,9.159248,0.0,263.67333333333335,69.9,16.5816776392901,-13.990595852925315,-13.977334052887217,,-18.43740345336583,-2.911431198283794,,-89.71205589049781,-89.69952718297534,,-33.84294997783669,3.6030962266375095,
cars,hqq_n3_g512,vit_b16,0.0,4303.0,224.0,3.0,512.0,67.06,0.7148333333333333,9.565421333333333,0.0,229.03333333333333,74.46,24.628406363384535,-15.982459803716845,-15.999999999999991,,-38.07392434305516,-21.45839437445063,,-89.06964788592268,-89.05927831003122,,-16.166422645192775,3.5272491675330255,
cars,hqq_n2_g8,beitv2_base_patch16_224_in22k,0.0,4200.0,224.0,2.0,8.0,46.22666666666667,0.6497333333333334,22.5158,0.0,377.33,34.46,33.440444574397226,-43.41439529949404,-43.46053489889107,6036.283185840709,-38.01043124284442,-26.34800680143585,6.735297338736179,-74.2606889965823,-74.24440823245523,0.0,-24.95127093360913,100.24588713957193,1.4855390794498875
cars,hqq_n2_g8,swin_base_patch4_window7_224_in22k,0.0,4200.0,224.0,2.0,8.0,80.49,1.5892,22.434383999999998,0.0,383.2633333333333,82.18,13.892310822897679,-6.933631388267959,-6.908516134006704,4346.96132596685,-18.16964745460163,-4.31309583542399,2.951909995897132,-74.80102201369479,-74.77033457782859,0.0,-3.837179154783515,50.8455453078467,-20.19836064435977
cars,hqq_n2_g8,vit_b16,0.0,4200.0,224.0,2.0,8.0,73.26333333333334,0.7415666666666668,22.524312,0.0,348.5833333333333,81.58,21.055199674506376,-8.21048235539778,-8.168296147739616,8762.5,-35.758013283280384,-20.89955555555554,5.852405195793902,-74.26159782116542,-74.23717991477663,0.0,27.592728160078085,57.63966354125839,12.692220653684922
cars,hqq_n2_g32,beitv2_base_patch16_224_in22k,0.0,4201.0,224.0,2.0,32.0,17.650000000000002,0.6198,22.5158,0.0,264.60999999999996,3.15,25.7582530463539,-78.39480985800554,-78.39745420423483,2242.920353982301,-40.866301997201376,-26.824085005903182,1.8179826963092764,-74.2606889965823,-74.24440823245523,0.0,-47.37061935637854,40.00529100529098,-28.83129224865971
cars,hqq_n2_g32,swin_base_patch4_window7_224_in22k,0.0,4201.0,224.0,2.0,32.0,52.63,1.5546666666666666,22.434383999999998,0.0,443.52666666666664,40.18,30.87857023892137,-39.14668927773067,-39.156069364161844,2807.7348066298346,-19.94782190793313,-5.387861084063629,0.7147638687944105,-74.80102201369479,-74.77033457782859,0.0,11.283213595724567,73.81387814818686,-7.650557672420376
cars,hqq_n2_g32,vit_b16,0.0,4201.0,224.0,2.0,32.0,50.41,0.7102666666666667,22.524312,0.0,415.72,44.93,29.178534918669236,-36.8427646690332,-36.887571988982565,5997.9838709677415,-38.46953508518626,-22.51636363636363,1.3845934243707534,-74.26159782116542,-74.23717991477663,0.0,52.166910688140575,87.59927797833937,34.396586096533305
cars,hqq_n2_g128,beitv2_base_patch16_224_in22k,0.0,4202.0,224.0,2.0,128.0,2.44,0.6113666666666667,22.5158,0.0,321.28666666666663,0.99,2.5461932369716167,-97.01322017300474,-97.01370757180158,223.89380530973452,-41.670907009286346,-27.148871941531603,0.43259226809769624,-74.2606889965823,-74.24440823245523,0.0,-36.09796199795802,69.93600028209238,-13.587706872747495
cars,hqq_n2_g128,swin_base_patch4_window7_224_in22k,0.0,4202.0,224.0,2.0,128.0,21.346666666666664,1.5449333333333335,22.434383999999998,0.0,365.74666666666667,3.54,31.511242967127355,-75.3179680875665,-75.3227235944665,1079.3738489871087,-20.449006213312266,-5.456622401729796,0.08421689088516061,-74.80102201369479,-74.77033457782859,0.0,-8.232204538041433,44.053355039451745,-23.845614619554276
cars,hqq_n2_g128,vit_b16,0.0,4202.0,224.0,2.0,128.0,8.08,0.7024666666666667,22.524312,0.0,341.7733333333333,2.34,10.080853138499737,-89.87680100229693,-89.88313856427379,877.4193548387098,-39.14524978342478,-22.81716964547319,0.2712090212684988,-74.26159782116542,-74.23717991477663,0.0,25.100048804294776,54.239123894337794,10.490640861234736
cars,hqq_n2_g512,beitv2_base_patch16_224_in22k,0.0,4203.0,224.0,2.0,512.0,0.7533333333333333,0.6087333333333333,22.5158,0.0,371.8066666666667,0.71,0.11150485789118487,-99.07785212991676,-99.07830342577488,,-41.922147309502606,-27.289377289377292,,-74.2606889965823,-74.24440823245523,,-26.04982961401275,97.69589337303483,
cars,hqq_n2_g512,swin_base_patch4_window7_224_in22k,0.0,4203.0,224.0,2.0,512.0,1.8099999999999998,1.5436333333333332,22.434383999999998,0.0,480.27,0.78,1.8977091452590937,-97.90719186001697,-97.90686916968622,,-20.515945213003334,-5.385636939421806,,-74.80102201369479,-74.77033457782859,,20.502312510977102,88.70872680122066,
cars,hqq_n2_g512,vit_b16,0.0,4203.0,224.0,2.0,512.0,0.8266666666666667,0.7005666666666667,22.524312,0.0,309.3233333333333,0.73,0.316280466253187,-98.96429317185215,-98.96450939457202,,-39.309846953508526,-23.0259302666276,,-74.26159782116542,-74.23717991477663,,13.22230356271352,39.81979538640026,
cars,hqq_n1.58_g8,beitv2_base_patch16_224_in22k,0.0,4100.0,224.0,1.58,8.0,25.24666666666667,0.6504,22.5158,0.0,262.8966666666667,3.12,38.42848075754926,-69.09580545128121,-69.12100456621005,4462.650602409639,-37.94682610354917,-26.272435291894958,6.733767299381858,-74.2606889965823,-74.24440823245523,0.0,-47.71139133086704,39.5170705819919,6.736950372846513
cars,hqq_n1.58_g8,swin_base_patch4_window7_224_in22k,0.0,4100.0,224.0,1.58,8.0,62.68666666666667,1.5898666666666668,22.434383999999998,0.0,465.9066666666667,51.97,24.593410364025015,-27.51869266939028,-27.499132580284503,12437.333333333334,-18.13531976245236,-4.272955343702957,2.995098145069009,-74.80102201369479,-74.77033457782859,0.0,16.89847533182233,83.37247287564121,14.86567556684173
cars,hqq_n1.58_g8,vit_b16,0.0,4100.0,224.0,1.58,8.0,60.876666666666665,0.7409,22.524312,0.0,386.3333333333333,67.34,27.706303133643313,-23.729379828774274,-23.694326063340856,11994.70198675497,-35.815766676292235,-20.970666666666666,5.757244135699671,-74.26159782116542,-74.23717991477663,0.0,41.41044411908248,74.71132684132773,-10.319800057259153
cars,hqq_n1.58_g32,beitv2_base_patch16_224_in22k,0.0,4101.0,224.0,1.58,32.0,1.8566666666666667,0.6191666666666666,22.5158,0.0,295.79,0.7,2.064323940987299,-97.72727272727272,-97.72755089551629,235.54216867469876,-40.92672687953187,-26.898858717040532,1.6082271210546335,-74.2606889965823,-74.24440823245523,0.0,-41.16909980508373,56.502645502645514,20.09175677687406
cars,hqq_n1.58_g32,swin_base_patch4_window7_224_in22k,0.0,4101.0,224.0,1.58,32.0,6.123333333333334,1.5546666666666666,22.434383999999998,0.0,359.2833333333333,1.27,8.711086805521647,-92.91991058351961,-92.92100192678227,1124.6666666666667,-19.94782190793313,-5.387861084063629,0.7147638687944105,-74.80102201369479,-74.77033457782859,0.0,-9.853889451102738,40.79971783885463,-11.421480404000556
cars,hqq_n1.58_g32,vit_b16,0.0,4101.0,224.0,1.58,32.0,8.75,0.7102666666666667,22.524312,0.0,352.3933333333334,2.35,11.529618380501585,-89.03737732303195,-89.04515482847843,1638.41059602649,-38.46953508518626,-22.51636363636363,1.3845934243707534,-74.26159782116542,-74.23717991477663,0.0,28.987310883357754,59.02226233453673,-18.198348770089055
cars,hqq_n1.58_g128,beitv2_base_patch16_224_in22k,0.0,4102.0,224.0,1.58,128.0,0.6166666666666667,0.6113666666666667,22.5158,0.0,385.21000000000004,0.67,0.1011599393699568,-99.24514444263099,-99.2452676240209,11.445783132530124,-41.670907009286346,-27.148871941531603,0.32820961654176495,-74.2606889965823,-74.24440823245523,0.0,-23.383985043160017,103.74653996015444,56.39658415774589
cars,hqq_n1.58_g128,swin_base_patch4_window7_224_in22k,0.0,4102.0,224.0,1.58,128.0,0.52,1.5462,22.434383999999998,0.0,449.49666666666667,0.5,0.08185352771872449,-99.39875125260156,-99.39886709568033,4.0000000000000036,-20.38378359822869,-5.379107765742616,0.16627437431169934,-74.80102201369479,-74.77033457782859,0.0,12.781118536050917,77.039215428849,10.819917326167186
cars,hqq_n1.58_g128,vit_b16,0.0,4102.0,224.0,1.58,128.0,0.5933333333333334,0.7024666666666667,22.524312,0.0,301.74666666666667,0.6,0.18009256878986799,-99.25662977657132,-99.25709515859766,17.88079470198677,-39.14524978342478,-22.81716964547319,0.2712090212684988,-74.26159782116542,-74.23717991477663,0.0,10.448999511957057,36.175461820807506,-29.955043834196093
cars,hqq_n1.58_g512,beitv2_base_patch16_224_in22k,0.0,4103.0,224.0,1.58,512.0,0.5533333333333333,0.6093666666666667,22.5158,0.0,246.3033333333333,0.56,0.020816659994661323,-99.32267014852293,-99.32300163132138,,-41.86172242717211,-27.213728300684817,,-74.2606889965823,-74.24440823245523,,-51.011708235543715,30.96364828698532,
cars,hqq_n1.58_g512,swin_base_patch4_window7_224_in22k,0.0,4103.0,224.0,1.58,512.0,0.5,1.5436333333333332,22.434383999999998,0.0,405.60999999999996,0.55,0.13228756555322954,-99.42187620442458,-99.42178706344923,,-20.515945213003334,-5.385636939421806,,-74.80102201369479,-74.77033457782859,,1.7697190696429494,59.37315817736505,
cars,hqq_n1.58_g512,vit_b16,0.0,4103.0,224.0,1.58,512.0,0.5033333333333333,0.7005666666666667,22.524312,0.0,430.79,0.51,0.011547005383792535,-99.3693881812487,-99.36951983298539,,-39.309846953508526,-23.0259302666276,,-74.26159782116542,-74.23717991477663,,57.683016105417295,94.72494688785426,
cars,hqq_n1_g8,beitv2_base_patch16_224_in22k,0.0,4000.0,224.0,1.0,8.0,0.59,0.6406666666666667,11.698264,0.0,594.0433333333334,0.6,0.03605551275463985,-99.27778684511179,-99.27837573385519,14.193548387096756,-38.87546113725988,-27.375779331192135,6.8549507977984145,-86.62693507243425,-86.61847627119778,0.0,18.151742975721675,215.25384751459413,52.76403877969123
cars,hqq_n1_g8,swin_base_patch4_window7_224_in22k,0.0,4000.0,224.0,1.0,8.0,0.6766666666666667,1.5781333333333334,11.353338666666668,0.0,683.7266666666668,0.56,0.29297326385411576,-99.2176057966546,-99.21739465669455,21.55688622754493,-18.739487144279284,-4.979427997992975,3.020280268082529,-87.24758695703873,-87.23205700746666,0.0,71.55067869897216,169.10250186951447,84.47522259195972
cars,hqq_n1_g8,vit_b16,0.0,4000.0,224.0,1.0,8.0,1.6766666666666667,0.7317666666666667,11.706776,0.0,502.73,1.07,1.2010134609292826,-97.89935268323241,-97.89838723155344,189.08045977011497,-36.60698816055444,-21.944888888888887,5.935434058775279,-86.62273418581982,-86.61004323390605,0.0,84.01537335285506,127.34933220778439,36.44209631164227
cars,hqq_n1_g32,beitv2_base_patch16_224_in22k,0.0,4001.0,224.0,1.0,32.0,0.5533333333333333,0.6093666666666667,11.698264,0.0,395.3833333333334,0.5,0.10115993936995682,-99.32267014852293,-99.32275304965118,7.096774193548378,-41.86172242717211,-28.055883510428956,1.634513815533446,-86.62693507243425,-86.61847627119778,0.0,-21.360568572072594,109.19753086419756,1.6766816105058282
cars,hqq_n1_g32,swin_base_patch4_window7_224_in22k,0.0,4001.0,224.0,1.0,32.0,0.54,1.543,11.353338666666668,0.0,437.2633333333333,0.55,0.13527749258468683,-99.37562630077853,-99.3757225433526,-2.9940119760478936,-20.548556520545123,-6.097857838364184,0.7267821394377301,-87.24758695703873,-87.23205700746666,0.0,9.711709752690956,71.35933744382903,17.977336091375104
cars,hqq_n1_g32,vit_b16,0.0,4001.0,224.0,1.0,32.0,0.5733333333333334,0.7012,11.706776,0.0,314.7633333333333,0.66,0.1501110699893027,-99.28168719983294,-99.28219681161839,-1.1494252873563102,-39.25498123014727,-23.50545454545454,1.5103990734932307,-86.62273418581982,-86.61004323390605,0.0,15.21351878965349,42.04121540312875,-14.57249608728299
cars,hqq_n1_g128,beitv2_base_patch16_224_in22k,0.0,4002.0,224.0,1.0,128.0,0.49333333333333335,0.6015666666666667,11.698264,0.0,247.28,0.51,0.07637626158259739,-99.39611555410478,-99.39621409921669,-4.516129032258072,-42.6059025569266,-28.316650778519215,0.3335742480680494,-86.62693507243425,-86.61847627119778,0.0,-50.81745495047535,30.792150778398756,-36.40953548376037
cars,hqq_n1_g128,swin_base_patch4_window7_224_in22k,0.0,4002.0,224.0,1.0,128.0,0.5066666666666667,1.5352,11.353338666666668,0.0,423.15333333333336,0.53,0.05859465277082319,-99.41416788715024,-99.41428075989366,-8.9820359281437,-20.95019051869143,-6.052261183526113,0.2175994429454311,-87.24758695703873,-87.23205700746666,0.0,6.171435262237915,66.66360330318109,14.170339059267913
cars,hqq_n1_g128,vit_b16,0.0,4002.0,224.0,1.0,128.0,0.5433333333333333,0.6926666666666667,11.706776,0.0,445.8333333333333,0.55,0.011547005383792535,-99.31927333472541,-99.31969949916527,-6.321839080459763,-39.994224660698826,-23.89393495458541,0.2750567002847097,-86.62273418581982,-86.61004323390605,0.0,63.189360663738405,101.20043323906371,21.000208075124167
cars,hqq_n1_g512,beitv2_base_patch16_224_in22k,0.0,4003.0,224.0,1.0,512.0,0.5166666666666667,0.5995666666666667,11.698264,0.0,388.8633333333334,0.52,0.015275252316519468,-99.36755345193406,-99.3678629690049,,-42.79671797481237,-28.384296862557733,,-86.62693507243425,-86.61847627119778,,-22.65735842051525,106.76521153471228,
cars,hqq_n1_g512,swin_base_patch4_window7_224_in22k,0.0,4003.0,224.0,1.0,512.0,0.5566666666666666,1.5318666666666665,11.353338666666668,0.0,370.6333333333334,0.56,0.045092497528228984,-99.35635550759268,-99.35625626397348,,-21.12182897943772,-6.1068546327510544,,-87.24758695703873,-87.23205700746666,,-7.006113727031695,45.63005068695894,
cars,hqq_n1_g512,vit_b16,0.0,4003.0,224.0,1.0,512.0,0.58,0.6907666666666666,11.706776,0.0,368.45666666666665,0.52,0.1039230484541326,-99.2733347254124,-99.27348643006263,,-40.158821830782564,-24.102695575739823,,-86.62273418581982,-86.61004323390605,,34.86700829673011,66.54914191866682,
cub,fp32,beitv2_base_patch16_224_in22k,0.0,4999.0,224.0,,,88.91333333333334,1.0351333333333332,87.51113066666666,0.0,268.57,89.28,1.788416431744392,,,,,,,,,,,,
cub,fp32,swin_base_patch4_window7_224_in22k,0.0,4999.0,224.0,,,90.78000000000002,1.9420666666666666,89.07536799999998,0.0,273.6566666666667,90.73,0.28827070610799155,,,,,,,,,,,,
cub,fp32,vit_b16,0.0,4999.0,224.0,,,87.48,1.22855,88.344708,0.0,542.78,87.48,1.7677669529663689,,,,,,,,,,,,
cub,hqq_n8_g8,beitv2_base_patch16_224_in22k,0.0,4700.0,224.0,8.0,8.0,88.89999999999999,0.8822000000000001,87.45583466666666,0.0,124.13333333333334,89.28,1.741378764083216,-0.014995876134081458,,0.041261862785545306,-14.774264184968104,,5.375059722885814,-0.0631873906539079,,0.0,-53.77989599235457,,-0.13944009439020524
cub,hqq_n8_g8,swin_base_patch4_window7_224_in22k,0.0,4700.0,224.0,8.0,8.0,90.78666666666668,1.6615,88.96708,0.0,178.86666666666667,90.73,0.29905406423142583,0.007343761474620624,,0.0,-14.446809241014726,,1.8387986515476573,-0.12156896169094415,,0.0,-34.6382937257147,,0.4060400800853382
cub,hqq_n8_g8,vit_b16,0.0,4700.0,224.0,8.0,8.0,87.58666666666666,0.9485666666666667,87.46434666666666,0.0,149.70333333333335,87.81,1.2500533321956018,0.12193263222068464,,-0.038043064749310254,-22.78973858071168,,4.222824494579547,-0.996507151660222,,0.0,-72.4191507916037,,0.21421399085127288
cub,hqq_n8_g32,beitv2_base_patch16_224_in22k,0.0,4701.0,224.0,8.0,32.0,88.95,0.8476666666666667,87.45583466666666,0.0,124.75333333333333,89.28,1.7485136545077415,0.04123865936866807,,0.09752803931130925,-18.110388355767363,,1.2501990762860276,-0.0631873906539079,,0.0,-53.549043700587056,,0.3593263970824889
cub,hqq_n8_g32,swin_base_patch4_window7_224_in22k,0.0,4701.0,224.0,8.0,32.0,90.76333333333332,1.6438666666666668,88.96708,0.0,178.75666666666666,90.71,0.2739221300540295,-0.01835940368659852,,-0.025701277720687407,-15.354776698362558,,0.757993666360212,-0.12156896169094415,,0.0,-34.678490078809226,,0.3442920494732766
cub,hqq_n8_g32,vit_b16,0.0,4701.0,224.0,8.0,32.0,87.57000000000001,0.9166666666666666,87.46434666666666,0.0,149.65,87.87,1.2669254121691553,0.10288065843621788,,-0.05706459712394106,-25.38629549740209,,0.7178435394081395,-0.996507151660222,,0.0,-72.42897674932755,,0.17851165904272107
cub,hqq_n8_g128,beitv2_base_patch16_224_in22k,0.0,4702.0,224.0,8.0,128.0,88.92333333333333,0.8392,87.45583466666666,0.0,123.83333333333333,89.2,1.6920500386611872,0.011246907100537119,,0.06751941183090394,-18.92831841308688,,0.23889154323935627,-0.0631873906539079,,0.0,-53.89159871417756,,-0.3807787192963605
cub,hqq_n8_g128,swin_base_patch4_window7_224_in22k,0.0,4702.0,224.0,8.0,128.0,90.74666666666667,1.6347333333333334,88.96708,0.0,178.68666666666664,90.66,0.32868424564212856,-0.03671880737315008,,-0.044059333235430584,-15.825066080807384,,0.19818163244458606,-0.12156896169094415,,0.0,-34.70406957623301,,0.30499784817468467
cub,hqq_n8_g128,vit_b16,0.0,4702.0,224.0,8.0,128.0,87.54,0.9101333333333333,87.46434666666666,0.0,149.79999999999998,87.73,1.1963695081370076,0.06858710562414526,,-0.09130335539830893,-25.91808771858424,,0.0,-0.996507151660222,,0.0,-72.40134124322931,,0.27892446725424214
cub,hqq_n8_g512,beitv2_base_patch16_224_in22k,0.0,4703.0,224.0,8.0,512.0,88.86333333333333,0.8372,87.45583466666666,0.0,124.30666666666666,89.16,1.7638121593109939,-0.05623453550274953,,,-19.121530237650532,,,-0.0631873906539079,,,-53.71535664196795,,
cub,hqq_n8_g512,swin_base_patch4_window7_224_in22k,0.0,4703.0,224.0,8.0,512.0,90.78666666666668,1.6315,88.96708,0.0,178.14333333333332,90.78,0.3000555504124827,0.007343761474620624,,,-15.991555387731282,,,-0.12156896169094415,,,-34.902615199093766,,
cub,hqq_n8_g512,vit_b16,0.0,4703.0,224.0,8.0,512.0,87.62,0.9101333333333333,87.46434666666666,0.0,149.38333333333335,87.85,1.2213517101965339,0.16003657978966684,,,-25.91808771858424,,,-0.996507151660222,,,-72.47810653794662,,
cub,hqq_n6_g8,beitv2_base_patch16_224_in22k,0.0,4600.0,224.0,6.0,8.0,88.83999999999999,0.8822000000000001,87.45583466666666,0.0,124.33,89.16,1.7323105957073597,-0.0824773187373681,-0.06749156355455825,0.09764891459474825,-14.774264184968104,0.0,5.375059722885814,-0.0631873906539079,0.0,0.0,-53.70666865249284,0.15843179377013292,-0.14189333904475984
cub,hqq_n6_g8,swin_base_patch4_window7_224_in22k,0.0,4600.0,224.0,6.0,8.0,90.74000000000001,1.6621333333333332,88.96708,0.0,178.72333333333333,90.77,0.3061045573002827,-0.044062568847770704,-0.05140255544132786,-0.0734160487482522,-14.414197933472934,0.0381181663155741,1.8776177341914368,-0.12156896169094415,0.0,0.0,-34.690670791868165,-0.08013417815878406,0.09147252090801711
cub,hqq_n6_g8,vit_b16,0.0,4600.0,224.0,6.0,8.0,87.5,0.9485666666666667,87.46434666666666,0.0,149.02333333333334,87.73,1.142497264766968,0.022862368541376337,-0.0989496118130525,0.09914582062232179,-22.78973858071168,0.0,4.222824494579547,-0.996507151660222,0.0,0.0,-72.54443175258238,-0.45423170270090185,-0.6135651246026382
cub,hqq_n6_g32,beitv2_base_patch16_224_in22k,0.0,4601.0,224.0,6.0,32.0,88.8,0.847,87.45583466666666,0.0,124.60333333333334,89.18,1.6923061188803854,-0.12746494713954856,-0.16863406408095075,0.052580184781792445,-18.174792297288587,-0.07864726700747593,1.1705685618729,-0.0631873906539079,0.0,0.0,-53.604895061498546,-0.12023726820925945,0.07763975155280432
cub,hqq_n6_g32,swin_base_patch4_window7_224_in22k,0.0,4601.0,224.0,6.0,32.0,90.80333333333333,1.6438666666666668,88.96708,0.0,178.48333333333335,90.75,0.2542308662089107,0.025703165161172183,0.04407065995813977,-0.003670802437425129,-15.354776698362558,0.0,0.757993666360212,-0.12156896169094415,0.0,0.0,-34.77837192589254,-0.15290805004940353,-0.04293608124250973
cub,hqq_n6_g32,vit_b16,0.0,4601.0,224.0,6.0,32.0,87.54666666666667,0.9166666666666666,87.46434666666666,0.0,149.26666666666665,87.73,1.1658616270095423,0.07620789513793196,-0.026645350386365802,0.15253203172665392,-25.38629549740209,0.0,0.7178435394081395,-0.996507151660222,0.0,0.0,-72.49960082046746,-0.2561532464639854,-0.4512815952693494
cub,hqq_n6_g128,beitv2_base_patch16_224_in22k,0.0,4602.0,224.0,6.0,128.0,88.74333333333334,0.8392,87.45583466666666,0.0,124.82,89.07,1.6543679558469808,-0.19119742070930684,-0.2024215616448543,-0.011267182453230946,-18.92831841308688,0.0,0.23889154323935627,-0.0631873906539079,0.0,0.0,-53.52422087351528,0.7967698519515461,0.2516598843435419
cub,hqq_n6_g128,swin_base_patch4_window7_224_in22k,0.0,4602.0,224.0,6.0,128.0,90.82333333333334,1.6341,88.96708,0.0,178.90666666666667,90.84,0.15567059238447614,0.04773444958506536,0.084484278577727,0.01835401218706305,-15.857677388349172,-0.03874230251620633,0.1593625498008065,-0.12156896169094415,0.0,0.0,-34.62367687004398,0.12312054620752937,0.19414575866190215
cub,hqq_n6_g128,vit_b16,0.0,4602.0,224.0,6.0,128.0,87.52666666666666,0.9101333333333333,87.46434666666666,0.0,150.08,87.83,1.2430741463538446,0.05334552659653937,-0.015231132434715133,0.1296522269676428,-25.91808771858424,0.0,0.0,-0.996507151660222,0.0,0.0,-72.34975496517926,0.18691588785048704,0.09114554387212238
cub,hqq_n6_g512,beitv2_base_patch16_224_in22k,0.0,4603.0,224.0,6.0,512.0,88.75333333333333,0.8372,87.45583466666666,0.0,124.50666666666666,89.2,1.9291794456020253,-0.17995051360876974,-0.1237855883566519,,-19.121530237650532,0.0,,-0.0631873906539079,0.0,,-53.64088816075263,0.1608924166040997,
cub,hqq_n6_g512,swin_base_patch4_window7_224_in22k,0.0,4603.0,224.0,6.0,512.0,90.80666666666667,1.6315,88.96708,0.0,178.55999999999997,90.82,0.29022979401386506,0.02937504589849815,0.02202966661770747,,-15.991555387731282,0.0,,-0.12156896169094415,0.0,,-34.75035628585699,0.23389405534868396,
cub,hqq_n6_g512,vit_b16,0.0,4603.0,224.0,6.0,512.0,87.41333333333334,0.9101333333333333,87.46434666666666,0.0,149.94333333333336,87.56,1.186816469945264,-0.07620789513793196,-0.23586700144563277,,-25.91808771858424,0.0,,-0.996507151660222,0.0,,-72.37493398184652,0.37487448398973705,
cub,hqq_n5_g8,beitv2_base_patch16_224_in22k,0.0,4500.0,224.0,5.0,8.0,88.77,0.8821666666666667,87.45583466666666,0.0,124.29333333333334,89.2,1.5989684174491956,-0.16120566844119188,-0.14623172103486554,0.5892351274787491,-14.777484382044173,-0.0037784327061256722,5.371078197165145,-0.0631873906539079,0.0,0.0,-53.7203212073823,0.12889366272824643,-0.5520736098146515
cub,hqq_n5_g8,swin_base_patch4_window7_224_in22k,0.0,4500.0,224.0,5.0,8.0,90.73333333333333,1.6615,88.96708,0.0,179.01,90.84,0.34268547289509455,-0.05140633032240698,-0.05874577764724078,0.1287474710318117,-14.446809241014726,0.0,1.8387986515476573,-0.12156896169094415,0.0,0.0,-34.585916659561256,0.08013417815876817,-0.583138953682128
cub,hqq_n5_g8,vit_b16,0.0,4500.0,224.0,5.0,8.0,87.52,0.9492333333333333,87.46434666666666,0.0,149.9,87.87,1.145818484752278,0.045724737082752674,-0.07611508601004287,0.3094555873925456,-22.73547406834616,0.07028147731664545,4.296073835335473,-0.996507151660222,0.0,0.0,-72.38291757249715,0.13137093362427354,-13.643783005280847
cub,hqq_n5_g32,beitv2_base_patch16_224_in22k,0.0,4501.0,224.0,5.0,32.0,88.55,0.8476666666666667,87.45583466666666,0.0,124.43,88.78,1.8756065685532226,-0.4086376246532323,-0.4496908375491913,0.33994334277620075,-18.110388355767363,0.0,1.2501990762860276,-0.0631873906539079,0.0,0.0,-53.66943441188516,-0.25917811147329944,-0.44272569675957457
cub,hqq_n5_g32,swin_base_patch4_window7_224_in22k,0.0,4501.0,224.0,5.0,32.0,90.74666666666667,1.6432000000000002,88.96708,0.0,178.34,90.82,0.3262412195497837,-0.03671880737315008,-0.018362774982538667,0.14346146772116472,-15.389104390511811,-0.040554789520637916,0.717131474103602,-0.12156896169094415,0.0,0.0,-34.830748992046004,-0.23309153970946941,-0.9552371431745124
cub,hqq_n5_g32,vit_b16,0.0,4501.0,224.0,5.0,32.0,87.39999999999999,0.9173,87.46434666666666,0.0,149.6,87.57,1.25367459892909,-0.09144947416553784,-0.19413040995776626,0.1719197707736292,-25.33474421065484,0.0690909090909136,0.7874304131262805,-0.996507151660222,0.0,0.0,-72.4381885846936,-0.03341129301704736,-13.81661065770524
cub,hqq_n5_g128,beitv2_base_patch16_224_in22k,0.0,4502.0,224.0,5.0,128.0,88.5,0.8392,87.45583466666666,0.0,124.33333333333333,88.68,1.7071320979935944,-0.46487216015596583,-0.4760655246092124,0.28328611898017,-18.92831841308688,0.0,0.23889154323935627,-0.0631873906539079,0.0,0.0,-53.70542751113925,0.4037685060565276,-0.5200693425790264
cub,hqq_n5_g128,swin_base_patch4_window7_224_in22k,0.0,4502.0,224.0,5.0,128.0,90.72666666666667,1.6341,88.96708,0.0,178.58666666666667,90.84,0.31564748269759957,-0.05875009179702761,-0.022039377020271842,0.12139047268714301,-15.857677388349172,-0.03874230251620633,0.1593625498008065,-0.12156896169094415,0.0,0.0,-34.74061171540982,-0.05596388463976005,-0.8182457699285557
cub,hqq_n5_g128,vit_b16,0.0,4502.0,224.0,5.0,128.0,87.35666666666667,0.9101333333333333,87.46434666666666,0.0,149.87,87.56,1.1782331404833812,-0.14098460600518387,-0.20942807097708147,0.12225405921681276,-25.91808771858424,0.0,0.0,-0.996507151660222,0.0,0.0,-72.38844467371679,0.04672897196263125,-13.661065770523287
cub,hqq_n5_g512,beitv2_base_patch16_224_in22k,0.0,4503.0,224.0,5.0,512.0,88.25,0.8372,87.45583466666666,0.0,124.98333333333335,88.83,2.1592359759878,-0.7460448376696496,-0.6901984320492102,,-19.121530237650532,0.0,,-0.0631873906539079,0.0,,-53.463404947189424,0.5443526761772156,
cub,hqq_n5_g512,swin_base_patch4_window7_224_in22k,0.0,4503.0,224.0,5.0,512.0,90.61666666666667,1.6315,88.96708,0.0,180.06000000000003,90.71,0.37872593432894736,-0.17992215612837748,-0.1872521662505526,,-15.991555387731282,0.0,,-0.12156896169094415,0.0,,-34.202224198204554,1.0759126546039972,
cub,hqq_n5_g512,vit_b16,0.0,4503.0,224.0,5.0,512.0,87.25,0.9101333333333333,87.46434666666666,0.0,173.58333333333334,87.5,1.1947803145348486,-0.26291723822588475,-0.422278018717193,,-25.91808771858424,0.0,,-0.996507151660222,0.0,,-68.01957822076469,16.19993305812785,
cub,hqq_n4_g8,beitv2_base_patch16_224_in22k,0.0,4400.0,224.0,4.0,8.0,88.45333333333333,0.8476666666666667,44.16930666666667,0.0,125.04666666666667,88.99,1.7768605272596218,-0.517357726625187,-0.5024371953505719,3.8794284595811415,-18.110388355767363,-3.914456283533599,3.5845213849287156,-49.527212904025546,-49.49530030212887,0.0,-53.43982326147125,0.7357679914070839,0.48751741133612114
cub,hqq_n4_g8,swin_base_patch4_window7_224_in22k,0.0,4400.0,224.0,4.0,8.0,90.70333333333333,1.6139333333333334,44.62105333333333,0.0,179.93999999999997,90.78,0.3513308032799577,-0.0844532569582311,-0.09179027757380981,0.4503673077632983,-16.896090075864194,-2.8628749122278987,1.973420947326306,-49.906405850230854,-49.845433464452995,0.0,-34.246074765216775,0.6000745434215217,0.040770941438081014
cub,hqq_n4_g8,vit_b16,0.0,4400.0,224.0,4.0,8.0,87.28333333333335,0.9420666666666667,44.17781866666667,0.0,150.46,87.5,1.239287429668089,-0.2248132906569025,-0.3463236413456918,0.8822622900292992,-23.318817576275553,-0.6852444038373634,2.8419635384447455,-49.993814381426596,-49.49048343660334,0.0,-72.27974501639706,0.5054441005544258,0.3088957532389641
cub,hqq_n4_g32,beitv2_base_patch16_224_in22k,0.0,4401.0,224.0,4.0,32.0,87.93666666666667,0.8287999999999999,44.16930666666667,0.0,125.08,87.85,1.8215469616052578,-1.0984479268201321,-1.1392167884579374,3.272656097083589,-19.933019900817936,-2.22571765631146,1.279022403258637,-49.527212904025546,-49.49530030212887,0.0,-53.42741184793536,0.26185005076684764,0.5143040822886537
cub,hqq_n4_g32,swin_base_patch4_window7_224_in22k,0.0,4401.0,224.0,4.0,32.0,90.51333333333334,1.5931333333333333,44.62105333333333,0.0,179.61666666666667,90.54,0.2510644007686743,-0.2937504589851067,-0.27544162473831485,0.23994979511979242,-17.96711407092101,-3.086219482520897,0.6592110528421871,-49.906405850230854,-49.845433464452995,0.0,-34.3642276818885,0.48110093796036346,-0.13899184581171237
cub,hqq_n4_g32,vit_b16,0.0,4401.0,224.0,4.0,32.0,86.90666666666668,0.9257666666666666,44.17781866666667,0.0,149.85333333333332,87.11,1.2079045216130844,-0.6553878981862408,-0.7574892466978723,0.4469101556480403,-24.645584903612665,0.9927272727272725,1.0625523088679372,-49.993814381426596,-49.49048343660334,0.0,-72.39151528550548,0.13587259160261872,-0.09555767905954249
cub,hqq_n4_g128,beitv2_base_patch16_224_in22k,0.0,4402.0,224.0,4.0,128.0,86.37666666666667,0.8203333333333335,44.16930666666667,0.0,124.54666666666667,86.85,1.0163332786705956,-2.852965434505521,-2.8638902425310193,1.4405950283812963,-20.750949958137415,-2.2481728630441467,0.24439918533606267,-49.527212904025546,-49.49530030212887,0.0,-53.62599446450956,0.57604306864065,0.08571734704811085
cub,hqq_n4_g128,swin_base_patch4_window7_224_in22k,0.0,4402.0,224.0,4.0,128.0,90.22666666666667,1.584666666666667,44.62105333333333,0.0,179.57666666666668,90.44,0.41356176483486307,-0.6095322023940754,-0.5730238025271774,-0.07752224150023239,-18.40307576121656,-3.0626809673341104,0.12426023040796703,-49.906405850230854,-49.845433464452995,0.0,-34.37884453755923,0.4980785732940585,-0.16123054114158192
cub,hqq_n4_g128,vit_b16,0.0,4402.0,224.0,4.0,128.0,86.87,0.9167,44.17781866666667,0.0,150.09,87.12,1.3327040181525656,-0.6973022405121164,-0.765364404843502,0.40453074433657943,-25.383582271783816,0.7215060064459357,0.07277755540190603,-49.993814381426596,-49.49048343660334,0.0,-72.34791259810603,0.19359145527371194,0.06222360496899956
cub,hqq_n4_g512,beitv2_base_patch16_224_in22k,0.0,4403.0,224.0,4.0,512.0,85.14999999999999,0.8183333333333334,44.16930666666667,0.0,124.44,84.31,2.7383936897385617,-4.2325860388393375,-4.178701376645791,,-20.944161782701094,-2.2535435578913874,,-49.527212904025546,-49.49530030212887,,-53.665710987824404,0.1072616110694036,
cub,hqq_n4_g512,swin_base_patch4_window7_224_in22k,0.0,4403.0,224.0,4.0,512.0,90.29666666666667,1.5827,44.62105333333333,0.0,179.86666666666667,90.44,0.44275651698573554,-0.5324227069104962,-0.5397268321339503,,-18.50434245305688,-2.9911124731841836,,-49.906405850230854,-49.845433464452995,,-34.27287233394643,0.9673858129221925,
cub,hqq_n4_g512,vit_b16,0.0,4403.0,224.0,4.0,512.0,86.52,0.9160333333333334,44.17781866666667,0.0,149.99666666666667,86.54,1.510099334481008,-1.0973936899862917,-1.2554211367267845,,-25.437846784149333,0.6482566656900106,,-49.993814381426596,-49.49048343660334,,-72.36510802412272,0.4105768157982698,
cub,hqq_n3_g8,beitv2_base_patch16_224_in22k,0.0,4300.0,224.0,3.0,8.0,87.29,0.6797,9.540314666666667,0.0,177.14,87.61,1.4664242223858674,-1.825747919322188,-1.8110236220472276,91.50943396226414,-34.336961422039025,-22.953978689639552,9.089450032099311,-89.09817003392848,-89.09127709657213,-0.10052445843843083,-34.043266187586106,42.70139634801287,37.948757884899926
cub,hqq_n3_g8,swin_base_patch4_window7_224_in22k,0.0,4300.0,224.0,3.0,8.0,90.50666666666666,1.6289333333333333,9.14468,0.0,270.6466666666667,90.47,0.20744477176669088,-0.301094220459743,-0.3084153326479828,4.732883317261318,-16.123717002505916,-1.9600762363326292,2.1659140324468957,-89.73377241618581,-89.72127667896935,-0.23529801942956405,-1.0999183892225017,51.31196421915768,44.31410188048775
cub,hqq_n3_g8,vit_b16,0.0,4300.0,224.0,3.0,8.0,87.07666666666667,0.7565,9.548826666666667,0.0,273.78666666666663,87.19,1.0247113414680933,-0.46105776558451755,-0.5822804079768507,6.973791973791987,-38.42334459321965,-20.24809361492779,5.730258560447245,-89.19139936863375,-89.08260676426478,-0.2286976549017089,-49.55844602478599,82.88615261294557,74.76116513117299
cub,hqq_n3_g32,beitv2_base_patch16_224_in22k,0.0,4301.0,224.0,3.0,32.0,81.28,0.6328,9.540698666666666,0.0,271.08666666666664,80.43,5.791968577262834,-8.58513908675115,-8.622821810005624,78.32382623957875,-38.867778708056925,-25.348014156508057,1.5621656323561124,-89.0977312326045,-89.09083801780574,-0.09650348010090773,0.9370617219595083,117.2981349863731,111.11024582716817
cub,hqq_n3_g32,swin_base_patch4_window7_224_in22k,0.0,4301.0,224.0,3.0,32.0,89.42666666666666,1.6060999999999999,9.145608000000001,0.0,313.04,89.68,0.7240395937608202,-1.4907835793493642,-1.4726945536009317,3.4831243972998926,-17.299440458617973,-2.297428826344408,0.7338183642749512,-89.7327306017978,-89.72023359651683,-0.22517392067070638,14.391512479140525,75.12074141756952,66.91905726778289
cub,hqq_n3_g32,vit_b16,0.0,4301.0,224.0,3.0,32.0,86.03666666666668,0.7239666666666666,9.549978666666666,0.0,215.86333333333334,86.12,1.6665633301298022,-1.6499009297363145,-1.750980168246353,5.696150696150719,-41.071452796657304,-21.021818181818183,1.18332168646635,-89.19009538560401,-89.08128965615856,-0.21666093622267843,-60.230050235208864,44.24546163269852,37.78803804336264
cub,hqq_n3_g128,beitv2_base_patch16_224_in22k,0.0,4302.0,224.0,3.0,128.0,50.879999999999995,0.6243333333333333,9.543770666666667,0.0,129.25666666666666,63.69,23.905076866640695,-42.77573667241509,-42.7821719083855,11.627906976744162,-39.68570876537644,-25.603749602796313,0.20329552749840832,-89.09422082201262,-89.08732538767453,-0.06433565340059276,-51.87226173188865,4.379542395693136,0.6593463645095118
cub,hqq_n3_g128,swin_base_patch4_window7_224_in22k,0.0,4302.0,224.0,3.0,128.0,87.95333333333333,1.5963666666666665,9.1514,0.0,187.71333333333334,88.28,0.9338807918215974,-3.1137548652419937,-3.0781663238319164,1.7782063645130126,-17.800624763997124,-2.346967905060981,0.12334838601771513,-89.72622824303123,-89.71372332327869,-0.16198558014141268,-31.40553247987138,5.051673320150749,0.09242472716932186
cub,hqq_n3_g128,vit_b16,0.0,4302.0,224.0,3.0,128.0,84.49,0.7154999999999999,9.552282666666667,0.0,155.72333333333333,84.41,1.561537703675455,-3.417924096936453,-3.4841215444368414,3.7960687960688007,-41.76061210369949,-21.38514503369471,0.0,-89.18748741954451,-89.07865543994612,-0.19258749886459892,-71.31004581352789,3.954161103693823,-0.6000127662290673
cub,hqq_n3_g512,beitv2_base_patch16_224_in22k,0.0,4303.0,224.0,3.0,512.0,45.580000000000005,0.6230666666666665,9.549914666666666,0.0,128.41,49.65,8.482033954188111,-48.736597435705185,-48.70775347912524,,-39.808076254266766,-25.577321229495162,,-89.08720000082884,-89.08030012741212,,-52.18751163570019,3.3009760806607362,
cub,hqq_n3_g512,swin_base_patch4_window7_224_in22k,0.0,4303.0,224.0,3.0,512.0,86.41666666666667,1.5944,9.166248000000001,0.0,187.54,86.64,0.7406978691297292,-4.806491885143582,-4.8134821559700445,,-17.901891455837422,-2.2739809990805955,,-89.70955921282301,-89.69703400403836,,-31.46887218777788,5.274778736223645,
cub,hqq_n3_g512,vit_b16,0.0,4303.0,224.0,3.0,512.0,81.39999999999999,0.7154999999999999,9.570714666666667,0.0,156.66333333333333,80.48,1.7161585008384292,-6.9501600365798035,-7.098835882218687,,-41.76061210369949,-21.38514503369471,,-89.16662369106854,-89.0575817102466,,-71.13686330864562,4.8733682918665435,
cub,hqq_n2_g8,beitv2_base_patch16_224_in22k,0.0,4200.0,224.0,2.0,8.0,70.44666666666667,0.6517000000000001,22.52604266666667,0.0,213.22333333333336,69.5,2.115332913121088,-20.76928844567744,-20.757405324334442,12708.484848484852,-37.04192696593031,-26.127862162774882,6.042197754515379,-74.25922566071137,-74.24295045319332,0.0,-20.60791103498776,71.76960257787327,-17.929999230196806
cub,hqq_n2_g8,swin_base_patch4_window7_224_in22k,0.0,4200.0,224.0,2.0,8.0,88.27,1.5846333333333333,22.448040000000002,0.0,258.7933333333333,88.49,0.9493155429044685,-2.7649261951972006,-2.7720663827287555,11882.35294117647,-18.404792145824032,-4.626341659143343,2.656071174069845,-74.7988242945008,-74.76815019667949,0.0,-5.431379952982471,44.68505404398059,-23.502576583145316
cub,hqq_n2_g8,vit_b16,0.0,4200.0,224.0,2.0,8.0,83.72333333333333,0.7415666666666668,22.53455466666667,0.0,218.26666666666665,83.71,1.7700376643826947,-4.294314891022719,-4.410869234282231,10633.760683760684,-39.63886967020742,-21.822398706820803,5.852405195793902,-74.49246799630978,-74.23572515490501,0.0,-59.787268015279366,45.799470063013494,4.825024813498522
cub,hqq_n2_g32,beitv2_base_patch16_224_in22k,0.0,4201.0,224.0,2.0,32.0,9.923333333333334,0.6250333333333334,22.52604266666667,0.0,258.44666666666666,12.25,5.923253610418292,-88.83931918722351,-88.84391980513396,1704.2424242424242,-39.61808462677914,-26.264254817145094,1.7030970331398927,-74.25922566071137,-74.24295045319332,0.0,-3.7693462908490654,107.16614118527227,-0.5234661671499372
cub,hqq_n2_g32,swin_base_patch4_window7_224_in22k,0.0,4201.0,224.0,2.0,32.0,74.36,1.5553333333333335,22.448040000000002,0.0,347.25333333333333,75.27,6.413602731694561,-18.087684512007066,-18.07264313783098,9994.117647058823,-19.913494215783864,-5.38567604834131,0.7579520179662873,-74.7988242945008,-74.76815019667949,0.0,26.893796362839065,94.2603539261939,2.6455547782561966
cub,hqq_n2_g32,vit_b16,0.0,4201.0,224.0,2.0,32.0,70.42333333333333,0.7102666666666667,22.53455466666667,0.0,258.84,68.66,5.491596610579961,-19.497789971041005,-19.580526055346205,8928.632478632479,-42.18658852576886,-22.51636363636363,1.3845934243707534,-74.49246799630978,-74.23572515490501,0.0,-52.312170676885664,72.9635816906114,24.310825088848304
cub,hqq_n2_g128,beitv2_base_patch16_224_in22k,0.0,4202.0,224.0,2.0,128.0,1.36,0.6172,22.52604266666667,0.0,169.85,1.26,0.264575131106459,-98.47042063432556,-98.47059264534994,147.2727272727273,-40.374830939653506,-26.453765490943752,0.428486196235819,-74.25922566071137,-74.24295045319332,0.0,-36.757642327884724,37.16016150740243,-34.62446434528239
cub,hqq_n2_g128,swin_base_patch4_window7_224_in22k,0.0,4202.0,224.0,2.0,128.0,22.213333333333335,1.5462,22.448040000000002,0.0,295.9266666666667,23.44,12.066852668916335,-75.53058676654182,-75.52159858947986,2915.3846153846152,-20.38378359822869,-5.415766078055546,0.16627437431169934,-74.7988242945008,-74.76815019667949,0.0,8.137934394679457,65.61205835167708,-12.526233853248069
cub,hqq_n2_g128,vit_b16,0.0,4202.0,224.0,2.0,128.0,13.176666666666668,0.7024666666666667,22.53455466666667,0.0,305.33,6.35,13.458106602837315,-84.9375095259869,-84.94783337141116,1589.3162393162395,-42.82148332044551,-22.81716964547319,0.2712090212684988,-74.49246799630978,-74.23572515490501,0.0,-43.74700615350603,103.82510013351136,46.638171165113796
cub,hqq_n2_g512,beitv2_base_patch16_224_in22k,0.0,4203.0,224.0,2.0,512.0,0.5499999999999999,0.6145666666666667,22.52604266666667,0.0,259.8066666666667,0.54,0.03605551275463985,-99.3814201094699,-99.38107205821674,,-40.62922650866232,-26.592610288262463,,-74.25922566071137,-74.24295045319332,,-3.262960618584846,109.004612249276,
cub,hqq_n2_g512,swin_base_patch4_window7_224_in22k,0.0,4203.0,224.0,2.0,512.0,0.7366666666666667,1.5436333333333332,22.448040000000002,0.0,338.30333333333334,0.57,0.43466462167208103,-99.18851435705369,-99.18857394624763,,-20.515945213003334,-5.385636939421806,,-74.7988242945008,-74.76815019667949,,23.623274906513014,89.90513257115059,
cub,hqq_n2_g512,vit_b16,0.0,4203.0,224.0,2.0,512.0,0.7799999999999999,0.7005666666666667,22.53455466666667,0.0,208.22000000000003,0.81,0.09848857801796107,-99.10836762688614,-99.10979228486646,,-42.97613718068726,-23.0259302666276,,-74.49246799630978,-74.23572515490501,,-61.638232801503364,39.38636617204061,
cub,hqq_n1.58_g8,beitv2_base_patch16_224_in22k,0.0,4100.0,224.0,1.58,8.0,16.223333333333333,0.6523333333333333,22.52604266666667,0.0,271.9633333333333,16.69,2.473243484441702,-81.75376771387869,-81.75103112110986,2603.8888888888887,-36.980743221485156,-26.056071941358734,6.030232432139572,-74.25922566071137,-74.24295045319332,0.0,1.2634818979533518,119.08968850698172,43.93656058146917
cub,hqq_n1.58_g8,swin_base_patch4_window7_224_in22k,0.0,4100.0,224.0,1.58,8.0,79.52666666666666,1.5885333333333334,22.448040000000002,0.0,338.4533333333333,79.6,5.170390056207882,-12.396269369170914,-12.402702305771792,13690.751445086704,-18.20397514675088,-4.39161400341057,2.9087218467252693,-74.7988242945008,-74.76815019667949,0.0,23.67808811527825,89.22102124487512,14.0892389631111
cub,hqq_n1.58_g8,vit_b16,0.0,4100.0,224.0,1.58,8.0,77.77666666666666,0.7409,22.53455466666667,0.0,233.02666666666664,76.11,4.280681409931522,-11.092059137326643,-11.200334906378448,12444.623655913976,-39.693134182572955,-21.89268018413747,5.757244135699671,-74.49246799630978,-74.23572515490501,0.0,-57.06793421521304,55.65896996281532,-24.036988340631762
cub,hqq_n1.58_g32,beitv2_base_patch16_224_in22k,0.0,4101.0,224.0,1.58,32.0,0.7466666666666667,0.6256666666666667,22.52604266666667,0.0,169.66333333333333,0.76,0.14047538337136986,-99.16023093649247,-99.16057710324152,24.444444444444454,-39.556900882333984,-26.189539913488,1.6958335590832865,-74.25922566071137,-74.24295045319332,0.0,-36.82714624368569,35.999038101854325,-10.205701785336263
cub,hqq_n1.58_g32,swin_base_patch4_window7_224_in22k,0.0,4101.0,224.0,1.58,32.0,6.136666666666667,1.5546666666666666,22.448040000000002,0.0,305.13666666666666,7.65,3.411763962136498,-93.24006756260556,-93.2388262514231,964.1618497109827,-19.94782190793313,-5.426230837861961,0.7147638687944105,-74.7988242945008,-74.76815019667949,0.0,11.503465412865255,70.6994610923602,2.858523321010807
cub,hqq_n1.58_g32,vit_b16,0.0,4101.0,224.0,1.58,32.0,12.56,0.7109333333333333,22.53455466666667,0.0,312.09999999999997,6.3,14.622144165614015,-85.64243255601279,-85.65718853488637,1925.8064516129036,-42.132324013403334,-22.44363636363636,1.4797544844649524,-74.49246799630978,-74.23572515490501,0.0,-42.49972364493902,108.55329101236215,1.7396690173749507
cub,hqq_n1.58_g128,beitv2_base_patch16_224_in22k,0.0,4102.0,224.0,1.58,128.0,0.6533333333333333,0.6172,22.52604266666667,0.0,270.62333333333333,0.66,0.011547005383792535,-99.2652020694309,-99.26528470217791,8.888888888888891,-40.374830939653506,-26.453765490943752,0.3196619168879025,-74.25922566071137,-74.24295045319332,0.0,0.7645430738106794,118.53835800807539,43.22736574694798
cub,hqq_n1.58_g128,swin_base_patch4_window7_224_in22k,0.0,4102.0,224.0,1.58,128.0,0.44333333333333336,1.5462,22.448040000000002,0.0,316.93666666666667,0.4,0.09291573243177571,-99.51163986193728,-99.51146047605054,-23.121387283236988,-20.38378359822869,-5.415766078055546,0.16627437431169934,-74.7988242945008,-74.76815019667949,0.0,15.815437835730892,77.37007051449469,6.836185489398509
cub,hqq_n1.58_g128,vit_b16,0.0,4102.0,224.0,1.58,128.0,0.7200000000000001,0.7024666666666667,22.53455466666667,0.0,209.10333333333332,0.74,0.07211102550927978,-99.17695473251028,-99.17751884852638,16.12903225806453,-42.82148332044551,-22.81716964547319,0.2712090212684988,-74.49246799630978,-74.23572515490501,0.0,-61.47549037670265,39.588340008900765,-31.8356170337611
cub,hqq_n1.58_g512,beitv2_base_patch16_224_in22k,0.0,4103.0,224.0,1.58,512.0,0.6,0.6152333333333333,22.52604266666667,0.0,188.9466666666667,0.54,0.14,-99.32518557396716,-99.32480588169099,,-40.56482256714111,-26.51297977384935,,-74.25922566071137,-74.24295045319332,,-29.647143513174704,52.0004290464443,
cub,hqq_n1.58_g512,swin_base_patch4_window7_224_in22k,0.0,4103.0,224.0,1.58,512.0,0.5766666666666667,1.5436333333333332,22.448040000000002,0.0,296.6566666666667,0.57,0.04041451884327382,-99.36476463244473,-99.3648112791893,,-20.515945213003334,-5.385636939421806,,-74.7988242945008,-74.76815019667949,,8.404692010670304,66.5269539509384,
cub,hqq_n1.58_g512,vit_b16,0.0,4103.0,224.0,1.58,512.0,0.62,0.7005666666666667,22.53455466666667,0.0,306.7633333333333,0.6,0.15099668870541502,-99.2912665752172,-99.29239899566309,,-42.97613718068726,-23.0259302666276,,-74.49246799630978,-74.23572515490501,,-43.48293353967844,105.35311837554386,
cub,hqq_n1_g8,beitv2_base_patch16_224_in22k,0.0,4000.0,224.0,1.0,8.0,0.42,0.64,11.704410666666666,0.0,184.70333333333335,0.41,0.045825756949558386,-99.527629901777,-99.5275590551181,-13.6986301369863,-38.172216139627736,-27.45409204262073,6.743759381775725,-86.6252320390543,-86.61677552872554,0.0,-31.2271164562932,48.79430719656284,-2.3543094789151775
cub,hqq_n1_g8,swin_base_patch4_window7_224_in22k,0.0,4000.0,224.0,1.0,8.0,0.5333333333333333,1.5788,11.361533333333334,0.0,366.08,0.54,0.011547005383792535,-99.41249908202981,-99.41254222352768,2.564102564102559,-18.70515945213003,-4.977430033102618,3.108672936259149,-87.24503351663579,-87.22950856279274,0.0,33.77346309852977,104.66641818859485,40.15850530265323
cub,hqq_n1_g8,vit_b16,0.0,4000.0,224.0,1.0,8.0,0.85,0.7317666666666667,11.712922666666666,0.0,556.94,0.83,0.12124355652982141,-99.02834933699133,-99.0295326533719,68.87417218543048,-40.43655800198066,-22.855536423375618,5.935434058775279,-86.74179480375138,-86.60834601405585,0.0,2.6087917756734003,272.02912426799674,152.82128103863087
cub,hqq_n1_g32,beitv2_base_patch16_224_in22k,0.0,4001.0,224.0,1.0,32.0,0.5,0.6093666666666667,11.704410666666666,0.0,271.55,0.48,0.043588989435406775,-99.43765464497262,-99.43788645306351,2.739726027397267,-41.13157725252785,-28.112465591820676,1.634513815533446,-86.6252320390543,-86.61677552872554,0.0,1.1095803701083584,117.66953454817508,43.55824977531852
cub,hqq_n1_g32,swin_base_patch4_window7_224_in22k,0.0,4001.0,224.0,1.0,32.0,0.41333333333333333,1.543,11.361533333333334,0.0,304.79,0.41,0.05507570547286102,-99.54468678857313,-99.54460318043265,-20.512820512820515,-20.548556520545123,-6.135939654473205,0.7706374085684452,-87.24503351663579,-87.22950856279274,0.0,11.376785997052263,70.50552893132192,16.692828975075624
cub,hqq_n1_g32,vit_b16,0.0,4001.0,224.0,1.0,32.0,0.5866666666666667,0.7012,11.712922666666666,0.0,206.53666666666666,0.62,0.07571877794400363,-99.32937052278616,-99.33005976171444,16.556291390728486,-42.92458589394001,-23.50545454545454,1.5103990734932307,-86.74179480375138,-86.60834601405585,0.0,-61.94836459216135,38.01314177525337,-6.24328536625965
cub,hqq_n1_g128,beitv2_base_patch16_224_in22k,0.0,4002.0,224.0,1.0,128.0,0.5133333333333333,0.6015666666666667,11.704410666666666,0.0,176.84666666666666,0.43,0.21733231083604054,-99.42265876883856,-99.42272369456836,5.479452054794521,-41.885103368326135,-28.316650778519215,0.3335742480680494,-86.6252320390543,-86.61677552872554,0.0,-34.152486626701915,42.81022880215344,-6.507833013198937
cub,hqq_n1_g128,swin_base_patch4_window7_224_in22k,0.0,4002.0,224.0,1.0,128.0,0.5066666666666667,1.5352,11.361533333333334,0.0,321.8566666666667,0.5,0.011547005383792535,-99.44187412792833,-99.44166911548633,-2.564102564102559,-20.95019051869143,-6.088658700705526,0.2612330198537098,-87.24503351663579,-87.22950856279274,0.0,17.61331108323081,80.1234936387718,23.227025026481368
cub,hqq_n1_g128,vit_b16,0.0,4002.0,224.0,1.0,128.0,0.4533333333333333,0.6926666666666667,11.712922666666666,0.0,309.7566666666667,0.43,0.05859465277082315,-99.48178631306205,-99.48214149722033,-9.933774834437084,-43.619171652218746,-23.89393495458541,0.2750567002847097,-86.74179480375138,-86.60834601405585,0.0,-42.93145166242921,106.78015131286165,40.61313117557158
cub,hqq_n1_g512,beitv2_base_patch16_224_in22k,0.0,4003.0,224.0,1.0,512.0,0.48666666666666664,0.5995666666666667,11.704410666666666,0.0,189.15666666666667,0.5,0.12055427546683417,-99.4526505211067,-99.45234254848269,,-42.078315192889804,-28.384296862557733,,-86.6252320390543,-86.61677552872554,,-29.568951607898622,52.16936608387859,
cub,hqq_n1_g512,swin_base_patch4_window7_224_in22k,0.0,4003.0,224.0,1.0,512.0,0.52,1.5312,11.361533333333334,0.0,261.19,0.52,0.0,-99.42718660497907,-99.42722866793949,,-21.156156671586974,-6.147716825007665,,-87.24503351663579,-87.22950856279274,,-4.555586684044495,46.61789195965797,
cub,hqq_n1_g512,vit_b16,0.0,4003.0,224.0,1.0,512.0,0.5033333333333333,0.6907666666666666,11.712922666666666,0.0,220.29000000000005,0.52,0.028867513459481298,-99.42463039170859,-99.42554972228564,,-43.77382551246049,-24.102695575739823,,-86.74179480375138,-86.60834601405585,,-59.41449574413205,47.46625013946225,
