host,serial,dataset_name,model_name,seed,image_size,batch_size,ckpt_path,ckpt_path_teacher,quant_cfg_path,hqq,hqq_nbits,hqq_group_size,hqq_exclude,hqq_offload_meta,hqq_compute_dtype,hqq_quant_zero,hqq_quant_scale,hqq_verbose,debugging,test_only,hqq_top1,hqq_loss,hqq_vram_gb,hqq_params_m,top1,loss,vram_gb,params_m,time_total_s
server-3090,4000,aircraft,beitv2_base_patch16_224_in22k,0,224,64,/hdd/edwin/results_backbones/cal_ckpts/aircraft_beitv2_base_patch16_224_in22k_cal.pth,,,True,1.0,8,head,False,float16,True,True,True,False,False,1.32,0.0,0.834,11.720704,,,,,229.65
server-3090,4000,aircraft,beitv2_base_patch16_224_in22k,0,224,64,/hdd/edwin/results_backbones/ft_ckpts/aircraft_beitv2_base_patch16_224_in22k.pth,,,True,1.0,8,head,False,float16,True,True,True,False,False,0.81,0.0,0.5352,11.465764,,,,,73.39
server-3090,4000,aircraft,beitv2_base_patch16_224_in22k,0,224,64,/hdd/edwin/results_backbones/fz_ckpts/aircraft_beitv2_base_patch16_224_in22k_fz.pth,,,True,1.0,8,head,False,float16,True,True,True,False,False,0.69,0.0,0.5352,11.465764,,,,,73.74
server-3090,4000,aircraft,swin_base_patch4_window7_224_in22k,0,224,64,/hdd/edwin/results_backbones/cal_ckpts/aircraft_swin_base_patch4_window7_224_in22k_cal.pth,,,True,1.0,8,head,False,float16,True,True,True,False,False,1.08,0.0,1.7988,11.383288,,,,,376.8
server-3090,4000,aircraft,swin_base_patch4_window7_224_in22k,0,224,64,/hdd/edwin/results_backbones/ft_ckpts/aircraft_swin_base_patch4_window7_224_in22k.pth,,,True,1.0,8,head,False,float16,True,True,True,False,False,1.29,0.0,1.4473,11.043356,,,,,77.86
server-3090,4000,aircraft,swin_base_patch4_window7_224_in22k,0,224,64,/hdd/edwin/results_backbones/fz_ckpts/aircraft_swin_base_patch4_window7_224_in22k_fz.pth,,,True,1.0,8,head,False,float16,True,True,True,False,False,1.08,0.0,1.4473,11.043356,,,,,78.06
server-3090,4000,aircraft,vit_b16,0,224,64,/hdd/edwin/results_backbones/cal_ckpts/aircraft_vit_b16_cal.pth,,,True,1.0,8,head,False,float16,True,True,True,False,False,6.09,0.0,1.0137,11.728192,,,,,438.24
server-3090,4000,aircraft,vit_b16,0,224,64,/hdd/edwin/results_backbones/ft_ckpts/aircraft_vit_b16.pth,,,True,1.0,8,head,False,float16,True,True,True,False,False,1.62,0.0,0.5957,11.474788,,,,,75.33
server-3090,4000,aircraft,vit_b16,0,224,64,/hdd/edwin/results_backbones/fz_ckpts/aircraft_vit_b16_fz.pth,,,True,1.0,8,head,False,float16,True,True,True,False,False,1.62,0.0,0.5957,11.474788,,,,,75.96
server-3090,4001,aircraft,beitv2_base_patch16_224_in22k,0,224,64,/hdd/edwin/results_backbones/cal_ckpts/aircraft_beitv2_base_patch16_224_in22k_cal.pth,,,True,1.0,32,head,False,float16,True,True,True,False,False,0.87,0.0,0.8008,11.720704,,,,,372.8
server-3090,4001,aircraft,beitv2_base_patch16_224_in22k,0,224,64,/hdd/edwin/results_backbones/ft_ckpts/aircraft_beitv2_base_patch16_224_in22k.pth,,,True,1.0,32,head,False,float16,True,True,True,False,False,0.99,0.0,0.5039,11.465764,,,,,76.97
server-3090,4001,aircraft,beitv2_base_patch16_224_in22k,0,224,64,/hdd/edwin/results_backbones/fz_ckpts/aircraft_beitv2_base_patch16_224_in22k_fz.pth,,,True,1.0,32,head,False,float16,True,True,True,False,False,0.96,0.0,0.5039,11.465764,,,,,73.21
server-3090,4001,aircraft,swin_base_patch4_window7_224_in22k,0,224,64,/hdd/edwin/results_backbones/cal_ckpts/aircraft_swin_base_patch4_window7_224_in22k_cal.pth,,,True,1.0,32,head,False,float16,True,True,True,False,False,1.14,0.0,1.7676,11.383288,,,,,563.06
server-3090,4001,aircraft,swin_base_patch4_window7_224_in22k,0,224,64,/hdd/edwin/results_backbones/ft_ckpts/aircraft_swin_base_patch4_window7_224_in22k.pth,,,True,1.0,32,head,False,float16,True,True,True,False,False,1.08,0.0,1.418,11.043356,,,,,79.88
server-3090,4001,aircraft,swin_base_patch4_window7_224_in22k,0,224,64,/hdd/edwin/results_backbones/fz_ckpts/aircraft_swin_base_patch4_window7_224_in22k_fz.pth,,,True,1.0,32,head,False,float16,True,True,True,False,False,0.96,0.0,1.418,11.043356,,,,,78.54
server-3090,4001,aircraft,vit_b16,0,224,64,/hdd/edwin/results_backbones/cal_ckpts/aircraft_vit_b16_cal.pth,,,True,1.0,32,head,False,float16,True,True,True,False,False,1.59,0.0,0.9805,11.728192,,,,,445.98
server-3090,4001,aircraft,vit_b16,0,224,64,/hdd/edwin/results_backbones/ft_ckpts/aircraft_vit_b16.pth,,,True,1.0,32,head,False,float16,True,True,True,False,False,1.02,0.0,0.5625,11.474788,,,,,79.05
server-3090,4001,aircraft,vit_b16,0,224,64,/hdd/edwin/results_backbones/fz_ckpts/aircraft_vit_b16_fz.pth,,,True,1.0,32,head,False,float16,True,True,True,False,False,0.69,0.0,0.5645,11.474788,,,,,75.7
server-3090,4002,aircraft,beitv2_base_patch16_224_in22k,0,224,64,/hdd/edwin/results_backbones/cal_ckpts/aircraft_beitv2_base_patch16_224_in22k_cal.pth,,,True,1.0,128,head,False,float16,True,True,True,False,False,1.02,0.0,0.793,11.720704,,,,,240.28
server-3090,4002,aircraft,beitv2_base_patch16_224_in22k,0,224,64,/hdd/edwin/results_backbones/ft_ckpts/aircraft_beitv2_base_patch16_224_in22k.pth,,,True,1.0,128,head,False,float16,True,True,True,False,False,0.99,0.0,0.4961,11.465764,,,,,74.54
server-3090,4002,aircraft,beitv2_base_patch16_224_in22k,0,224,64,/hdd/edwin/results_backbones/fz_ckpts/aircraft_beitv2_base_patch16_224_in22k_fz.pth,,,True,1.0,128,head,False,float16,True,True,True,False,False,1.11,0.0,0.4961,11.465764,,,,,81.0
server-3090,4002,aircraft,swin_base_patch4_window7_224_in22k,0,224,64,/hdd/edwin/results_backbones/cal_ckpts/aircraft_swin_base_patch4_window7_224_in22k_cal.pth,,,True,1.0,128,head,False,float16,True,True,True,False,False,1.02,0.0,1.7578,11.383288,,,,,388.21
server-3090,4002,aircraft,swin_base_patch4_window7_224_in22k,0,224,64,/hdd/edwin/results_backbones/ft_ckpts/aircraft_swin_base_patch4_window7_224_in22k.pth,,,True,1.0,128,head,False,float16,True,True,True,False,False,1.26,0.0,1.4102,11.043356,,,,,77.06
server-3090,4002,aircraft,swin_base_patch4_window7_224_in22k,0,224,64,/hdd/edwin/results_backbones/fz_ckpts/aircraft_swin_base_patch4_window7_224_in22k_fz.pth,,,True,1.0,128,head,False,float16,True,True,True,False,False,0.99,0.0,1.4102,11.043356,,,,,77.96
server-3090,4002,aircraft,vit_b16,0,224,64,/hdd/edwin/results_backbones/cal_ckpts/aircraft_vit_b16_cal.pth,,,True,1.0,128,head,False,float16,True,True,True,False,False,1.08,0.0,0.9727,11.728192,,,,,308.78
server-3090,4002,aircraft,vit_b16,0,224,64,/hdd/edwin/results_backbones/ft_ckpts/aircraft_vit_b16.pth,,,True,1.0,128,head,False,float16,True,True,True,False,False,0.99,0.0,0.5547,11.474788,,,,,75.9
server-3090,4002,aircraft,vit_b16,0,224,64,/hdd/edwin/results_backbones/fz_ckpts/aircraft_vit_b16_fz.pth,,,True,1.0,128,head,False,float16,True,True,True,False,False,1.2,0.0,0.5547,11.474788,,,,,75.24
server-3090,4003,aircraft,beitv2_base_patch16_224_in22k,0,224,64,/hdd/edwin/results_backbones/cal_ckpts/aircraft_beitv2_base_patch16_224_in22k_cal.pth,,,True,1.0,512,head,False,float16,True,True,True,False,False,1.05,0.0,0.7891,11.720704,,,,,377.75
server-3090,4003,aircraft,beitv2_base_patch16_224_in22k,0,224,64,/hdd/edwin/results_backbones/ft_ckpts/aircraft_beitv2_base_patch16_224_in22k.pth,,,True,1.0,512,head,False,float16,True,True,True,False,False,1.02,0.0,0.4941,11.465764,,,,,76.97
server-3090,4003,aircraft,beitv2_base_patch16_224_in22k,0,224,64,/hdd/edwin/results_backbones/fz_ckpts/aircraft_beitv2_base_patch16_224_in22k_fz.pth,,,True,1.0,512,head,False,float16,True,True,True,False,False,0.99,0.0,0.4941,11.465764,,,,,75.54
server-3090,4003,aircraft,swin_base_patch4_window7_224_in22k,0,224,64,/hdd/edwin/results_backbones/cal_ckpts/aircraft_swin_base_patch4_window7_224_in22k_cal.pth,,,True,1.0,512,head,False,float16,True,True,True,False,False,1.02,0.0,1.7559,11.383288,,,,,477.83
server-3090,4003,aircraft,swin_base_patch4_window7_224_in22k,0,224,64,/hdd/edwin/results_backbones/ft_ckpts/aircraft_swin_base_patch4_window7_224_in22k.pth,,,True,1.0,512,head,False,float16,True,True,True,False,False,1.02,0.0,1.4062,11.043356,,,,,78.2
server-3090,4003,aircraft,swin_base_patch4_window7_224_in22k,0,224,64,/hdd/edwin/results_backbones/fz_ckpts/aircraft_swin_base_patch4_window7_224_in22k_fz.pth,,,True,1.0,512,head,False,float16,True,True,True,False,False,0.99,0.0,1.4062,11.043356,,,,,78.29
server-3090,4003,aircraft,vit_b16,0,224,64,/hdd/edwin/results_backbones/cal_ckpts/aircraft_vit_b16_cal.pth,,,True,1.0,512,head,False,float16,True,True,True,False,False,0.99,0.0,0.9707,11.728192,,,,,310.88
server-3090,4003,aircraft,vit_b16,0,224,64,/hdd/edwin/results_backbones/ft_ckpts/aircraft_vit_b16.pth,,,True,1.0,512,head,False,float16,True,True,True,False,False,1.02,0.0,0.5527,11.474788,,,,,76.04
server-3090,4003,aircraft,vit_b16,0,224,64,/hdd/edwin/results_backbones/fz_ckpts/aircraft_vit_b16_fz.pth,,,True,1.0,512,head,False,float16,True,True,True,False,False,0.96,0.0,0.5527,11.474788,,,,,77.15
server-3090,4100,aircraft,beitv2_base_patch16_224_in22k,0,224,64,/hdd/edwin/results_backbones/cal_ckpts/aircraft_beitv2_base_patch16_224_in22k_cal.pth,,,True,1.58,8,head,False,float16,True,True,True,False,False,57.64,0.0,0.8457,22.644736,,,,,365.89
server-3090,4100,aircraft,beitv2_base_patch16_224_in22k,0,224,64,/hdd/edwin/results_backbones/ft_ckpts/aircraft_beitv2_base_patch16_224_in22k.pth,,,True,1.58,8,head,False,float16,True,True,True,False,False,18.48,0.0,0.5469,22.082596,,,,,73.15
server-3090,4100,aircraft,beitv2_base_patch16_224_in22k,0,224,64,/hdd/edwin/results_backbones/fz_ckpts/aircraft_beitv2_base_patch16_224_in22k_fz.pth,,,True,1.58,8,head,False,float16,True,True,True,False,False,3.36,0.0,0.5469,22.082596,,,,,73.6
server-3090,4100,aircraft,swin_base_patch4_window7_224_in22k,0,224,64,/hdd/edwin/results_backbones/cal_ckpts/aircraft_swin_base_patch4_window7_224_in22k_cal.pth,,,True,1.58,8,head,False,float16,True,True,True,False,False,70.0,0.0,1.8086,22.606328,,,,,480.3
server-3090,4100,aircraft,swin_base_patch4_window7_224_in22k,0,224,64,/hdd/edwin/results_backbones/ft_ckpts/aircraft_swin_base_patch4_window7_224_in22k.pth,,,True,1.58,8,head,False,float16,True,True,True,False,False,50.29,0.0,1.457,21.856796,,,,,75.97
server-3090,4100,aircraft,swin_base_patch4_window7_224_in22k,0,224,64,/hdd/edwin/results_backbones/fz_ckpts/aircraft_swin_base_patch4_window7_224_in22k_fz.pth,,,True,1.58,8,head,False,float16,True,True,True,False,False,41.43,0.0,1.459,21.856796,,,,,76.74
server-3090,4100,aircraft,vit_b16,0,224,64,/hdd/edwin/results_backbones/cal_ckpts/aircraft_vit_b16_cal.pth,,,True,1.58,8,head,False,float16,True,True,True,False,False,78.31,0.0,1.0215,22.652224,,,,,498.17
server-3090,4100,aircraft,vit_b16,0,224,64,/hdd/edwin/results_backbones/ft_ckpts/aircraft_vit_b16.pth,,,True,1.58,8,head,False,float16,True,True,True,False,False,61.63,0.0,0.6055,22.09162,,,,,75.38
server-3090,4100,aircraft,vit_b16,0,224,64,/hdd/edwin/results_backbones/fz_ckpts/aircraft_vit_b16_fz.pth,,,True,1.58,8,head,False,float16,True,True,True,False,False,32.31,0.0,0.6055,22.09162,,,,,75.01
server-3090,4101,aircraft,beitv2_base_patch16_224_in22k,0,224,64,/hdd/edwin/results_backbones/cal_ckpts/aircraft_beitv2_base_patch16_224_in22k_cal.pth,,,True,1.58,32,head,False,float16,True,True,True,False,False,1.86,0.0,0.8105,22.644736,,,,,407.87
server-3090,4101,aircraft,beitv2_base_patch16_224_in22k,0,224,64,/hdd/edwin/results_backbones/ft_ckpts/aircraft_beitv2_base_patch16_224_in22k.pth,,,True,1.58,32,head,False,float16,True,True,True,False,False,1.11,0.0,0.5137,22.082596,,,,,73.94
server-3090,4101,aircraft,beitv2_base_patch16_224_in22k,0,224,64,/hdd/edwin/results_backbones/fz_ckpts/aircraft_beitv2_base_patch16_224_in22k_fz.pth,,,True,1.58,32,head,False,float16,True,True,True,False,False,1.02,0.0,0.5137,22.082596,,,,,78.45
server-3090,4101,aircraft,swin_base_patch4_window7_224_in22k,0,224,64,/hdd/edwin/results_backbones/cal_ckpts/aircraft_swin_base_patch4_window7_224_in22k_cal.pth,,,True,1.58,32,head,False,float16,True,True,True,False,False,4.68,0.0,1.7793,22.606328,,,,,330.55
server-3090,4101,aircraft,swin_base_patch4_window7_224_in22k,0,224,64,/hdd/edwin/results_backbones/ft_ckpts/aircraft_swin_base_patch4_window7_224_in22k.pth,,,True,1.58,32,head,False,float16,True,True,True,False,False,1.23,0.0,1.4277,21.856796,,,,,77.01
server-3090,4101,aircraft,swin_base_patch4_window7_224_in22k,0,224,64,/hdd/edwin/results_backbones/fz_ckpts/aircraft_swin_base_patch4_window7_224_in22k_fz.pth,,,True,1.58,32,head,False,float16,True,True,True,False,False,2.01,0.0,1.4277,21.856796,,,,,77.76
server-3090,4101,aircraft,vit_b16,0,224,64,/hdd/edwin/results_backbones/cal_ckpts/aircraft_vit_b16_cal.pth,,,True,1.58,32,head,False,float16,True,True,True,False,False,30.87,0.0,0.9922,22.652224,,,,,276.39
server-3090,4101,aircraft,vit_b16,0,224,64,/hdd/edwin/results_backbones/ft_ckpts/aircraft_vit_b16.pth,,,True,1.58,32,head,False,float16,True,True,True,False,False,3.96,0.0,0.5742,22.09162,,,,,74.06
server-3090,4101,aircraft,vit_b16,0,224,64,/hdd/edwin/results_backbones/fz_ckpts/aircraft_vit_b16_fz.pth,,,True,1.58,32,head,False,float16,True,True,True,False,False,4.26,0.0,0.5742,22.09162,,,,,77.1
server-3090,4102,aircraft,beitv2_base_patch16_224_in22k,0,224,64,/hdd/edwin/results_backbones/cal_ckpts/aircraft_beitv2_base_patch16_224_in22k_cal.pth,,,True,1.58,128,head,False,float16,True,True,True,False,False,1.11,0.0,0.8027,22.644736,,,,,346.2
server-3090,4102,aircraft,beitv2_base_patch16_224_in22k,0,224,64,/hdd/edwin/results_backbones/ft_ckpts/aircraft_beitv2_base_patch16_224_in22k.pth,,,True,1.58,128,head,False,float16,True,True,True,False,False,0.96,0.0,0.5059,22.082596,,,,,74.01
server-3090,4102,aircraft,beitv2_base_patch16_224_in22k,0,224,64,/hdd/edwin/results_backbones/fz_ckpts/aircraft_beitv2_base_patch16_224_in22k_fz.pth,,,True,1.58,128,head,False,float16,True,True,True,False,False,1.11,0.0,0.5059,22.082596,,,,,73.64
server-3090,4102,aircraft,swin_base_patch4_window7_224_in22k,0,224,64,/hdd/edwin/results_backbones/cal_ckpts/aircraft_swin_base_patch4_window7_224_in22k_cal.pth,,,True,1.58,128,head,False,float16,True,True,True,False,False,0.96,0.0,1.7695,22.606328,,,,,546.49
server-3090,4102,aircraft,swin_base_patch4_window7_224_in22k,0,224,64,/hdd/edwin/results_backbones/ft_ckpts/aircraft_swin_base_patch4_window7_224_in22k.pth,,,True,1.58,128,head,False,float16,True,True,True,False,False,1.26,0.0,1.418,21.856796,,,,,80.88
server-3090,4102,aircraft,swin_base_patch4_window7_224_in22k,0,224,64,/hdd/edwin/results_backbones/fz_ckpts/aircraft_swin_base_patch4_window7_224_in22k_fz.pth,,,True,1.58,128,head,False,float16,True,True,True,False,False,1.26,0.0,1.4199,21.856796,,,,,75.72
server-3090,4102,aircraft,vit_b16,0,224,64,/hdd/edwin/results_backbones/cal_ckpts/aircraft_vit_b16_cal.pth,,,True,1.58,128,head,False,float16,True,True,True,False,False,1.14,0.0,0.9824,22.652224,,,,,433.41
server-3090,4102,aircraft,vit_b16,0,224,64,/hdd/edwin/results_backbones/ft_ckpts/aircraft_vit_b16.pth,,,True,1.58,128,head,False,float16,True,True,True,False,False,0.96,0.0,0.5645,22.09162,,,,,78.82
server-3090,4102,aircraft,vit_b16,0,224,64,/hdd/edwin/results_backbones/fz_ckpts/aircraft_vit_b16_fz.pth,,,True,1.58,128,head,False,float16,True,True,True,False,False,0.9,0.0,0.5645,22.09162,,,,,76.71
server-3090,4103,aircraft,beitv2_base_patch16_224_in22k,0,224,64,/hdd/edwin/results_backbones/cal_ckpts/aircraft_beitv2_base_patch16_224_in22k_cal.pth,,,True,1.58,512,head,False,float16,True,True,True,False,False,1.26,0.0,0.8008,22.644736,,,,,240.41
server-3090,4103,aircraft,beitv2_base_patch16_224_in22k,0,224,64,/hdd/edwin/results_backbones/ft_ckpts/aircraft_beitv2_base_patch16_224_in22k.pth,,,True,1.58,512,head,False,float16,True,True,True,False,False,1.08,0.0,0.5039,22.082596,,,,,72.65
server-3090,4103,aircraft,beitv2_base_patch16_224_in22k,0,224,64,/hdd/edwin/results_backbones/fz_ckpts/aircraft_beitv2_base_patch16_224_in22k_fz.pth,,,True,1.58,512,head,False,float16,True,True,True,False,False,1.02,0.0,0.5039,22.082596,,,,,77.41
server-3090,4103,aircraft,swin_base_patch4_window7_224_in22k,0,224,64,/hdd/edwin/results_backbones/cal_ckpts/aircraft_swin_base_patch4_window7_224_in22k_cal.pth,,,True,1.58,512,head,False,float16,True,True,True,False,False,0.93,0.0,1.7676,22.606328,,,,,364.24
server-3090,4103,aircraft,swin_base_patch4_window7_224_in22k,0,224,64,/hdd/edwin/results_backbones/ft_ckpts/aircraft_swin_base_patch4_window7_224_in22k.pth,,,True,1.58,512,head,False,float16,True,True,True,False,False,0.99,0.0,1.416,21.856796,,,,,76.43
server-3090,4103,aircraft,swin_base_patch4_window7_224_in22k,0,224,64,/hdd/edwin/results_backbones/fz_ckpts/aircraft_swin_base_patch4_window7_224_in22k_fz.pth,,,True,1.58,512,head,False,float16,True,True,True,False,False,0.96,0.0,1.416,21.856796,,,,,82.92
server-3090,4103,aircraft,vit_b16,0,224,64,/hdd/edwin/results_backbones/cal_ckpts/aircraft_vit_b16_cal.pth,,,True,1.58,512,head,False,float16,True,True,True,False,False,1.02,0.0,0.9805,22.652224,,,,,340.72
server-3090,4103,aircraft,vit_b16,0,224,64,/hdd/edwin/results_backbones/ft_ckpts/aircraft_vit_b16.pth,,,True,1.58,512,head,False,float16,True,True,True,False,False,0.93,0.0,0.5645,22.09162,,,,,74.81
server-3090,4103,aircraft,vit_b16,0,224,64,/hdd/edwin/results_backbones/fz_ckpts/aircraft_vit_b16_fz.pth,,,True,1.58,512,head,False,float16,True,True,True,False,False,0.84,0.0,0.5645,22.09162,,,,,75.39
server-3090,4200,aircraft,beitv2_base_patch16_224_in22k,0,224,64,/hdd/edwin/results_backbones/cal_ckpts/aircraft_beitv2_base_patch16_224_in22k_cal.pth,,,True,2.0,8,head,False,float16,True,True,True,False,False,81.31,0.0,0.8438,22.644736,,,,,382.76
server-3090,4200,aircraft,beitv2_base_patch16_224_in22k,0,224,64,/hdd/edwin/results_backbones/ft_ckpts/aircraft_beitv2_base_patch16_224_in22k.pth,,,True,2.0,8,head,False,float16,True,True,True,False,False,55.99,0.0,0.5469,22.082596,,,,,75.7
server-3090,4200,aircraft,beitv2_base_patch16_224_in22k,0,224,64,/hdd/edwin/results_backbones/fz_ckpts/aircraft_beitv2_base_patch16_224_in22k_fz.pth,,,True,2.0,8,head,False,float16,True,True,True,False,False,21.39,0.0,0.5488,22.082596,,,,,73.59
server-3090,4200,aircraft,swin_base_patch4_window7_224_in22k,0,224,64,/hdd/edwin/results_backbones/cal_ckpts/aircraft_swin_base_patch4_window7_224_in22k_cal.pth,,,True,2.0,8,head,False,float16,True,True,True,False,False,87.37,0.0,1.8125,22.606328,,,,,514.48
server-3090,4200,aircraft,swin_base_patch4_window7_224_in22k,0,224,64,/hdd/edwin/results_backbones/ft_ckpts/aircraft_swin_base_patch4_window7_224_in22k.pth,,,True,2.0,8,head,False,float16,True,True,True,False,False,76.81,0.0,1.457,21.856796,,,,,78.7
server-3090,4200,aircraft,swin_base_patch4_window7_224_in22k,0,224,64,/hdd/edwin/results_backbones/fz_ckpts/aircraft_swin_base_patch4_window7_224_in22k_fz.pth,,,True,2.0,8,head,False,float16,True,True,True,False,False,58.0,0.0,1.459,21.856796,,,,,78.75
server-3090,4200,aircraft,vit_b16,0,224,64,/hdd/edwin/results_backbones/cal_ckpts/aircraft_vit_b16_cal.pth,,,True,2.0,8,head,False,float16,True,True,True,False,False,82.15,0.0,1.0215,22.652224,,,,,302.93
server-3090,4200,aircraft,vit_b16,0,224,64,/hdd/edwin/results_backbones/ft_ckpts/aircraft_vit_b16.pth,,,True,2.0,8,head,False,float16,True,True,True,False,False,75.46,0.0,0.6055,22.09162,,,,,76.87
server-3090,4200,aircraft,vit_b16,0,224,64,/hdd/edwin/results_backbones/fz_ckpts/aircraft_vit_b16_fz.pth,,,True,2.0,8,head,False,float16,True,True,True,False,False,44.61,0.0,0.6055,22.09162,,,,,75.04
server-3090,4201,aircraft,beitv2_base_patch16_224_in22k,0,224,64,/hdd/edwin/results_backbones/cal_ckpts/aircraft_beitv2_base_patch16_224_in22k_cal.pth,,,True,2.0,32,head,False,float16,True,True,True,False,False,24.9,0.0,0.8125,22.644736,,,,,298.31
server-3090,4201,aircraft,beitv2_base_patch16_224_in22k,0,224,64,/hdd/edwin/results_backbones/ft_ckpts/aircraft_beitv2_base_patch16_224_in22k.pth,,,True,2.0,32,head,False,float16,True,True,True,False,False,8.25,0.0,0.5137,22.082596,,,,,72.72
server-3090,4201,aircraft,beitv2_base_patch16_224_in22k,0,224,64,/hdd/edwin/results_backbones/fz_ckpts/aircraft_beitv2_base_patch16_224_in22k_fz.pth,,,True,2.0,32,head,False,float16,True,True,True,False,False,2.85,0.0,0.5137,22.082596,,,,,73.61
server-3090,4201,aircraft,swin_base_patch4_window7_224_in22k,0,224,64,/hdd/edwin/results_backbones/cal_ckpts/aircraft_swin_base_patch4_window7_224_in22k_cal.pth,,,True,2.0,32,head,False,float16,True,True,True,False,False,66.4,0.0,1.7793,22.606328,,,,,471.48
server-3090,4201,aircraft,swin_base_patch4_window7_224_in22k,0,224,64,/hdd/edwin/results_backbones/ft_ckpts/aircraft_swin_base_patch4_window7_224_in22k.pth,,,True,2.0,32,head,False,float16,True,True,True,False,False,31.98,0.0,1.4277,21.856796,,,,,76.06
server-3090,4201,aircraft,swin_base_patch4_window7_224_in22k,0,224,64,/hdd/edwin/results_backbones/fz_ckpts/aircraft_swin_base_patch4_window7_224_in22k_fz.pth,,,True,2.0,32,head,False,float16,True,True,True,False,False,31.26,0.0,1.4277,21.856796,,,,,77.08
server-3090,4201,aircraft,vit_b16,0,224,64,/hdd/edwin/results_backbones/cal_ckpts/aircraft_vit_b16_cal.pth,,,True,2.0,32,head,False,float16,True,True,True,False,False,72.58,0.0,0.9902,22.652224,,,,,497.19
server-3090,4201,aircraft,vit_b16,0,224,64,/hdd/edwin/results_backbones/ft_ckpts/aircraft_vit_b16.pth,,,True,2.0,32,head,False,float16,True,True,True,False,False,47.82,0.0,0.5742,22.09162,,,,,74.73
server-3090,4201,aircraft,vit_b16,0,224,64,/hdd/edwin/results_backbones/fz_ckpts/aircraft_vit_b16_fz.pth,,,True,2.0,32,head,False,float16,True,True,True,False,False,25.02,0.0,0.5742,22.09162,,,,,75.14
server-3090,4202,aircraft,beitv2_base_patch16_224_in22k,0,224,64,/hdd/edwin/results_backbones/cal_ckpts/aircraft_beitv2_base_patch16_224_in22k_cal.pth,,,True,2.0,128,head,False,float16,True,True,True,False,False,1.05,0.0,0.8027,22.644736,,,,,409.63
server-3090,4202,aircraft,beitv2_base_patch16_224_in22k,0,224,64,/hdd/edwin/results_backbones/ft_ckpts/aircraft_beitv2_base_patch16_224_in22k.pth,,,True,2.0,128,head,False,float16,True,True,True,False,False,1.35,0.0,0.5059,22.082596,,,,,76.55
server-3090,4202,aircraft,beitv2_base_patch16_224_in22k,0,224,64,/hdd/edwin/results_backbones/fz_ckpts/aircraft_beitv2_base_patch16_224_in22k_fz.pth,,,True,2.0,128,head,False,float16,True,True,True,False,False,1.8,0.0,0.5059,22.082596,,,,,75.32
server-3090,4202,aircraft,swin_base_patch4_window7_224_in22k,0,224,64,/hdd/edwin/results_backbones/cal_ckpts/aircraft_swin_base_patch4_window7_224_in22k_cal.pth,,,True,2.0,128,head,False,float16,True,True,True,False,False,5.37,0.0,1.7695,22.606328,,,,,373.16
server-3090,4202,aircraft,swin_base_patch4_window7_224_in22k,0,224,64,/hdd/edwin/results_backbones/ft_ckpts/aircraft_swin_base_patch4_window7_224_in22k.pth,,,True,2.0,128,head,False,float16,True,True,True,False,False,2.64,0.0,1.418,21.856796,,,,,77.09
server-3090,4202,aircraft,swin_base_patch4_window7_224_in22k,0,224,64,/hdd/edwin/results_backbones/fz_ckpts/aircraft_swin_base_patch4_window7_224_in22k_fz.pth,,,True,2.0,128,head,False,float16,True,True,True,False,False,4.62,0.0,1.418,21.856796,,,,,79.56
server-3090,4202,aircraft,vit_b16,0,224,64,/hdd/edwin/results_backbones/cal_ckpts/aircraft_vit_b16_cal.pth,,,True,2.0,128,head,False,float16,True,True,True,False,False,38.01,0.0,0.9824,22.652224,,,,,272.16
server-3090,4202,aircraft,vit_b16,0,224,64,/hdd/edwin/results_backbones/ft_ckpts/aircraft_vit_b16.pth,,,True,2.0,128,head,False,float16,True,True,True,False,False,5.04,0.0,0.5645,22.09162,,,,,75.66
server-3090,4202,aircraft,vit_b16,0,224,64,/hdd/edwin/results_backbones/fz_ckpts/aircraft_vit_b16_fz.pth,,,True,2.0,128,head,False,float16,True,True,True,False,False,2.52,0.0,0.5664,22.09162,,,,,75.23
server-3090,4203,aircraft,beitv2_base_patch16_224_in22k,0,224,64,/hdd/edwin/results_backbones/cal_ckpts/aircraft_beitv2_base_patch16_224_in22k_cal.pth,,,True,2.0,512,head,False,float16,True,True,True,False,False,1.17,0.0,0.8008,22.644736,,,,,374.86
server-3090,4203,aircraft,beitv2_base_patch16_224_in22k,0,224,64,/hdd/edwin/results_backbones/ft_ckpts/aircraft_beitv2_base_patch16_224_in22k.pth,,,True,2.0,512,head,False,float16,True,True,True,False,False,0.93,0.0,0.5039,22.082596,,,,,74.11
server-3090,4203,aircraft,beitv2_base_patch16_224_in22k,0,224,64,/hdd/edwin/results_backbones/fz_ckpts/aircraft_beitv2_base_patch16_224_in22k_fz.pth,,,True,2.0,512,head,False,float16,True,True,True,False,False,0.84,0.0,0.5039,22.082596,,,,,73.88
server-3090,4203,aircraft,swin_base_patch4_window7_224_in22k,0,224,64,/hdd/edwin/results_backbones/cal_ckpts/aircraft_swin_base_patch4_window7_224_in22k_cal.pth,,,True,2.0,512,head,False,float16,True,True,True,False,False,0.87,0.0,1.7676,22.606328,,,,,494.49
server-3090,4203,aircraft,swin_base_patch4_window7_224_in22k,0,224,64,/hdd/edwin/results_backbones/ft_ckpts/aircraft_swin_base_patch4_window7_224_in22k.pth,,,True,2.0,512,head,False,float16,True,True,True,False,False,1.02,0.0,1.416,21.856796,,,,,80.74
server-3090,4203,aircraft,swin_base_patch4_window7_224_in22k,0,224,64,/hdd/edwin/results_backbones/fz_ckpts/aircraft_swin_base_patch4_window7_224_in22k_fz.pth,,,True,2.0,512,head,False,float16,True,True,True,False,False,1.14,0.0,1.416,21.856796,,,,,78.08
server-3090,4203,aircraft,vit_b16,0,224,64,/hdd/edwin/results_backbones/cal_ckpts/aircraft_vit_b16_cal.pth,,,True,2.0,512,head,False,float16,True,True,True,False,False,1.71,0.0,0.9805,22.652224,,,,,453.32
server-3090,4203,aircraft,vit_b16,0,224,64,/hdd/edwin/results_backbones/ft_ckpts/aircraft_vit_b16.pth,,,True,2.0,512,head,False,float16,True,True,True,False,False,0.99,0.0,0.5645,22.09162,,,,,78.42
server-3090,4203,aircraft,vit_b16,0,224,64,/hdd/edwin/results_backbones/fz_ckpts/aircraft_vit_b16_fz.pth,,,True,2.0,512,head,False,float16,True,True,True,False,False,1.38,0.0,0.5645,22.09162,,,,,75.61
server-3090,4300,aircraft,beitv2_base_patch16_224_in22k,0,224,64,/hdd/edwin/results_backbones/cal_ckpts/aircraft_beitv2_base_patch16_224_in22k_cal.pth,,,True,3.0,8,head,False,float16,True,True,True,False,False,89.95,0.0,0.8613,9.536128,,,,,250.18
server-3090,4300,aircraft,beitv2_base_patch16_224_in22k,0,224,64,/hdd/edwin/results_backbones/cal_ckpts/aircraft_beitv2_base_patch16_224_in22k_cal.pth,,,True,3.0,8,head,False,float16,True,True,True,False,False,89.95,0.0,0.8613,9.536128,,,,,350.59
server-3090,4300,aircraft,beitv2_base_patch16_224_in22k,0,224,64,/hdd/edwin/results_backbones/ft_ckpts/aircraft_beitv2_base_patch16_224_in22k.pth,,,True,3.0,8,head,False,float16,True,True,True,False,False,83.56,0.0,0.5605,9.342628,,,,,77.13
server-3090,4300,aircraft,beitv2_base_patch16_224_in22k,0,224,64,/hdd/edwin/results_backbones/ft_ckpts/aircraft_beitv2_base_patch16_224_in22k.pth,,,True,3.0,8,head,False,float16,True,True,True,False,False,83.56,0.0,0.5605,9.342628,,,,,75.77
server-3090,4300,aircraft,beitv2_base_patch16_224_in22k,0,224,64,/hdd/edwin/results_backbones/ft_ckpts/aircraft_beitv2_base_patch16_224_in22k.pth,,,True,3.0,8,head,False,float16,True,True,True,False,False,83.56,0.0,0.5605,9.342628,,,,,78.08
server-3090,4300,aircraft,beitv2_base_patch16_224_in22k,0,224,64,/hdd/edwin/results_backbones/fz_ckpts/aircraft_beitv2_base_patch16_224_in22k_fz.pth,,,True,3.0,8,head,False,float16,True,True,True,False,False,39.24,0.0,0.5605,9.342628,,,,,75.61
server-3090,4300,aircraft,beitv2_base_patch16_224_in22k,0,224,64,/hdd/edwin/results_backbones/fz_ckpts/aircraft_beitv2_base_patch16_224_in22k_fz.pth,,,True,3.0,8,head,False,float16,True,True,True,False,False,39.24,0.0,0.5605,9.342628,,,,,74.84
server-3090,4300,aircraft,beitv2_base_patch16_224_in22k,0,224,64,/hdd/edwin/results_backbones/fz_ckpts/aircraft_beitv2_base_patch16_224_in22k_fz.pth,,,True,3.0,8,head,False,float16,True,True,True,False,False,39.24,0.0,0.5605,9.342628,,,,,76.33
server-3090,4300,aircraft,swin_base_patch4_window7_224_in22k,0,224,64,/hdd/edwin/results_backbones/cal_ckpts/aircraft_swin_base_patch4_window7_224_in22k_cal.pth,,,True,3.0,8,head,False,float16,True,True,True,False,False,91.54,0.0,1.8164,9.139128,,,,,329.58
server-3090,4300,aircraft,swin_base_patch4_window7_224_in22k,0,224,64,/hdd/edwin/results_backbones/cal_ckpts/aircraft_swin_base_patch4_window7_224_in22k_cal.pth,,,True,3.0,8,head,False,float16,True,True,True,False,False,91.54,0.0,1.8164,9.139128,,,,,361.28
server-3090,4300,aircraft,swin_base_patch4_window7_224_in22k,0,224,64,/hdd/edwin/results_backbones/cal_ckpts/aircraft_swin_base_patch4_window7_224_in22k_cal.pth,,,True,3.0,8,head,False,float16,True,True,True,False,False,91.54,0.0,1.8164,9.139128,,,,,370.09
server-3090,4300,aircraft,swin_base_patch4_window7_224_in22k,0,224,64,/hdd/edwin/results_backbones/ft_ckpts/aircraft_swin_base_patch4_window7_224_in22k.pth,,,True,3.0,8,head,False,float16,True,True,True,False,False,85.81,0.0,1.5,8.881116,,,,,77.07
server-3090,4300,aircraft,swin_base_patch4_window7_224_in22k,0,224,64,/hdd/edwin/results_backbones/ft_ckpts/aircraft_swin_base_patch4_window7_224_in22k.pth,,,True,3.0,8,head,False,float16,True,True,True,False,False,85.81,0.0,1.5,8.881116,,,,,85.34
server-3090,4300,aircraft,swin_base_patch4_window7_224_in22k,0,224,64,/hdd/edwin/results_backbones/ft_ckpts/aircraft_swin_base_patch4_window7_224_in22k.pth,,,True,3.0,8,head,False,float16,True,True,True,False,False,85.81,0.0,1.5,8.881116,,,,,80.16
server-3090,4300,aircraft,swin_base_patch4_window7_224_in22k,0,224,64,/hdd/edwin/results_backbones/fz_ckpts/aircraft_swin_base_patch4_window7_224_in22k_fz.pth,,,True,3.0,8,head,False,float16,True,True,True,False,False,67.42,0.0,1.5,8.881116,,,,,81.12
server-3090,4300,aircraft,swin_base_patch4_window7_224_in22k,0,224,64,/hdd/edwin/results_backbones/fz_ckpts/aircraft_swin_base_patch4_window7_224_in22k_fz.pth,,,True,3.0,8,head,False,float16,True,True,True,False,False,67.42,0.0,1.5,8.881116,,,,,74.78
server-3090,4300,aircraft,swin_base_patch4_window7_224_in22k,0,224,64,/hdd/edwin/results_backbones/fz_ckpts/aircraft_swin_base_patch4_window7_224_in22k_fz.pth,,,True,3.0,8,head,False,float16,True,True,True,False,False,67.42,0.0,1.5,8.881116,,,,,77.92
server-3090,4300,aircraft,vit_b16,0,224,64,/hdd/edwin/results_backbones/cal_ckpts/aircraft_vit_b16_cal.pth,,,True,3.0,8,head,False,float16,True,True,True,False,False,85.18,0.0,1.0371,9.543616,,,,,326.32
server-3090,4300,aircraft,vit_b16,0,224,64,/hdd/edwin/results_backbones/cal_ckpts/aircraft_vit_b16_cal.pth,,,True,3.0,8,head,False,float16,True,True,True,False,False,85.18,0.0,1.0371,9.543616,,,,,309.41
server-3090,4300,aircraft,vit_b16,0,224,64,/hdd/edwin/results_backbones/ft_ckpts/aircraft_vit_b16.pth,,,True,3.0,8,head,False,float16,True,True,True,False,False,80.98,0.0,0.6211,9.351652,,,,,75.34
server-3090,4300,aircraft,vit_b16,0,224,64,/hdd/edwin/results_backbones/ft_ckpts/aircraft_vit_b16.pth,,,True,3.0,8,head,False,float16,True,True,True,False,False,80.98,0.0,0.6211,9.351652,,,,,71.11
server-3090,4300,aircraft,vit_b16,0,224,64,/hdd/edwin/results_backbones/ft_ckpts/aircraft_vit_b16.pth,,,True,3.0,8,head,False,float16,True,True,True,False,False,80.98,0.0,0.6211,9.351652,,,,,75.91
server-3090,4300,aircraft,vit_b16,0,224,64,/hdd/edwin/results_backbones/fz_ckpts/aircraft_vit_b16_fz.pth,,,True,3.0,8,head,False,float16,True,True,True,False,False,55.54,0.0,0.6211,9.351652,,,,,81.97
server-3090,4300,aircraft,vit_b16,0,224,64,/hdd/edwin/results_backbones/fz_ckpts/aircraft_vit_b16_fz.pth,,,True,3.0,8,head,False,float16,True,True,True,False,False,55.54,0.0,0.6211,9.351652,,,,,74.37
server-3090,4300,aircraft,vit_b16,0,224,64,/hdd/edwin/results_backbones/fz_ckpts/aircraft_vit_b16_fz.pth,,,True,3.0,8,head,False,float16,True,True,True,False,False,55.54,0.0,0.6211,9.351652,,,,,76.34
server-3090,4301,aircraft,beitv2_base_patch16_224_in22k,0,224,64,/hdd/edwin/results_backbones/cal_ckpts/aircraft_beitv2_base_patch16_224_in22k_cal.pth,,,True,3.0,32,head,False,float16,True,True,True,False,False,88.03,0.0,0.8242,9.536512,,,,,385.58
server-3090,4301,aircraft,beitv2_base_patch16_224_in22k,0,224,64,/hdd/edwin/results_backbones/ft_ckpts/aircraft_beitv2_base_patch16_224_in22k.pth,,,True,3.0,32,head,False,float16,True,True,True,False,False,75.37,0.0,0.5273,9.343012,,,,,73.99
server-3090,4301,aircraft,beitv2_base_patch16_224_in22k,0,224,64,/hdd/edwin/results_backbones/fz_ckpts/aircraft_beitv2_base_patch16_224_in22k_fz.pth,,,True,3.0,32,head,False,float16,True,True,True,False,False,37.83,0.0,0.5273,9.343012,,,,,72.75
server-3090,4301,aircraft,swin_base_patch4_window7_224_in22k,0,224,64,/hdd/edwin/results_backbones/cal_ckpts/aircraft_swin_base_patch4_window7_224_in22k_cal.pth,,,True,3.0,32,head,False,float16,True,True,True,False,False,90.4,0.0,1.8008,9.140056,,,,,558.07
server-3090,4301,aircraft,swin_base_patch4_window7_224_in22k,0,224,64,/hdd/edwin/results_backbones/ft_ckpts/aircraft_swin_base_patch4_window7_224_in22k.pth,,,True,3.0,32,head,False,float16,True,True,True,False,False,80.74,0.0,1.4863,8.882044,,,,,79.66
server-3090,4301,aircraft,swin_base_patch4_window7_224_in22k,0,224,64,/hdd/edwin/results_backbones/fz_ckpts/aircraft_swin_base_patch4_window7_224_in22k_fz.pth,,,True,3.0,32,head,False,float16,True,True,True,False,False,62.74,0.0,1.4844,8.882044,,,,,77.13
server-3090,4301,aircraft,vit_b16,0,224,64,/hdd/edwin/results_backbones/cal_ckpts/aircraft_vit_b16_cal.pth,,,True,3.0,32,head,False,float16,True,True,True,False,False,84.43,0.0,1.0039,9.544768,,,,,437.37
server-3090,4301,aircraft,vit_b16,0,224,64,/hdd/edwin/results_backbones/ft_ckpts/aircraft_vit_b16.pth,,,True,3.0,32,head,False,float16,True,True,True,False,False,78.76,0.0,0.5879,9.352804,,,,,76.95
server-3090,4301,aircraft,vit_b16,0,224,64,/hdd/edwin/results_backbones/fz_ckpts/aircraft_vit_b16_fz.pth,,,True,3.0,32,head,False,float16,True,True,True,False,False,52.27,0.0,0.5879,9.352804,,,,,74.26
server-3090,4302,aircraft,beitv2_base_patch16_224_in22k,0,224,64,/hdd/edwin/results_backbones/cal_ckpts/aircraft_beitv2_base_patch16_224_in22k_cal.pth,,,True,3.0,128,head,False,float16,True,True,True,False,False,86.8,0.0,0.8164,9.539584,,,,,234.45
server-3090,4302,aircraft,beitv2_base_patch16_224_in22k,0,224,64,/hdd/edwin/results_backbones/ft_ckpts/aircraft_beitv2_base_patch16_224_in22k.pth,,,True,3.0,128,head,False,float16,True,True,True,False,False,62.14,0.0,0.5176,9.346084,,,,,73.94
server-3090,4302,aircraft,beitv2_base_patch16_224_in22k,0,224,64,/hdd/edwin/results_backbones/fz_ckpts/aircraft_beitv2_base_patch16_224_in22k_fz.pth,,,True,3.0,128,head,False,float16,True,True,True,False,False,6.93,0.0,0.5176,9.346084,,,,,73.18
server-3090,4302,aircraft,swin_base_patch4_window7_224_in22k,0,224,64,/hdd/edwin/results_backbones/cal_ckpts/aircraft_swin_base_patch4_window7_224_in22k_cal.pth,,,True,3.0,128,head,False,float16,True,True,True,False,False,88.51,0.0,1.791,9.145848,,,,,354.32
server-3090,4302,aircraft,swin_base_patch4_window7_224_in22k,0,224,64,/hdd/edwin/results_backbones/ft_ckpts/aircraft_swin_base_patch4_window7_224_in22k.pth,,,True,3.0,128,head,False,float16,True,True,True,False,False,76.33,0.0,1.4766,8.887836,,,,,78.92
server-3090,4302,aircraft,swin_base_patch4_window7_224_in22k,0,224,64,/hdd/edwin/results_backbones/fz_ckpts/aircraft_swin_base_patch4_window7_224_in22k_fz.pth,,,True,3.0,128,head,False,float16,True,True,True,False,False,54.34,0.0,1.4766,8.887836,,,,,77.24
server-3090,4302,aircraft,vit_b16,0,224,64,/hdd/edwin/results_backbones/cal_ckpts/aircraft_vit_b16_cal.pth,,,True,3.0,128,head,False,float16,True,True,True,False,False,82.24,0.0,0.9961,9.547072,,,,,359.62
server-3090,4302,aircraft,vit_b16,0,224,64,/hdd/edwin/results_backbones/ft_ckpts/aircraft_vit_b16.pth,,,True,3.0,128,head,False,float16,True,True,True,False,False,74.59,0.0,0.5801,9.355108,,,,,75.95
server-3090,4302,aircraft,vit_b16,0,224,64,/hdd/edwin/results_backbones/fz_ckpts/aircraft_vit_b16_fz.pth,,,True,3.0,128,head,False,float16,True,True,True,False,False,47.4,0.0,0.5801,9.355108,,,,,74.25
server-3090,4303,aircraft,beitv2_base_patch16_224_in22k,0,224,64,/hdd/edwin/results_backbones/cal_ckpts/aircraft_beitv2_base_patch16_224_in22k_cal.pth,,,True,3.0,512,head,False,float16,True,True,True,False,False,55.36,0.0,0.8145,9.545728,,,,,172.08
server-3090,4303,aircraft,beitv2_base_patch16_224_in22k,0,224,64,/hdd/edwin/results_backbones/ft_ckpts/aircraft_beitv2_base_patch16_224_in22k.pth,,,True,3.0,512,head,False,float16,True,True,True,False,False,6.99,0.0,0.5176,9.352228,,,,,68.19
server-3090,4303,aircraft,beitv2_base_patch16_224_in22k,0,224,64,/hdd/edwin/results_backbones/fz_ckpts/aircraft_beitv2_base_patch16_224_in22k_fz.pth,,,True,3.0,512,head,False,float16,True,True,True,False,False,7.86,0.0,0.5176,9.352228,,,,,67.86
server-3090,4303,aircraft,swin_base_patch4_window7_224_in22k,0,224,64,/hdd/edwin/results_backbones/cal_ckpts/aircraft_swin_base_patch4_window7_224_in22k_cal.pth,,,True,3.0,512,head,False,float16,True,True,True,False,False,84.07,0.0,1.7891,9.160696,,,,,260.8
server-3090,4303,aircraft,swin_base_patch4_window7_224_in22k,0,224,64,/hdd/edwin/results_backbones/ft_ckpts/aircraft_swin_base_patch4_window7_224_in22k.pth,,,True,3.0,512,head,False,float16,True,True,True,False,False,66.7,0.0,1.4746,8.902684,,,,,71.84
server-3090,4303,aircraft,swin_base_patch4_window7_224_in22k,0,224,64,/hdd/edwin/results_backbones/fz_ckpts/aircraft_swin_base_patch4_window7_224_in22k_fz.pth,,,True,3.0,512,head,False,float16,True,True,True,False,False,48.72,0.0,1.4746,8.902684,,,,,72.6
server-3090,4303,aircraft,vit_b16,0,224,64,/hdd/edwin/results_backbones/cal_ckpts/aircraft_vit_b16_cal.pth,,,True,3.0,512,head,False,float16,True,True,True,False,False,80.83,0.0,0.9961,9.565504,,,,,216.52
server-3090,4303,aircraft,vit_b16,0,224,64,/hdd/edwin/results_backbones/ft_ckpts/aircraft_vit_b16.pth,,,True,3.0,512,head,False,float16,True,True,True,False,False,70.0,0.0,0.5781,9.37354,,,,,70.44
server-3090,4303,aircraft,vit_b16,0,224,64,/hdd/edwin/results_backbones/fz_ckpts/aircraft_vit_b16_fz.pth,,,True,3.0,512,head,False,float16,True,True,True,False,False,41.67,0.0,0.5781,9.37354,,,,,69.65
server-3090,4400,aircraft,beitv2_base_patch16_224_in22k,0,224,64,/hdd/edwin/results_backbones/cal_ckpts/aircraft_beitv2_base_patch16_224_in22k_cal.pth,,,True,4.0,8,head,False,float16,True,True,True,False,False,91.42,0.0,1.0332,44.4928,,,,,168.0
server-3090,4400,aircraft,beitv2_base_patch16_224_in22k,0,224,64,/hdd/edwin/results_backbones/ft_ckpts/aircraft_beitv2_base_patch16_224_in22k.pth,,,True,4.0,8,head,False,float16,True,True,True,False,False,84.82,0.0,0.7539,43.31626,,,,,68.23
server-3090,4400,aircraft,beitv2_base_patch16_224_in22k,0,224,64,/hdd/edwin/results_backbones/fz_ckpts/aircraft_beitv2_base_patch16_224_in22k_fz.pth,,,True,4.0,8,head,False,float16,True,True,True,False,False,53.65,0.0,0.7559,43.31626,,,,,66.22
server-3090,4400,aircraft,swin_base_patch4_window7_224_in22k,0,224,64,/hdd/edwin/results_backbones/cal_ckpts/aircraft_swin_base_patch4_window7_224_in22k_cal.pth,,,True,4.0,8,head,False,float16,True,True,True,False,False,91.81,0.0,1.8379,45.052408,,,,,248.79
server-3090,4400,aircraft,swin_base_patch4_window7_224_in22k,0,224,64,/hdd/edwin/results_backbones/ft_ckpts/aircraft_swin_base_patch4_window7_224_in22k.pth,,,True,4.0,8,head,False,float16,True,True,True,False,False,87.85,0.0,1.4863,43.483676,,,,,70.82
server-3090,4400,aircraft,swin_base_patch4_window7_224_in22k,0,224,64,/hdd/edwin/results_backbones/fz_ckpts/aircraft_swin_base_patch4_window7_224_in22k_fz.pth,,,True,4.0,8,head,False,float16,True,True,True,False,False,67.99,0.0,1.4863,43.483676,,,,,70.15
server-3090,4400,aircraft,vit_b16,0,224,64,/hdd/edwin/results_backbones/cal_ckpts/aircraft_vit_b16_cal.pth,,,True,4.0,8,head,False,float16,True,True,True,False,False,85.48,0.0,1.2363,44.500288,,,,,208.29
server-3090,4400,aircraft,vit_b16,0,224,64,/hdd/edwin/results_backbones/ft_ckpts/aircraft_vit_b16.pth,,,True,4.0,8,head,False,float16,True,True,True,False,False,81.55,0.0,0.8145,43.325284,,,,,68.58
server-3090,4400,aircraft,vit_b16,0,224,64,/hdd/edwin/results_backbones/fz_ckpts/aircraft_vit_b16_fz.pth,,,True,4.0,8,head,False,float16,True,True,True,False,False,57.46,0.0,0.8145,43.325284,,,,,69.23
server-3090,4401,aircraft,beitv2_base_patch16_224_in22k,0,224,64,/hdd/edwin/results_backbones/cal_ckpts/aircraft_beitv2_base_patch16_224_in22k_cal.pth,,,True,4.0,32,head,False,float16,True,True,True,False,False,90.82,0.0,0.9824,44.4928,,,,,167.59
server-3090,4401,aircraft,beitv2_base_patch16_224_in22k,0,224,64,/hdd/edwin/results_backbones/ft_ckpts/aircraft_beitv2_base_patch16_224_in22k.pth,,,True,4.0,32,head,False,float16,True,True,True,False,False,83.89,0.0,0.7422,43.31626,,,,,66.79
server-3090,4401,aircraft,beitv2_base_patch16_224_in22k,0,224,64,/hdd/edwin/results_backbones/fz_ckpts/aircraft_beitv2_base_patch16_224_in22k_fz.pth,,,True,4.0,32,head,False,float16,True,True,True,False,False,50.68,0.0,0.7422,43.31626,,,,,67.27
server-3090,4401,aircraft,swin_base_patch4_window7_224_in22k,0,224,64,/hdd/edwin/results_backbones/cal_ckpts/aircraft_swin_base_patch4_window7_224_in22k_cal.pth,,,True,4.0,32,head,False,float16,True,True,True,False,False,91.69,0.0,1.8066,45.052408,,,,,247.47
server-3090,4401,aircraft,swin_base_patch4_window7_224_in22k,0,224,64,/hdd/edwin/results_backbones/ft_ckpts/aircraft_swin_base_patch4_window7_224_in22k.pth,,,True,4.0,32,head,False,float16,True,True,True,False,False,86.86,0.0,1.4746,43.483676,,,,,70.87
server-3090,4401,aircraft,swin_base_patch4_window7_224_in22k,0,224,64,/hdd/edwin/results_backbones/fz_ckpts/aircraft_swin_base_patch4_window7_224_in22k_fz.pth,,,True,4.0,32,head,False,float16,True,True,True,False,False,68.56,0.0,1.4766,43.483676,,,,,70.82
server-3090,4401,aircraft,vit_b16,0,224,64,/hdd/edwin/results_backbones/cal_ckpts/aircraft_vit_b16_cal.pth,,,True,4.0,32,head,False,float16,True,True,True,False,False,85.06,0.0,1.1523,44.500288,,,,,209.02
server-3090,4401,aircraft,vit_b16,0,224,64,/hdd/edwin/results_backbones/ft_ckpts/aircraft_vit_b16.pth,,,True,4.0,32,head,False,float16,True,True,True,False,False,80.95,0.0,0.8008,43.325284,,,,,68.94
server-3090,4401,aircraft,vit_b16,0,224,64,/hdd/edwin/results_backbones/fz_ckpts/aircraft_vit_b16_fz.pth,,,True,4.0,32,head,False,float16,True,True,True,False,False,57.55,0.0,0.8008,43.325284,,,,,69.02
server-3090,4402,aircraft,beitv2_base_patch16_224_in22k,0,224,64,/hdd/edwin/results_backbones/cal_ckpts/aircraft_beitv2_base_patch16_224_in22k_cal.pth,,,True,4.0,128,head,False,float16,True,True,True,False,False,90.52,0.0,0.9727,44.4928,,,,,167.51
server-3090,4402,aircraft,beitv2_base_patch16_224_in22k,0,224,64,/hdd/edwin/results_backbones/ft_ckpts/aircraft_beitv2_base_patch16_224_in22k.pth,,,True,4.0,128,head,False,float16,True,True,True,False,False,82.39,0.0,0.7344,43.31626,,,,,66.84
server-3090,4402,aircraft,beitv2_base_patch16_224_in22k,0,224,64,/hdd/edwin/results_backbones/fz_ckpts/aircraft_beitv2_base_patch16_224_in22k_fz.pth,,,True,4.0,128,head,False,float16,True,True,True,False,False,31.74,0.0,0.7344,43.31626,,,,,68.4
server-3090,4402,aircraft,swin_base_patch4_window7_224_in22k,0,224,64,/hdd/edwin/results_backbones/cal_ckpts/aircraft_swin_base_patch4_window7_224_in22k_cal.pth,,,True,4.0,128,head,False,float16,True,True,True,False,False,91.36,0.0,1.7969,45.052408,,,,,249.5
server-3090,4402,aircraft,swin_base_patch4_window7_224_in22k,0,224,64,/hdd/edwin/results_backbones/ft_ckpts/aircraft_swin_base_patch4_window7_224_in22k.pth,,,True,4.0,128,head,False,float16,True,True,True,False,False,86.41,0.0,1.4668,43.483676,,,,,70.59
server-3090,4402,aircraft,swin_base_patch4_window7_224_in22k,0,224,64,/hdd/edwin/results_backbones/fz_ckpts/aircraft_swin_base_patch4_window7_224_in22k_fz.pth,,,True,4.0,128,head,False,float16,True,True,True,False,False,66.46,0.0,1.4668,43.483676,,,,,70.99
server-3090,4402,aircraft,vit_b16,0,224,64,/hdd/edwin/results_backbones/cal_ckpts/aircraft_vit_b16_cal.pth,,,True,4.0,128,head,False,float16,True,True,True,False,False,84.94,0.0,1.1426,44.500288,,,,,208.21
server-3090,4402,aircraft,vit_b16,0,224,64,/hdd/edwin/results_backbones/ft_ckpts/aircraft_vit_b16.pth,,,True,4.0,128,head,False,float16,True,True,True,False,False,81.37,0.0,0.793,43.325284,,,,,69.16
server-3090,4402,aircraft,vit_b16,0,224,64,/hdd/edwin/results_backbones/fz_ckpts/aircraft_vit_b16_fz.pth,,,True,4.0,128,head,False,float16,True,True,True,False,False,55.42,0.0,0.793,43.325284,,,,,70.67
server-3090,4403,aircraft,beitv2_base_patch16_224_in22k,0,224,64,/hdd/edwin/results_backbones/cal_ckpts/aircraft_beitv2_base_patch16_224_in22k_cal.pth,,,True,4.0,512,head,False,float16,True,True,True,False,False,89.35,0.0,0.9707,44.4928,,,,,167.09
server-3090,4403,aircraft,beitv2_base_patch16_224_in22k,0,224,64,/hdd/edwin/results_backbones/ft_ckpts/aircraft_beitv2_base_patch16_224_in22k.pth,,,True,4.0,512,head,False,float16,True,True,True,False,False,78.55,0.0,0.7324,43.31626,,,,,68.99
server-3090,4403,aircraft,beitv2_base_patch16_224_in22k,0,224,64,/hdd/edwin/results_backbones/fz_ckpts/aircraft_beitv2_base_patch16_224_in22k_fz.pth,,,True,4.0,512,head,False,float16,True,True,True,False,False,42.09,0.0,0.7324,43.31626,,,,,66.61
server-3090,4403,aircraft,swin_base_patch4_window7_224_in22k,0,224,64,/hdd/edwin/results_backbones/cal_ckpts/aircraft_swin_base_patch4_window7_224_in22k_cal.pth,,,True,4.0,512,head,False,float16,True,True,True,False,False,90.85,0.0,1.7949,45.052408,,,,,248.17
server-3090,4403,aircraft,swin_base_patch4_window7_224_in22k,0,224,64,/hdd/edwin/results_backbones/ft_ckpts/aircraft_swin_base_patch4_window7_224_in22k.pth,,,True,4.0,512,head,False,float16,True,True,True,False,False,84.01,0.0,1.4648,43.483676,,,,,71.61
server-3090,4403,aircraft,swin_base_patch4_window7_224_in22k,0,224,64,/hdd/edwin/results_backbones/fz_ckpts/aircraft_swin_base_patch4_window7_224_in22k_fz.pth,,,True,4.0,512,head,False,float16,True,True,True,False,False,64.69,0.0,1.4648,43.483676,,,,,69.76
server-3090,4403,aircraft,vit_b16,0,224,64,/hdd/edwin/results_backbones/cal_ckpts/aircraft_vit_b16_cal.pth,,,True,4.0,512,head,False,float16,True,True,True,False,False,84.55,0.0,1.1406,44.500288,,,,,209.2
server-3090,4403,aircraft,vit_b16,0,224,64,/hdd/edwin/results_backbones/ft_ckpts/aircraft_vit_b16.pth,,,True,4.0,512,head,False,float16,True,True,True,False,False,79.99,0.0,0.791,43.325284,,,,,69.76
server-3090,4403,aircraft,vit_b16,0,224,64,/hdd/edwin/results_backbones/fz_ckpts/aircraft_vit_b16_fz.pth,,,True,4.0,512,head,False,float16,True,True,True,False,False,55.81,0.0,0.791,43.325284,,,,,69.46
server-3090,4500,aircraft,beitv2_base_patch16_224_in22k,0,224,64,/hdd/edwin/results_backbones/cal_ckpts/aircraft_beitv2_base_patch16_224_in22k_cal.pth,,,True,5.0,8,head,False,float16,True,True,True,False,False,91.24,0.0,1.0684,88.188928,,,,,167.09
server-3090,4500,aircraft,beitv2_base_patch16_224_in22k,0,224,64,/hdd/edwin/results_backbones/ft_ckpts/aircraft_beitv2_base_patch16_224_in22k.pth,,,True,5.0,8,head,False,float16,True,True,True,False,False,85.36,0.0,0.7891,85.783588,,,,,68.22
server-3090,4500,aircraft,beitv2_base_patch16_224_in22k,0,224,64,/hdd/edwin/results_backbones/fz_ckpts/aircraft_beitv2_base_patch16_224_in22k_fz.pth,,,True,5.0,8,head,False,float16,True,True,True,False,False,55.42,0.0,0.7891,85.783588,,,,,68.31
server-3090,4500,aircraft,swin_base_patch4_window7_224_in22k,0,224,64,/hdd/edwin/results_backbones/cal_ckpts/aircraft_swin_base_patch4_window7_224_in22k_cal.pth,,,True,5.0,8,head,False,float16,True,True,True,False,False,91.54,0.0,1.8867,89.944568,,,,,246.51
server-3090,4500,aircraft,swin_base_patch4_window7_224_in22k,0,224,64,/hdd/edwin/results_backbones/ft_ckpts/aircraft_swin_base_patch4_window7_224_in22k.pth,,,True,5.0,8,head,False,float16,True,True,True,False,False,87.61,0.0,1.5352,86.737436,,,,,69.91
server-3090,4500,aircraft,swin_base_patch4_window7_224_in22k,0,224,64,/hdd/edwin/results_backbones/fz_ckpts/aircraft_swin_base_patch4_window7_224_in22k_fz.pth,,,True,5.0,8,head,False,float16,True,True,True,False,False,68.32,0.0,1.5352,86.737436,,,,,71.24
server-3090,4500,aircraft,vit_b16,0,224,64,/hdd/edwin/results_backbones/cal_ckpts/aircraft_vit_b16_cal.pth,,,True,5.0,8,head,False,float16,True,True,True,False,False,85.27,0.0,1.1914,88.196416,,,,,208.15
server-3090,4500,aircraft,vit_b16,0,224,64,/hdd/edwin/results_backbones/ft_ckpts/aircraft_vit_b16.pth,,,True,5.0,8,head,False,float16,True,True,True,False,False,82.06,0.0,0.8066,85.792612,,,,,68.87
server-3090,4500,aircraft,vit_b16,0,224,64,/hdd/edwin/results_backbones/fz_ckpts/aircraft_vit_b16_fz.pth,,,True,5.0,8,head,False,float16,True,True,True,False,False,58.57,0.0,0.8086,85.792612,,,,,68.81
server-3090,4501,aircraft,beitv2_base_patch16_224_in22k,0,224,64,/hdd/edwin/results_backbones/cal_ckpts/aircraft_beitv2_base_patch16_224_in22k_cal.pth,,,True,5.0,32,head,False,float16,True,True,True,False,False,91.21,0.0,1.0332,88.188928,,,,,168.15
server-3090,4501,aircraft,beitv2_base_patch16_224_in22k,0,224,64,/hdd/edwin/results_backbones/ft_ckpts/aircraft_beitv2_base_patch16_224_in22k.pth,,,True,5.0,32,head,False,float16,True,True,True,False,False,84.76,0.0,0.7539,85.783588,,,,,67.67
server-3090,4501,aircraft,beitv2_base_patch16_224_in22k,0,224,64,/hdd/edwin/results_backbones/fz_ckpts/aircraft_beitv2_base_patch16_224_in22k_fz.pth,,,True,5.0,32,head,False,float16,True,True,True,False,False,55.03,0.0,0.7539,85.783588,,,,,66.82
server-3090,4501,aircraft,swin_base_patch4_window7_224_in22k,0,224,64,/hdd/edwin/results_backbones/cal_ckpts/aircraft_swin_base_patch4_window7_224_in22k_cal.pth,,,True,5.0,32,head,False,float16,True,True,True,False,False,91.72,0.0,1.8438,89.944568,,,,,245.99
server-3090,4501,aircraft,swin_base_patch4_window7_224_in22k,0,224,64,/hdd/edwin/results_backbones/ft_ckpts/aircraft_swin_base_patch4_window7_224_in22k.pth,,,True,5.0,32,head,False,float16,True,True,True,False,False,87.55,0.0,1.5234,86.737436,,,,,70.7
server-3090,4501,aircraft,swin_base_patch4_window7_224_in22k,0,224,64,/hdd/edwin/results_backbones/fz_ckpts/aircraft_swin_base_patch4_window7_224_in22k_fz.pth,,,True,5.0,32,head,False,float16,True,True,True,False,False,68.26,0.0,1.5234,86.737436,,,,,71.49
server-3090,4501,aircraft,vit_b16,0,224,64,/hdd/edwin/results_backbones/cal_ckpts/aircraft_vit_b16_cal.pth,,,True,5.0,32,head,False,float16,True,True,True,False,False,84.94,0.0,1.1582,88.196416,,,,,206.84
server-3090,4501,aircraft,vit_b16,0,224,64,/hdd/edwin/results_backbones/ft_ckpts/aircraft_vit_b16.pth,,,True,5.0,32,head,False,float16,True,True,True,False,False,81.49,0.0,0.7754,85.792612,,,,,69.41
server-3090,4501,aircraft,vit_b16,0,224,64,/hdd/edwin/results_backbones/fz_ckpts/aircraft_vit_b16_fz.pth,,,True,5.0,32,head,False,float16,True,True,True,False,False,58.54,0.0,0.7754,85.792612,,,,,68.66
server-3090,4502,aircraft,beitv2_base_patch16_224_in22k,0,224,64,/hdd/edwin/results_backbones/cal_ckpts/aircraft_beitv2_base_patch16_224_in22k_cal.pth,,,True,5.0,128,head,False,float16,True,True,True,False,False,91.18,0.0,1.0254,88.188928,,,,,167.97
server-3090,4502,aircraft,beitv2_base_patch16_224_in22k,0,224,64,/hdd/edwin/results_backbones/ft_ckpts/aircraft_beitv2_base_patch16_224_in22k.pth,,,True,5.0,128,head,False,float16,True,True,True,False,False,84.91,0.0,0.7461,85.783588,,,,,67.4
server-3090,4502,aircraft,beitv2_base_patch16_224_in22k,0,224,64,/hdd/edwin/results_backbones/fz_ckpts/aircraft_beitv2_base_patch16_224_in22k_fz.pth,,,True,5.0,128,head,False,float16,True,True,True,False,False,54.16,0.0,0.7461,85.783588,,,,,65.93
server-3090,4502,aircraft,swin_base_patch4_window7_224_in22k,0,224,64,/hdd/edwin/results_backbones/cal_ckpts/aircraft_swin_base_patch4_window7_224_in22k_cal.pth,,,True,5.0,128,head,False,float16,True,True,True,False,False,91.6,0.0,1.834,89.944568,,,,,246.59
server-3090,4502,aircraft,swin_base_patch4_window7_224_in22k,0,224,64,/hdd/edwin/results_backbones/ft_ckpts/aircraft_swin_base_patch4_window7_224_in22k.pth,,,True,5.0,128,head,False,float16,True,True,True,False,False,87.49,0.0,1.5137,86.737436,,,,,71.04
server-3090,4502,aircraft,swin_base_patch4_window7_224_in22k,0,224,64,/hdd/edwin/results_backbones/fz_ckpts/aircraft_swin_base_patch4_window7_224_in22k_fz.pth,,,True,5.0,128,head,False,float16,True,True,True,False,False,68.11,0.0,1.5137,86.737436,,,,,70.51
server-3090,4502,aircraft,vit_b16,0,224,64,/hdd/edwin/results_backbones/cal_ckpts/aircraft_vit_b16_cal.pth,,,True,5.0,128,head,False,float16,True,True,True,False,False,85.03,0.0,1.1523,88.196416,,,,,207.77
server-3090,4502,aircraft,vit_b16,0,224,64,/hdd/edwin/results_backbones/ft_ckpts/aircraft_vit_b16.pth,,,True,5.0,128,head,False,float16,True,True,True,False,False,81.37,0.0,0.7695,85.792612,,,,,70.53
server-3090,4502,aircraft,vit_b16,0,224,64,/hdd/edwin/results_backbones/fz_ckpts/aircraft_vit_b16_fz.pth,,,True,5.0,128,head,False,float16,True,True,True,False,False,58.27,0.0,0.7695,85.792612,,,,,69.2
server-3090,4503,aircraft,beitv2_base_patch16_224_in22k,0,224,64,/hdd/edwin/results_backbones/cal_ckpts/aircraft_beitv2_base_patch16_224_in22k_cal.pth,,,True,5.0,512,head,False,float16,True,True,True,False,False,90.94,0.0,1.0234,88.188928,,,,,166.97
server-3090,4503,aircraft,beitv2_base_patch16_224_in22k,0,224,64,/hdd/edwin/results_backbones/ft_ckpts/aircraft_beitv2_base_patch16_224_in22k.pth,,,True,5.0,512,head,False,float16,True,True,True,False,False,84.13,0.0,0.7441,85.783588,,,,,67.4
server-3090,4503,aircraft,beitv2_base_patch16_224_in22k,0,224,64,/hdd/edwin/results_backbones/fz_ckpts/aircraft_beitv2_base_patch16_224_in22k_fz.pth,,,True,5.0,512,head,False,float16,True,True,True,False,False,52.12,0.0,0.7441,85.783588,,,,,67.68
server-3090,4503,aircraft,swin_base_patch4_window7_224_in22k,0,224,64,/hdd/edwin/results_backbones/cal_ckpts/aircraft_swin_base_patch4_window7_224_in22k_cal.pth,,,True,5.0,512,head,False,float16,True,True,True,False,False,91.27,0.0,1.832,89.944568,,,,,246.81
server-3090,4503,aircraft,swin_base_patch4_window7_224_in22k,0,224,64,/hdd/edwin/results_backbones/ft_ckpts/aircraft_swin_base_patch4_window7_224_in22k.pth,,,True,5.0,512,head,False,float16,True,True,True,False,False,87.31,0.0,1.5117,86.737436,,,,,71.7
server-3090,4503,aircraft,swin_base_patch4_window7_224_in22k,0,224,64,/hdd/edwin/results_backbones/fz_ckpts/aircraft_swin_base_patch4_window7_224_in22k_fz.pth,,,True,5.0,512,head,False,float16,True,True,True,False,False,67.57,0.0,1.5117,86.737436,,,,,70.8
server-3090,4503,aircraft,vit_b16,0,224,64,/hdd/edwin/results_backbones/cal_ckpts/aircraft_vit_b16_cal.pth,,,True,5.0,512,head,False,float16,True,True,True,False,False,85.03,0.0,1.1523,88.196416,,,,,207.32
server-3090,4503,aircraft,vit_b16,0,224,64,/hdd/edwin/results_backbones/ft_ckpts/aircraft_vit_b16.pth,,,True,5.0,512,head,False,float16,True,True,True,False,False,81.46,0.0,0.7695,85.792612,,,,,69.17
server-3090,4503,aircraft,vit_b16,0,224,64,/hdd/edwin/results_backbones/fz_ckpts/aircraft_vit_b16_fz.pth,,,True,5.0,512,head,False,float16,True,True,True,False,False,57.97,0.0,0.7695,85.792612,,,,,68.55
server-3090,4600,aircraft,beitv2_base_patch16_224_in22k,0,224,64,/hdd/edwin/results_backbones/cal_ckpts/aircraft_beitv2_base_patch16_224_in22k_cal.pth,,,True,6.0,8,head,False,float16,True,True,True,False,False,91.18,0.0,1.0703,88.188928,,,,,167.34
server-3090,4600,aircraft,beitv2_base_patch16_224_in22k,0,224,64,/hdd/edwin/results_backbones/ft_ckpts/aircraft_beitv2_base_patch16_224_in22k.pth,,,True,6.0,8,head,False,float16,True,True,True,False,False,85.51,0.0,0.7891,85.783588,,,,,68.74
server-3090,4600,aircraft,beitv2_base_patch16_224_in22k,0,224,64,/hdd/edwin/results_backbones/fz_ckpts/aircraft_beitv2_base_patch16_224_in22k_fz.pth,,,True,6.0,8,head,False,float16,True,True,True,False,False,55.54,0.0,0.7891,85.783588,,,,,67.85
server-3090,4600,aircraft,swin_base_patch4_window7_224_in22k,0,224,64,/hdd/edwin/results_backbones/cal_ckpts/aircraft_swin_base_patch4_window7_224_in22k_cal.pth,,,True,6.0,8,head,False,float16,True,True,True,False,False,91.72,0.0,1.8867,89.944568,,,,,247.09
server-3090,4600,aircraft,swin_base_patch4_window7_224_in22k,0,224,64,/hdd/edwin/results_backbones/ft_ckpts/aircraft_swin_base_patch4_window7_224_in22k.pth,,,True,6.0,8,head,False,float16,True,True,True,False,False,87.73,0.0,1.5352,86.737436,,,,,71.74
server-3090,4600,aircraft,swin_base_patch4_window7_224_in22k,0,224,64,/hdd/edwin/results_backbones/fz_ckpts/aircraft_swin_base_patch4_window7_224_in22k_fz.pth,,,True,6.0,8,head,False,float16,True,True,True,False,False,68.26,0.0,1.5371,86.737436,,,,,70.41
server-3090,4600,aircraft,vit_b16,0,224,64,/hdd/edwin/results_backbones/cal_ckpts/aircraft_vit_b16_cal.pth,,,True,6.0,8,head,False,float16,True,True,True,False,False,85.33,0.0,1.1914,88.196416,,,,,207.19
server-3090,4600,aircraft,vit_b16,0,224,64,/hdd/edwin/results_backbones/ft_ckpts/aircraft_vit_b16.pth,,,True,6.0,8,head,False,float16,True,True,True,False,False,82.12,0.0,0.8066,85.792612,,,,,69.7
server-3090,4600,aircraft,vit_b16,0,224,64,/hdd/edwin/results_backbones/fz_ckpts/aircraft_vit_b16_fz.pth,,,True,6.0,8,head,False,float16,True,True,True,False,False,58.57,0.0,0.8066,85.792612,,,,,68.67
server-3090,4601,aircraft,beitv2_base_patch16_224_in22k,0,224,64,/hdd/edwin/results_backbones/cal_ckpts/aircraft_beitv2_base_patch16_224_in22k_cal.pth,,,True,6.0,32,head,False,float16,True,True,True,False,False,91.21,0.0,1.0332,88.188928,,,,,166.86
server-3090,4601,aircraft,beitv2_base_patch16_224_in22k,0,224,64,/hdd/edwin/results_backbones/ft_ckpts/aircraft_beitv2_base_patch16_224_in22k.pth,,,True,6.0,32,head,False,float16,True,True,True,False,False,85.54,0.0,0.7539,85.783588,,,,,67.6
server-3090,4601,aircraft,beitv2_base_patch16_224_in22k,0,224,64,/hdd/edwin/results_backbones/fz_ckpts/aircraft_beitv2_base_patch16_224_in22k_fz.pth,,,True,6.0,32,head,False,float16,True,True,True,False,False,55.03,0.0,0.7539,85.783588,,,,,67.6
server-3090,4601,aircraft,swin_base_patch4_window7_224_in22k,0,224,64,/hdd/edwin/results_backbones/cal_ckpts/aircraft_swin_base_patch4_window7_224_in22k_cal.pth,,,True,6.0,32,head,False,float16,True,True,True,False,False,91.69,0.0,1.8438,89.944568,,,,,247.42
server-3090,4601,aircraft,swin_base_patch4_window7_224_in22k,0,224,64,/hdd/edwin/results_backbones/ft_ckpts/aircraft_swin_base_patch4_window7_224_in22k.pth,,,True,6.0,32,head,False,float16,True,True,True,False,False,87.73,0.0,1.5234,86.737436,,,,,71.53
server-3090,4601,aircraft,swin_base_patch4_window7_224_in22k,0,224,64,/hdd/edwin/results_backbones/fz_ckpts/aircraft_swin_base_patch4_window7_224_in22k_fz.pth,,,True,6.0,32,head,False,float16,True,True,True,False,False,68.2,0.0,1.5234,86.737436,,,,,70.24
server-3090,4601,aircraft,vit_b16,0,224,64,/hdd/edwin/results_backbones/cal_ckpts/aircraft_vit_b16_cal.pth,,,True,6.0,32,head,False,float16,True,True,True,False,False,85.3,0.0,1.1602,88.196416,,,,,207.08
server-3090,4601,aircraft,vit_b16,0,224,64,/hdd/edwin/results_backbones/ft_ckpts/aircraft_vit_b16.pth,,,True,6.0,32,head,False,float16,True,True,True,False,False,81.85,0.0,0.7754,85.792612,,,,,69.67
server-3090,4601,aircraft,vit_b16,0,224,64,/hdd/edwin/results_backbones/fz_ckpts/aircraft_vit_b16_fz.pth,,,True,6.0,32,head,False,float16,True,True,True,False,False,58.09,0.0,0.7754,85.792612,,,,,69.27
server-3090,4602,aircraft,beitv2_base_patch16_224_in22k,0,224,64,/hdd/edwin/results_backbones/cal_ckpts/aircraft_beitv2_base_patch16_224_in22k_cal.pth,,,True,6.0,128,head,False,float16,True,True,True,False,False,91.24,0.0,1.0254,88.188928,,,,,167.45
server-3090,4602,aircraft,beitv2_base_patch16_224_in22k,0,224,64,/hdd/edwin/results_backbones/ft_ckpts/aircraft_beitv2_base_patch16_224_in22k.pth,,,True,6.0,128,head,False,float16,True,True,True,False,False,85.33,0.0,0.7461,85.783588,,,,,67.64
server-3090,4602,aircraft,beitv2_base_patch16_224_in22k,0,224,64,/hdd/edwin/results_backbones/fz_ckpts/aircraft_beitv2_base_patch16_224_in22k_fz.pth,,,True,6.0,128,head,False,float16,True,True,True,False,False,54.73,0.0,0.7461,85.783588,,,,,66.43
server-3090,4602,aircraft,swin_base_patch4_window7_224_in22k,0,224,64,/hdd/edwin/results_backbones/cal_ckpts/aircraft_swin_base_patch4_window7_224_in22k_cal.pth,,,True,6.0,128,head,False,float16,True,True,True,False,False,91.51,0.0,1.834,89.944568,,,,,246.81
server-3090,4602,aircraft,swin_base_patch4_window7_224_in22k,0,224,64,/hdd/edwin/results_backbones/ft_ckpts/aircraft_swin_base_patch4_window7_224_in22k.pth,,,True,6.0,128,head,False,float16,True,True,True,False,False,87.58,0.0,1.5137,86.737436,,,,,71.57
server-3090,4602,aircraft,swin_base_patch4_window7_224_in22k,0,224,64,/hdd/edwin/results_backbones/fz_ckpts/aircraft_swin_base_patch4_window7_224_in22k_fz.pth,,,True,6.0,128,head,False,float16,True,True,True,False,False,68.05,0.0,1.5137,86.737436,,,,,71.28
server-3090,4602,aircraft,vit_b16,0,224,64,/hdd/edwin/results_backbones/cal_ckpts/aircraft_vit_b16_cal.pth,,,True,6.0,128,head,False,float16,True,True,True,False,False,85.21,0.0,1.1523,88.196416,,,,,207.67
server-3090,4602,aircraft,vit_b16,0,224,64,/hdd/edwin/results_backbones/ft_ckpts/aircraft_vit_b16.pth,,,True,6.0,128,head,False,float16,True,True,True,False,False,81.64,0.0,0.7695,85.792612,,,,,69.17
server-3090,4602,aircraft,vit_b16,0,224,64,/hdd/edwin/results_backbones/fz_ckpts/aircraft_vit_b16_fz.pth,,,True,6.0,128,head,False,float16,True,True,True,False,False,58.09,0.0,0.7695,85.792612,,,,,69.59
server-3090,4603,aircraft,beitv2_base_patch16_224_in22k,0,224,64,/hdd/edwin/results_backbones/cal_ckpts/aircraft_beitv2_base_patch16_224_in22k_cal.pth,,,True,6.0,512,head,False,float16,True,True,True,False,False,91.12,0.0,1.0234,88.188928,,,,,167.1
server-3090,4603,aircraft,beitv2_base_patch16_224_in22k,0,224,64,/hdd/edwin/results_backbones/ft_ckpts/aircraft_beitv2_base_patch16_224_in22k.pth,,,True,6.0,512,head,False,float16,True,True,True,False,False,85.33,0.0,0.7441,85.783588,,,,,67.92
server-3090,4603,aircraft,beitv2_base_patch16_224_in22k,0,224,64,/hdd/edwin/results_backbones/fz_ckpts/aircraft_beitv2_base_patch16_224_in22k_fz.pth,,,True,6.0,512,head,False,float16,True,True,True,False,False,55.27,0.0,0.7441,85.783588,,,,,67.26
server-3090,4603,aircraft,swin_base_patch4_window7_224_in22k,0,224,64,/hdd/edwin/results_backbones/cal_ckpts/aircraft_swin_base_patch4_window7_224_in22k_cal.pth,,,True,6.0,512,head,False,float16,True,True,True,False,False,91.6,0.0,1.832,89.944568,,,,,247.25
server-3090,4603,aircraft,swin_base_patch4_window7_224_in22k,0,224,64,/hdd/edwin/results_backbones/ft_ckpts/aircraft_swin_base_patch4_window7_224_in22k.pth,,,True,6.0,512,head,False,float16,True,True,True,False,False,87.64,0.0,1.5117,86.737436,,,,,71.61
server-3090,4603,aircraft,swin_base_patch4_window7_224_in22k,0,224,64,/hdd/edwin/results_backbones/fz_ckpts/aircraft_swin_base_patch4_window7_224_in22k_fz.pth,,,True,6.0,512,head,False,float16,True,True,True,False,False,68.14,0.0,1.5117,86.737436,,,,,70.83
server-3090,4603,aircraft,vit_b16,0,224,64,/hdd/edwin/results_backbones/cal_ckpts/aircraft_vit_b16_cal.pth,,,True,6.0,512,head,False,float16,True,True,True,False,False,85.39,0.0,1.1523,88.196416,,,,,208.19
server-3090,4603,aircraft,vit_b16,0,224,64,/hdd/edwin/results_backbones/ft_ckpts/aircraft_vit_b16.pth,,,True,6.0,512,head,False,float16,True,True,True,False,False,81.82,0.0,0.7695,85.792612,,,,,69.56
server-3090,4603,aircraft,vit_b16,0,224,64,/hdd/edwin/results_backbones/fz_ckpts/aircraft_vit_b16_fz.pth,,,True,6.0,512,head,False,float16,True,True,True,False,False,58.18,0.0,0.7695,85.792612,,,,,69.86
server-3090,4700,aircraft,beitv2_base_patch16_224_in22k,0,224,64,/hdd/edwin/results_backbones/cal_ckpts/aircraft_beitv2_base_patch16_224_in22k_cal.pth,,,True,8.0,8,head,False,float16,True,True,True,False,False,91.18,0.0,1.0703,88.188928,,,,,167.64
server-3090,4700,aircraft,beitv2_base_patch16_224_in22k,0,224,64,/hdd/edwin/results_backbones/ft_ckpts/aircraft_beitv2_base_patch16_224_in22k.pth,,,True,8.0,8,head,False,float16,True,True,True,False,False,85.39,0.0,0.791,85.783588,,,,,67.32
server-3090,4700,aircraft,beitv2_base_patch16_224_in22k,0,224,64,/hdd/edwin/results_backbones/fz_ckpts/aircraft_beitv2_base_patch16_224_in22k_fz.pth,,,True,8.0,8,head,False,float16,True,True,True,False,False,55.51,0.0,0.7891,85.783588,,,,,69.18
server-3090,4700,aircraft,swin_base_patch4_window7_224_in22k,0,224,64,/hdd/edwin/results_backbones/cal_ckpts/aircraft_swin_base_patch4_window7_224_in22k_cal.pth,,,True,8.0,8,head,False,float16,True,True,True,False,False,91.75,0.0,1.8867,89.944568,,,,,247.07
server-3090,4700,aircraft,swin_base_patch4_window7_224_in22k,0,224,64,/hdd/edwin/results_backbones/ft_ckpts/aircraft_swin_base_patch4_window7_224_in22k.pth,,,True,8.0,8,head,False,float16,True,True,True,False,False,87.79,0.0,1.5352,86.737436,,,,,70.28
server-3090,4700,aircraft,swin_base_patch4_window7_224_in22k,0,224,64,/hdd/edwin/results_backbones/fz_ckpts/aircraft_swin_base_patch4_window7_224_in22k_fz.pth,,,True,8.0,8,head,False,float16,True,True,True,False,False,68.23,0.0,1.5371,86.737436,,,,,69.89
server-3090,4700,aircraft,vit_b16,0,224,64,/hdd/edwin/results_backbones/cal_ckpts/aircraft_vit_b16_cal.pth,,,True,8.0,8,head,False,float16,True,True,True,False,False,85.15,0.0,1.1914,88.196416,,,,,209.11
server-3090,4700,aircraft,vit_b16,0,224,64,/hdd/edwin/results_backbones/ft_ckpts/aircraft_vit_b16.pth,,,True,8.0,8,head,False,float16,True,True,True,False,False,82.06,0.0,0.8066,85.792612,,,,,70.05
server-3090,4700,aircraft,vit_b16,0,224,64,/hdd/edwin/results_backbones/fz_ckpts/aircraft_vit_b16_fz.pth,,,True,8.0,8,head,False,float16,True,True,True,False,False,58.3,0.0,0.8086,85.792612,,,,,68.8
server-3090,4701,aircraft,beitv2_base_patch16_224_in22k,0,224,64,/hdd/edwin/results_backbones/cal_ckpts/aircraft_beitv2_base_patch16_224_in22k_cal.pth,,,True,8.0,32,head,False,float16,True,True,True,False,False,91.12,0.0,1.0332,88.188928,,,,,167.61
server-3090,4701,aircraft,beitv2_base_patch16_224_in22k,0,224,64,/hdd/edwin/results_backbones/ft_ckpts/aircraft_beitv2_base_patch16_224_in22k.pth,,,True,8.0,32,head,False,float16,True,True,True,False,False,85.39,0.0,0.7539,85.783588,,,,,67.85
server-3090,4701,aircraft,beitv2_base_patch16_224_in22k,0,224,64,/hdd/edwin/results_backbones/fz_ckpts/aircraft_beitv2_base_patch16_224_in22k_fz.pth,,,True,8.0,32,head,False,float16,True,True,True,False,False,55.48,0.0,0.7539,85.783588,,,,,66.93
server-3090,4701,aircraft,swin_base_patch4_window7_224_in22k,0,224,64,/hdd/edwin/results_backbones/cal_ckpts/aircraft_swin_base_patch4_window7_224_in22k_cal.pth,,,True,8.0,32,head,False,float16,True,True,True,False,False,91.78,0.0,1.8438,89.944568,,,,,245.82
server-3090,4701,aircraft,swin_base_patch4_window7_224_in22k,0,224,64,/hdd/edwin/results_backbones/ft_ckpts/aircraft_swin_base_patch4_window7_224_in22k.pth,,,True,8.0,32,head,False,float16,True,True,True,False,False,87.79,0.0,1.5234,86.737436,,,,,70.21
server-3090,4701,aircraft,swin_base_patch4_window7_224_in22k,0,224,64,/hdd/edwin/results_backbones/fz_ckpts/aircraft_swin_base_patch4_window7_224_in22k_fz.pth,,,True,8.0,32,head,False,float16,True,True,True,False,False,68.2,0.0,1.5234,86.737436,,,,,70.94
server-3090,4701,aircraft,vit_b16,0,224,64,/hdd/edwin/results_backbones/cal_ckpts/aircraft_vit_b16_cal.pth,,,True,8.0,32,head,False,float16,True,True,True,False,False,85.27,0.0,1.1582,88.196416,,,,,208.09
server-3090,4701,aircraft,vit_b16,0,224,64,/hdd/edwin/results_backbones/ft_ckpts/aircraft_vit_b16.pth,,,True,8.0,32,head,False,float16,True,True,True,False,False,82.09,0.0,0.7754,85.792612,,,,,69.74
server-3090,4701,aircraft,vit_b16,0,224,64,/hdd/edwin/results_backbones/fz_ckpts/aircraft_vit_b16_fz.pth,,,True,8.0,32,head,False,float16,True,True,True,False,False,58.48,0.0,0.7754,85.792612,,,,,69.08
server-3090,4702,aircraft,beitv2_base_patch16_224_in22k,0,224,64,/hdd/edwin/results_backbones/cal_ckpts/aircraft_beitv2_base_patch16_224_in22k_cal.pth,,,True,8.0,128,head,False,float16,True,True,True,False,False,91.21,0.0,1.0254,88.188928,,,,,167.61
server-3090,4702,aircraft,beitv2_base_patch16_224_in22k,0,224,64,/hdd/edwin/results_backbones/ft_ckpts/aircraft_beitv2_base_patch16_224_in22k.pth,,,True,8.0,128,head,False,float16,True,True,True,False,False,85.39,0.0,0.7461,85.783588,,,,,67.7
server-3090,4702,aircraft,beitv2_base_patch16_224_in22k,0,224,64,/hdd/edwin/results_backbones/fz_ckpts/aircraft_beitv2_base_patch16_224_in22k_fz.pth,,,True,8.0,128,head,False,float16,True,True,True,False,False,55.21,0.0,0.7461,85.783588,,,,,67.38
server-3090,4702,aircraft,swin_base_patch4_window7_224_in22k,0,224,64,/hdd/edwin/results_backbones/cal_ckpts/aircraft_swin_base_patch4_window7_224_in22k_cal.pth,,,True,8.0,128,head,False,float16,True,True,True,False,False,91.69,0.0,1.834,89.944568,,,,,246.91
server-3090,4702,aircraft,swin_base_patch4_window7_224_in22k,0,224,64,/hdd/edwin/results_backbones/ft_ckpts/aircraft_swin_base_patch4_window7_224_in22k.pth,,,True,8.0,128,head,False,float16,True,True,True,False,False,87.7,0.0,1.5137,86.737436,,,,,70.73
server-3090,4702,aircraft,swin_base_patch4_window7_224_in22k,0,224,64,/hdd/edwin/results_backbones/fz_ckpts/aircraft_swin_base_patch4_window7_224_in22k_fz.pth,,,True,8.0,128,head,False,float16,True,True,True,False,False,68.14,0.0,1.5137,86.737436,,,,,70.04
server-3090,4702,aircraft,vit_b16,0,224,64,/hdd/edwin/results_backbones/cal_ckpts/aircraft_vit_b16_cal.pth,,,True,8.0,128,head,False,float16,True,True,True,False,False,85.21,0.0,1.1523,88.196416,,,,,206.72
server-3090,4702,aircraft,vit_b16,0,224,64,/hdd/edwin/results_backbones/ft_ckpts/aircraft_vit_b16.pth,,,True,8.0,128,head,False,float16,True,True,True,False,False,82.06,0.0,0.7695,85.792612,,,,,69.7
server-3090,4702,aircraft,vit_b16,0,224,64,/hdd/edwin/results_backbones/fz_ckpts/aircraft_vit_b16_fz.pth,,,True,8.0,128,head,False,float16,True,True,True,False,False,58.63,0.0,0.7695,85.792612,,,,,69.32
server-3090,4703,aircraft,beitv2_base_patch16_224_in22k,0,224,64,/hdd/edwin/results_backbones/cal_ckpts/aircraft_beitv2_base_patch16_224_in22k_cal.pth,,,True,8.0,512,head,False,float16,True,True,True,False,False,91.39,0.0,1.0234,88.188928,,,,,167.02
server-3090,4703,aircraft,beitv2_base_patch16_224_in22k,0,224,64,/hdd/edwin/results_backbones/ft_ckpts/aircraft_beitv2_base_patch16_224_in22k.pth,,,True,8.0,512,head,False,float16,True,True,True,False,False,85.36,0.0,0.7441,85.783588,,,,,67.92
server-3090,4703,aircraft,beitv2_base_patch16_224_in22k,0,224,64,/hdd/edwin/results_backbones/fz_ckpts/aircraft_beitv2_base_patch16_224_in22k_fz.pth,,,True,8.0,512,head,False,float16,True,True,True,False,False,55.0,0.0,0.7441,85.783588,,,,,68.99
server-3090,4703,aircraft,swin_base_patch4_window7_224_in22k,0,224,64,/hdd/edwin/results_backbones/cal_ckpts/aircraft_swin_base_patch4_window7_224_in22k_cal.pth,,,True,8.0,512,head,False,float16,True,True,True,False,False,91.81,0.0,1.832,89.944568,,,,,246.72
server-3090,4703,aircraft,swin_base_patch4_window7_224_in22k,0,224,64,/hdd/edwin/results_backbones/ft_ckpts/aircraft_swin_base_patch4_window7_224_in22k.pth,,,True,8.0,512,head,False,float16,True,True,True,False,False,87.7,0.0,1.5117,86.737436,,,,,69.07
server-3090,4703,aircraft,swin_base_patch4_window7_224_in22k,0,224,64,/hdd/edwin/results_backbones/fz_ckpts/aircraft_swin_base_patch4_window7_224_in22k_fz.pth,,,True,8.0,512,head,False,float16,True,True,True,False,False,68.2,0.0,1.5117,86.737436,,,,,71.44
server-3090,4703,aircraft,vit_b16,0,224,64,/hdd/edwin/results_backbones/cal_ckpts/aircraft_vit_b16_cal.pth,,,True,8.0,512,head,False,float16,True,True,True,False,False,85.39,0.0,1.1523,88.196416,,,,,207.67
server-3090,4703,aircraft,vit_b16,0,224,64,/hdd/edwin/results_backbones/ft_ckpts/aircraft_vit_b16.pth,,,True,8.0,512,head,False,float16,True,True,True,False,False,82.06,0.0,0.7695,85.792612,,,,,70.37
server-3090,4703,aircraft,vit_b16,0,224,64,/hdd/edwin/results_backbones/fz_ckpts/aircraft_vit_b16_fz.pth,,,True,8.0,512,head,False,float16,True,True,True,False,False,58.39,0.0,0.7695,85.792612,,,,,68.75
server-3090,4999,aircraft,beitv2_base_patch16_224_in22k,0,224,64,/hdd/edwin/results_backbones/cal_ckpts/aircraft_beitv2_base_patch16_224_in22k_cal.pth,,,False,4.0,64,head,False,float16,True,True,True,False,False,,,,,91.21,0.0,1.2559,88.244224,440.9
server-3090,4999,aircraft,beitv2_base_patch16_224_in22k,0,224,64,/hdd/edwin/results_backbones/ft_ckpts/aircraft_beitv2_base_patch16_224_in22k.pth,,,False,4.0,64,head,False,float16,True,True,True,False,False,,,,,85.45,0.0,0.9062,85.838884,92.88
server-3090,4999,aircraft,beitv2_base_patch16_224_in22k,0,224,64,/hdd/edwin/results_backbones/fz_ckpts/aircraft_beitv2_base_patch16_224_in22k_fz.pth,,,False,4.0,64,head,False,float16,True,True,True,False,False,,,,,55.51,0.0,0.9062,85.838884,79.61
server-3090,4999,aircraft,swin_base_patch4_window7_224_in22k,0,224,64,/hdd/edwin/results_backbones/cal_ckpts/aircraft_swin_base_patch4_window7_224_in22k_cal.pth,,,False,4.0,64,head,False,float16,True,True,True,False,False,,,,,91.78,0.0,2.3105,90.052856,469.13
server-3090,4999,aircraft,swin_base_patch4_window7_224_in22k,0,224,64,/hdd/edwin/results_backbones/ft_ckpts/aircraft_swin_base_patch4_window7_224_in22k.pth,,,False,4.0,64,head,False,float16,True,True,True,False,False,,,,,87.79,0.0,1.7461,86.845724,91.61
server-3090,4999,aircraft,swin_base_patch4_window7_224_in22k,0,224,64,/hdd/edwin/results_backbones/fz_ckpts/aircraft_swin_base_patch4_window7_224_in22k_fz.pth,,,False,4.0,64,head,False,float16,True,True,True,False,False,,,,,68.29,0.0,1.7461,86.845724,92.66
server-3090,4999,aircraft,vit_b16,0,224,64,/hdd/edwin/results_backbones/cal_ckpts/aircraft_vit_b16_cal.pth,,,False,4.0,64,head,False,float16,True,True,True,False,False,,,,,85.18,0.0,1.4453,88.27936,1001.24
server-3090,4999,aircraft,vit_b16,0,224,64,/hdd/edwin/results_backbones/ft_ckpts/aircraft_vit_b16.pth,,,False,4.0,64,head,False,float16,True,True,True,False,False,,,,,82.15,0.0,1.0059,85.875556,92.74
server-3090,4999,aircraft,vit_b16,0,224,64,/hdd/edwin/results_backbones/fz_ckpts/aircraft_vit_b16_fz.pth,,,False,4.0,64,head,False,float16,True,True,True,False,False,,,,,58.3,0.0,1.0059,85.875556,90.81
server-3090,4000,cars,beitv2_base_patch16_224_in22k,0,224,64,/hdd/edwin/results_backbones/cal_ckpts/cars_beitv2_base_patch16_224_in22k_cal.pth,,,True,1.0,8,head,False,float16,True,True,True,False,False,0.55,0.0,0.8516,12.015616,,,,,1571.75
server-3090,4000,cars,beitv2_base_patch16_224_in22k,0,224,64,/hdd/edwin/results_backbones/ft_ckpts/cars_beitv2_base_patch16_224_in22k.pth,,,True,1.0,8,head,False,float16,True,True,True,False,False,0.62,0.0,0.5352,11.539588,,,,,105.7
server-3090,4000,cars,beitv2_base_patch16_224_in22k,0,224,64,/hdd/edwin/results_backbones/fz_ckpts/cars_beitv2_base_patch16_224_in22k_fz.pth,,,True,1.0,8,head,False,float16,True,True,True,False,False,0.6,0.0,0.5352,11.539588,,,,,104.68
server-3090,4000,cars,swin_base_patch4_window7_224_in22k,0,224,64,/hdd/edwin/results_backbones/cal_ckpts/cars_swin_base_patch4_window7_224_in22k_cal.pth,,,True,1.0,8,head,False,float16,True,True,True,False,False,1.01,0.0,1.8398,11.776504,,,,,1819.67
server-3090,4000,cars,swin_base_patch4_window7_224_in22k,0,224,64,/hdd/edwin/results_backbones/ft_ckpts/cars_swin_base_patch4_window7_224_in22k.pth,,,True,1.0,8,head,False,float16,True,True,True,False,False,0.56,0.0,1.4473,11.141756,,,,,114.92
server-3090,4000,cars,swin_base_patch4_window7_224_in22k,0,224,64,/hdd/edwin/results_backbones/fz_ckpts/cars_swin_base_patch4_window7_224_in22k_fz.pth,,,True,1.0,8,head,False,float16,True,True,True,False,False,0.46,0.0,1.4473,11.141756,,,,,116.59
server-3090,4000,cars,vit_b16,0,224,64,/hdd/edwin/results_backbones/cal_ckpts/cars_vit_b16_cal.pth,,,True,1.0,8,head,False,float16,True,True,True,False,False,3.06,0.0,1.0039,12.023104,,,,,1286.97
server-3090,4000,cars,vit_b16,0,224,64,/hdd/edwin/results_backbones/ft_ckpts/cars_vit_b16.pth,,,True,1.0,8,head,False,float16,True,True,True,False,False,1.07,0.0,0.5957,11.548612,,,,,112.94
server-3090,4000,cars,vit_b16,0,224,64,/hdd/edwin/results_backbones/fz_ckpts/cars_vit_b16_fz.pth,,,True,1.0,8,head,False,float16,True,True,True,False,False,0.9,0.0,0.5957,11.548612,,,,,108.28
server-3090,4001,cars,beitv2_base_patch16_224_in22k,0,224,64,/hdd/edwin/results_backbones/cal_ckpts/cars_beitv2_base_patch16_224_in22k_cal.pth,,,True,1.0,32,head,False,float16,True,True,True,False,False,0.67,0.0,0.8203,12.015616,,,,,970.29
server-3090,4001,cars,beitv2_base_patch16_224_in22k,0,224,64,/hdd/edwin/results_backbones/ft_ckpts/cars_beitv2_base_patch16_224_in22k.pth,,,True,1.0,32,head,False,float16,True,True,True,False,False,0.5,0.0,0.5039,11.539588,,,,,111.3
server-3090,4001,cars,beitv2_base_patch16_224_in22k,0,224,64,/hdd/edwin/results_backbones/fz_ckpts/cars_beitv2_base_patch16_224_in22k_fz.pth,,,True,1.0,32,head,False,float16,True,True,True,False,False,0.49,0.0,0.5039,11.539588,,,,,104.56
server-3090,4001,cars,swin_base_patch4_window7_224_in22k,0,224,64,/hdd/edwin/results_backbones/cal_ckpts/cars_swin_base_patch4_window7_224_in22k_cal.pth,,,True,1.0,32,head,False,float16,True,True,True,False,False,0.55,0.0,1.793,11.776504,,,,,1084.79
server-3090,4001,cars,swin_base_patch4_window7_224_in22k,0,224,64,/hdd/edwin/results_backbones/ft_ckpts/cars_swin_base_patch4_window7_224_in22k.pth,,,True,1.0,32,head,False,float16,True,True,True,False,False,0.4,0.0,1.418,11.141756,,,,,114.15
server-3090,4001,cars,swin_base_patch4_window7_224_in22k,0,224,64,/hdd/edwin/results_backbones/fz_ckpts/cars_swin_base_patch4_window7_224_in22k_fz.pth,,,True,1.0,32,head,False,float16,True,True,True,False,False,0.67,0.0,1.418,11.141756,,,,,112.85
server-3090,4001,cars,vit_b16,0,224,64,/hdd/edwin/results_backbones/cal_ckpts/cars_vit_b16_cal.pth,,,True,1.0,32,head,False,float16,True,True,True,False,False,0.66,0.0,0.9746,12.023104,,,,,721.13
server-3090,4001,cars,vit_b16,0,224,64,/hdd/edwin/results_backbones/ft_ckpts/cars_vit_b16.pth,,,True,1.0,32,head,False,float16,True,True,True,False,False,0.4,0.0,0.5645,11.548612,,,,,106.87
server-3090,4001,cars,vit_b16,0,224,64,/hdd/edwin/results_backbones/fz_ckpts/cars_vit_b16_fz.pth,,,True,1.0,32,head,False,float16,True,True,True,False,False,0.66,0.0,0.5645,11.548612,,,,,116.29
server-3090,4002,cars,beitv2_base_patch16_224_in22k,0,224,64,/hdd/edwin/results_backbones/cal_ckpts/cars_beitv2_base_patch16_224_in22k_cal.pth,,,True,1.0,128,head,False,float16,True,True,True,False,False,0.51,0.0,0.8125,12.015616,,,,,530.09
server-3090,4002,cars,beitv2_base_patch16_224_in22k,0,224,64,/hdd/edwin/results_backbones/ft_ckpts/cars_beitv2_base_patch16_224_in22k.pth,,,True,1.0,128,head,False,float16,True,True,True,False,False,0.41,0.0,0.4961,11.539588,,,,,108.6
server-3090,4002,cars,beitv2_base_patch16_224_in22k,0,224,64,/hdd/edwin/results_backbones/fz_ckpts/cars_beitv2_base_patch16_224_in22k_fz.pth,,,True,1.0,128,head,False,float16,True,True,True,False,False,0.56,0.0,0.4961,11.539588,,,,,103.15
server-3090,4002,cars,swin_base_patch4_window7_224_in22k,0,224,64,/hdd/edwin/results_backbones/cal_ckpts/cars_swin_base_patch4_window7_224_in22k_cal.pth,,,True,1.0,128,head,False,float16,True,True,True,False,False,0.53,0.0,1.7852,11.776504,,,,,1032.44
server-3090,4002,cars,swin_base_patch4_window7_224_in22k,0,224,64,/hdd/edwin/results_backbones/ft_ckpts/cars_swin_base_patch4_window7_224_in22k.pth,,,True,1.0,128,head,False,float16,True,True,True,False,False,0.44,0.0,1.4102,11.141756,,,,,120.56
server-3090,4002,cars,swin_base_patch4_window7_224_in22k,0,224,64,/hdd/edwin/results_backbones/fz_ckpts/cars_swin_base_patch4_window7_224_in22k_fz.pth,,,True,1.0,128,head,False,float16,True,True,True,False,False,0.55,0.0,1.4102,11.141756,,,,,116.46
server-3090,4002,cars,vit_b16,0,224,64,/hdd/edwin/results_backbones/cal_ckpts/cars_vit_b16_cal.pth,,,True,1.0,128,head,False,float16,True,True,True,False,False,0.55,0.0,0.9648,12.023104,,,,,1117.31
server-3090,4002,cars,vit_b16,0,224,64,/hdd/edwin/results_backbones/ft_ckpts/cars_vit_b16.pth,,,True,1.0,128,head,False,float16,True,True,True,False,False,0.53,0.0,0.5566,11.548612,,,,,113.67
server-3090,4002,cars,vit_b16,0,224,64,/hdd/edwin/results_backbones/fz_ckpts/cars_vit_b16_fz.pth,,,True,1.0,128,head,False,float16,True,True,True,False,False,0.55,0.0,0.5566,11.548612,,,,,106.52
server-3090,4003,cars,beitv2_base_patch16_224_in22k,0,224,64,/hdd/edwin/results_backbones/cal_ckpts/cars_beitv2_base_patch16_224_in22k_cal.pth,,,True,1.0,512,head,False,float16,True,True,True,False,False,0.53,0.0,0.8105,12.015616,,,,,956.58
server-3090,4003,cars,beitv2_base_patch16_224_in22k,0,224,64,/hdd/edwin/results_backbones/ft_ckpts/cars_beitv2_base_patch16_224_in22k.pth,,,True,1.0,512,head,False,float16,True,True,True,False,False,0.5,0.0,0.4941,11.539588,,,,,104.74
server-3090,4003,cars,beitv2_base_patch16_224_in22k,0,224,64,/hdd/edwin/results_backbones/fz_ckpts/cars_beitv2_base_patch16_224_in22k_fz.pth,,,True,1.0,512,head,False,float16,True,True,True,False,False,0.52,0.0,0.4941,11.539588,,,,,105.27
server-3090,4003,cars,swin_base_patch4_window7_224_in22k,0,224,64,/hdd/edwin/results_backbones/cal_ckpts/cars_swin_base_patch4_window7_224_in22k_cal.pth,,,True,1.0,512,head,False,float16,True,True,True,False,False,0.51,0.0,1.7812,11.776504,,,,,871.97
server-3090,4003,cars,swin_base_patch4_window7_224_in22k,0,224,64,/hdd/edwin/results_backbones/ft_ckpts/cars_swin_base_patch4_window7_224_in22k.pth,,,True,1.0,512,head,False,float16,True,True,True,False,False,0.6,0.0,1.4082,11.141756,,,,,119.35
server-3090,4003,cars,swin_base_patch4_window7_224_in22k,0,224,64,/hdd/edwin/results_backbones/fz_ckpts/cars_swin_base_patch4_window7_224_in22k_fz.pth,,,True,1.0,512,head,False,float16,True,True,True,False,False,0.56,0.0,1.4062,11.141756,,,,,120.58
server-3090,4003,cars,vit_b16,0,224,64,/hdd/edwin/results_backbones/cal_ckpts/cars_vit_b16_cal.pth,,,True,1.0,512,head,False,float16,True,True,True,False,False,0.52,0.0,0.9629,12.023104,,,,,889.65
server-3090,4003,cars,vit_b16,0,224,64,/hdd/edwin/results_backbones/ft_ckpts/cars_vit_b16.pth,,,True,1.0,512,head,False,float16,True,True,True,False,False,0.52,0.0,0.5547,11.548612,,,,,107.82
server-3090,4003,cars,vit_b16,0,224,64,/hdd/edwin/results_backbones/fz_ckpts/cars_vit_b16_fz.pth,,,True,1.0,512,head,False,float16,True,True,True,False,False,0.7,0.0,0.5547,11.548612,,,,,107.9
server-3090,4100,cars,beitv2_base_patch16_224_in22k,0,224,64,/hdd/edwin/results_backbones/cal_ckpts/cars_beitv2_base_patch16_224_in22k_cal.pth,,,True,1.58,8,head,False,float16,True,True,True,False,False,3.0,0.0,0.8574,23.23456,,,,,572.01
server-3090,4100,cars,beitv2_base_patch16_224_in22k,0,224,64,/hdd/edwin/results_backbones/ft_ckpts/cars_beitv2_base_patch16_224_in22k.pth,,,True,1.58,8,head,False,float16,True,True,True,False,False,69.62,0.0,0.5469,22.15642,,,,,107.53
server-3090,4100,cars,beitv2_base_patch16_224_in22k,0,224,64,/hdd/edwin/results_backbones/fz_ckpts/cars_beitv2_base_patch16_224_in22k_fz.pth,,,True,1.58,8,head,False,float16,True,True,True,False,False,3.12,0.0,0.5469,22.15642,,,,,109.15
server-3090,4100,cars,swin_base_patch4_window7_224_in22k,0,224,64,/hdd/edwin/results_backbones/cal_ckpts/cars_swin_base_patch4_window7_224_in22k_cal.pth,,,True,1.58,8,head,False,float16,True,True,True,False,False,90.82,0.0,1.8516,23.39276,,,,,1161.66
server-3090,4100,cars,swin_base_patch4_window7_224_in22k,0,224,64,/hdd/edwin/results_backbones/ft_ckpts/cars_swin_base_patch4_window7_224_in22k.pth,,,True,1.58,8,head,False,float16,True,True,True,False,False,45.27,0.0,1.459,21.955196,,,,,118.81
server-3090,4100,cars,swin_base_patch4_window7_224_in22k,0,224,64,/hdd/edwin/results_backbones/fz_ckpts/cars_swin_base_patch4_window7_224_in22k_fz.pth,,,True,1.58,8,head,False,float16,True,True,True,False,False,51.97,0.0,1.459,21.955196,,,,,117.25
server-3090,4100,cars,vit_b16,0,224,64,/hdd/edwin/results_backbones/cal_ckpts/cars_vit_b16_cal.pth,,,True,1.58,8,head,False,float16,True,True,True,False,False,84.78,0.0,1.0117,23.242048,,,,,942.07
server-3090,4100,cars,vit_b16,0,224,64,/hdd/edwin/results_backbones/ft_ckpts/cars_vit_b16.pth,,,True,1.58,8,head,False,float16,True,True,True,False,False,67.34,0.0,0.6055,22.165444,,,,,106.19
server-3090,4100,cars,vit_b16,0,224,64,/hdd/edwin/results_backbones/fz_ckpts/cars_vit_b16_fz.pth,,,True,1.58,8,head,False,float16,True,True,True,False,False,30.51,0.0,0.6055,22.165444,,,,,110.74
server-3090,4101,cars,beitv2_base_patch16_224_in22k,0,224,64,/hdd/edwin/results_backbones/cal_ckpts/cars_beitv2_base_patch16_224_in22k_cal.pth,,,True,1.58,32,head,False,float16,True,True,True,False,False,0.63,0.0,0.8301,23.23456,,,,,679.04
server-3090,4101,cars,beitv2_base_patch16_224_in22k,0,224,64,/hdd/edwin/results_backbones/ft_ckpts/cars_beitv2_base_patch16_224_in22k.pth,,,True,1.58,32,head,False,float16,True,True,True,False,False,4.24,0.0,0.5137,22.15642,,,,,104.04
server-3090,4101,cars,beitv2_base_patch16_224_in22k,0,224,64,/hdd/edwin/results_backbones/fz_ckpts/cars_beitv2_base_patch16_224_in22k_fz.pth,,,True,1.58,32,head,False,float16,True,True,True,False,False,0.7,0.0,0.5137,22.15642,,,,,104.29
server-3090,4101,cars,swin_base_patch4_window7_224_in22k,0,224,64,/hdd/edwin/results_backbones/cal_ckpts/cars_swin_base_patch4_window7_224_in22k_cal.pth,,,True,1.58,32,head,False,float16,True,True,True,False,False,16.18,0.0,1.8066,23.39276,,,,,848.81
server-3090,4101,cars,swin_base_patch4_window7_224_in22k,0,224,64,/hdd/edwin/results_backbones/ft_ckpts/cars_swin_base_patch4_window7_224_in22k.pth,,,True,1.58,32,head,False,float16,True,True,True,False,False,0.92,0.0,1.4297,21.955196,,,,,112.0
server-3090,4101,cars,swin_base_patch4_window7_224_in22k,0,224,64,/hdd/edwin/results_backbones/fz_ckpts/cars_swin_base_patch4_window7_224_in22k_fz.pth,,,True,1.58,32,head,False,float16,True,True,True,False,False,1.27,0.0,1.4277,21.955196,,,,,117.04
server-3090,4101,cars,vit_b16,0,224,64,/hdd/edwin/results_backbones/cal_ckpts/cars_vit_b16_cal.pth,,,True,1.58,32,head,False,float16,True,True,True,False,False,22.06,0.0,0.9824,23.242048,,,,,842.33
server-3090,4101,cars,vit_b16,0,224,64,/hdd/edwin/results_backbones/ft_ckpts/cars_vit_b16.pth,,,True,1.58,32,head,False,float16,True,True,True,False,False,2.35,0.0,0.5742,22.165444,,,,,106.45
server-3090,4101,cars,vit_b16,0,224,64,/hdd/edwin/results_backbones/fz_ckpts/cars_vit_b16_fz.pth,,,True,1.58,32,head,False,float16,True,True,True,False,False,1.84,0.0,0.5742,22.165444,,,,,108.4
server-3090,4102,cars,beitv2_base_patch16_224_in22k,0,224,64,/hdd/edwin/results_backbones/cal_ckpts/cars_beitv2_base_patch16_224_in22k_cal.pth,,,True,1.58,128,head,False,float16,True,True,True,False,False,0.68,0.0,0.8223,23.23456,,,,,942.99
server-3090,4102,cars,beitv2_base_patch16_224_in22k,0,224,64,/hdd/edwin/results_backbones/ft_ckpts/cars_beitv2_base_patch16_224_in22k.pth,,,True,1.58,128,head,False,float16,True,True,True,False,False,0.67,0.0,0.5059,22.15642,,,,,109.88
server-3090,4102,cars,beitv2_base_patch16_224_in22k,0,224,64,/hdd/edwin/results_backbones/fz_ckpts/cars_beitv2_base_patch16_224_in22k_fz.pth,,,True,1.58,128,head,False,float16,True,True,True,False,False,0.5,0.0,0.5059,22.15642,,,,,102.76
server-3090,4102,cars,swin_base_patch4_window7_224_in22k,0,224,64,/hdd/edwin/results_backbones/cal_ckpts/cars_swin_base_patch4_window7_224_in22k_cal.pth,,,True,1.58,128,head,False,float16,True,True,True,False,False,0.61,0.0,1.7988,23.39276,,,,,1118.83
server-3090,4102,cars,swin_base_patch4_window7_224_in22k,0,224,64,/hdd/edwin/results_backbones/ft_ckpts/cars_swin_base_patch4_window7_224_in22k.pth,,,True,1.58,128,head,False,float16,True,True,True,False,False,0.45,0.0,1.4199,21.955196,,,,,118.22
server-3090,4102,cars,swin_base_patch4_window7_224_in22k,0,224,64,/hdd/edwin/results_backbones/fz_ckpts/cars_swin_base_patch4_window7_224_in22k_fz.pth,,,True,1.58,128,head,False,float16,True,True,True,False,False,0.5,0.0,1.4199,21.955196,,,,,111.44
server-3090,4102,cars,vit_b16,0,224,64,/hdd/edwin/results_backbones/cal_ckpts/cars_vit_b16_cal.pth,,,True,1.58,128,head,False,float16,True,True,True,False,False,0.77,0.0,0.9746,23.242048,,,,,692.19
server-3090,4102,cars,vit_b16,0,224,64,/hdd/edwin/results_backbones/ft_ckpts/cars_vit_b16.pth,,,True,1.58,128,head,False,float16,True,True,True,False,False,0.6,0.0,0.5664,22.165444,,,,,106.01
server-3090,4102,cars,vit_b16,0,224,64,/hdd/edwin/results_backbones/fz_ckpts/cars_vit_b16_fz.pth,,,True,1.58,128,head,False,float16,True,True,True,False,False,0.41,0.0,0.5664,22.165444,,,,,107.04
server-3090,4103,cars,beitv2_base_patch16_224_in22k,0,224,64,/hdd/edwin/results_backbones/cal_ckpts/cars_beitv2_base_patch16_224_in22k_cal.pth,,,True,1.58,512,head,False,float16,True,True,True,False,False,0.56,0.0,0.8203,23.23456,,,,,533.31
server-3090,4103,cars,beitv2_base_patch16_224_in22k,0,224,64,/hdd/edwin/results_backbones/ft_ckpts/cars_beitv2_base_patch16_224_in22k.pth,,,True,1.58,512,head,False,float16,True,True,True,False,False,0.57,0.0,0.5039,22.15642,,,,,102.84
server-3090,4103,cars,beitv2_base_patch16_224_in22k,0,224,64,/hdd/edwin/results_backbones/fz_ckpts/cars_beitv2_base_patch16_224_in22k_fz.pth,,,True,1.58,512,head,False,float16,True,True,True,False,False,0.53,0.0,0.5039,22.15642,,,,,102.76
server-3090,4103,cars,swin_base_patch4_window7_224_in22k,0,224,64,/hdd/edwin/results_backbones/cal_ckpts/cars_swin_base_patch4_window7_224_in22k_cal.pth,,,True,1.58,512,head,False,float16,True,True,True,False,False,0.55,0.0,1.7949,23.39276,,,,,988.28
server-3090,4103,cars,swin_base_patch4_window7_224_in22k,0,224,64,/hdd/edwin/results_backbones/ft_ckpts/cars_swin_base_patch4_window7_224_in22k.pth,,,True,1.58,512,head,False,float16,True,True,True,False,False,0.35,0.0,1.418,21.955196,,,,,113.31
server-3090,4103,cars,swin_base_patch4_window7_224_in22k,0,224,64,/hdd/edwin/results_backbones/fz_ckpts/cars_swin_base_patch4_window7_224_in22k_fz.pth,,,True,1.58,512,head,False,float16,True,True,True,False,False,0.6,0.0,1.418,21.955196,,,,,115.24
server-3090,4103,cars,vit_b16,0,224,64,/hdd/edwin/results_backbones/cal_ckpts/cars_vit_b16_cal.pth,,,True,1.58,512,head,False,float16,True,True,True,False,False,0.51,0.0,0.9727,23.242048,,,,,1074.97
server-3090,4103,cars,vit_b16,0,224,64,/hdd/edwin/results_backbones/ft_ckpts/cars_vit_b16.pth,,,True,1.58,512,head,False,float16,True,True,True,False,False,0.51,0.0,0.5645,22.165444,,,,,111.78
server-3090,4103,cars,vit_b16,0,224,64,/hdd/edwin/results_backbones/fz_ckpts/cars_vit_b16_fz.pth,,,True,1.58,512,head,False,float16,True,True,True,False,False,0.49,0.0,0.5645,22.165444,,,,,105.62
server-3090,4200,cars,beitv2_base_patch16_224_in22k,0,224,64,/hdd/edwin/results_backbones/cal_ckpts/cars_beitv2_base_patch16_224_in22k_cal.pth,,,True,2.0,8,head,False,float16,True,True,True,False,False,34.46,0.0,0.8574,23.23456,,,,,926.61
server-3090,4200,cars,beitv2_base_patch16_224_in22k,0,224,64,/hdd/edwin/results_backbones/ft_ckpts/cars_beitv2_base_patch16_224_in22k.pth,,,True,2.0,8,head,False,float16,True,True,True,False,False,83.96,0.0,0.5449,22.15642,,,,,103.27
server-3090,4200,cars,beitv2_base_patch16_224_in22k,0,224,64,/hdd/edwin/results_backbones/fz_ckpts/cars_beitv2_base_patch16_224_in22k_fz.pth,,,True,2.0,8,head,False,float16,True,True,True,False,False,20.26,0.0,0.5469,22.15642,,,,,102.11
server-3090,4200,cars,swin_base_patch4_window7_224_in22k,0,224,64,/hdd/edwin/results_backbones/cal_ckpts/cars_swin_base_patch4_window7_224_in22k_cal.pth,,,True,2.0,8,head,False,float16,True,True,True,False,False,93.46,0.0,1.8496,23.39276,,,,,915.05
server-3090,4200,cars,swin_base_patch4_window7_224_in22k,0,224,64,/hdd/edwin/results_backbones/ft_ckpts/cars_swin_base_patch4_window7_224_in22k.pth,,,True,2.0,8,head,False,float16,True,True,True,False,False,82.18,0.0,1.459,21.955196,,,,,117.29
server-3090,4200,cars,swin_base_patch4_window7_224_in22k,0,224,64,/hdd/edwin/results_backbones/fz_ckpts/cars_swin_base_patch4_window7_224_in22k_fz.pth,,,True,2.0,8,head,False,float16,True,True,True,False,False,65.83,0.0,1.459,21.955196,,,,,117.45
server-3090,4200,cars,vit_b16,0,224,64,/hdd/edwin/results_backbones/cal_ckpts/cars_vit_b16_cal.pth,,,True,2.0,8,head,False,float16,True,True,True,False,False,88.89,0.0,1.0137,23.242048,,,,,833.06
server-3090,4200,cars,vit_b16,0,224,64,/hdd/edwin/results_backbones/ft_ckpts/cars_vit_b16.pth,,,True,2.0,8,head,False,float16,True,True,True,False,False,81.58,0.0,0.6055,22.165444,,,,,106.06
server-3090,4200,cars,vit_b16,0,224,64,/hdd/edwin/results_backbones/fz_ckpts/cars_vit_b16_fz.pth,,,True,2.0,8,head,False,float16,True,True,True,False,False,49.32,0.0,0.6055,22.165444,,,,,106.63
server-3090,4201,cars,beitv2_base_patch16_224_in22k,0,224,64,/hdd/edwin/results_backbones/cal_ckpts/cars_beitv2_base_patch16_224_in22k_cal.pth,,,True,2.0,32,head,False,float16,True,True,True,False,False,3.15,0.0,0.8301,23.23456,,,,,583.3
server-3090,4201,cars,beitv2_base_patch16_224_in22k,0,224,64,/hdd/edwin/results_backbones/ft_ckpts/cars_beitv2_base_patch16_224_in22k.pth,,,True,2.0,32,head,False,float16,True,True,True,False,False,47.39,0.0,0.5156,22.15642,,,,,106.87
server-3090,4201,cars,beitv2_base_patch16_224_in22k,0,224,64,/hdd/edwin/results_backbones/fz_ckpts/cars_beitv2_base_patch16_224_in22k_fz.pth,,,True,2.0,32,head,False,float16,True,True,True,False,False,2.41,0.0,0.5137,22.15642,,,,,103.66
server-3090,4201,cars,swin_base_patch4_window7_224_in22k,0,224,64,/hdd/edwin/results_backbones/cal_ckpts/cars_swin_base_patch4_window7_224_in22k_cal.pth,,,True,2.0,32,head,False,float16,True,True,True,False,False,87.79,0.0,1.8066,23.39276,,,,,1097.06
server-3090,4201,cars,swin_base_patch4_window7_224_in22k,0,224,64,/hdd/edwin/results_backbones/ft_ckpts/cars_swin_base_patch4_window7_224_in22k.pth,,,True,2.0,32,head,False,float16,True,True,True,False,False,29.92,0.0,1.4277,21.955196,,,,,114.97
server-3090,4201,cars,swin_base_patch4_window7_224_in22k,0,224,64,/hdd/edwin/results_backbones/fz_ckpts/cars_swin_base_patch4_window7_224_in22k_fz.pth,,,True,2.0,32,head,False,float16,True,True,True,False,False,40.18,0.0,1.4297,21.955196,,,,,118.55
server-3090,4201,cars,vit_b16,0,224,64,/hdd/edwin/results_backbones/cal_ckpts/cars_vit_b16_cal.pth,,,True,2.0,32,head,False,float16,True,True,True,False,False,81.94,0.0,0.9824,23.242048,,,,,1026.95
server-3090,4201,cars,vit_b16,0,224,64,/hdd/edwin/results_backbones/ft_ckpts/cars_vit_b16.pth,,,True,2.0,32,head,False,float16,True,True,True,False,False,44.93,0.0,0.5742,22.165444,,,,,109.86
server-3090,4201,cars,vit_b16,0,224,64,/hdd/edwin/results_backbones/fz_ckpts/cars_vit_b16_fz.pth,,,True,2.0,32,head,False,float16,True,True,True,False,False,24.36,0.0,0.5742,22.165444,,,,,110.35
server-3090,4202,cars,beitv2_base_patch16_224_in22k,0,224,64,/hdd/edwin/results_backbones/cal_ckpts/cars_beitv2_base_patch16_224_in22k_cal.pth,,,True,2.0,128,head,False,float16,True,True,True,False,False,0.99,0.0,0.8223,23.23456,,,,,756.05
server-3090,4202,cars,beitv2_base_patch16_224_in22k,0,224,64,/hdd/edwin/results_backbones/ft_ckpts/cars_beitv2_base_patch16_224_in22k.pth,,,True,2.0,128,head,False,float16,True,True,True,False,False,5.38,0.0,0.5059,22.15642,,,,,103.83
server-3090,4202,cars,beitv2_base_patch16_224_in22k,0,224,64,/hdd/edwin/results_backbones/fz_ckpts/cars_beitv2_base_patch16_224_in22k_fz.pth,,,True,2.0,128,head,False,float16,True,True,True,False,False,0.95,0.0,0.5059,22.15642,,,,,103.98
server-3090,4202,cars,swin_base_patch4_window7_224_in22k,0,224,64,/hdd/edwin/results_backbones/cal_ckpts/cars_swin_base_patch4_window7_224_in22k_cal.pth,,,True,2.0,128,head,False,float16,True,True,True,False,False,57.73,0.0,1.7969,23.39276,,,,,862.68
server-3090,4202,cars,swin_base_patch4_window7_224_in22k,0,224,64,/hdd/edwin/results_backbones/ft_ckpts/cars_swin_base_patch4_window7_224_in22k.pth,,,True,2.0,128,head,False,float16,True,True,True,False,False,2.77,0.0,1.4199,21.955196,,,,,116.82
server-3090,4202,cars,swin_base_patch4_window7_224_in22k,0,224,64,/hdd/edwin/results_backbones/fz_ckpts/cars_swin_base_patch4_window7_224_in22k_fz.pth,,,True,2.0,128,head,False,float16,True,True,True,False,False,3.54,0.0,1.418,21.955196,,,,,117.74
server-3090,4202,cars,vit_b16,0,224,64,/hdd/edwin/results_backbones/cal_ckpts/cars_vit_b16_cal.pth,,,True,2.0,128,head,False,float16,True,True,True,False,False,19.72,0.0,0.9746,23.242048,,,,,810.5
server-3090,4202,cars,vit_b16,0,224,64,/hdd/edwin/results_backbones/ft_ckpts/cars_vit_b16.pth,,,True,2.0,128,head,False,float16,True,True,True,False,False,2.34,0.0,0.5664,22.165444,,,,,107.96
server-3090,4202,cars,vit_b16,0,224,64,/hdd/edwin/results_backbones/fz_ckpts/cars_vit_b16_fz.pth,,,True,2.0,128,head,False,float16,True,True,True,False,False,2.18,0.0,0.5664,22.165444,,,,,106.86
server-3090,4203,cars,beitv2_base_patch16_224_in22k,0,224,64,/hdd/edwin/results_backbones/cal_ckpts/cars_beitv2_base_patch16_224_in22k_cal.pth,,,True,2.0,512,head,False,float16,True,True,True,False,False,0.67,0.0,0.8184,23.23456,,,,,898.92
server-3090,4203,cars,beitv2_base_patch16_224_in22k,0,224,64,/hdd/edwin/results_backbones/ft_ckpts/cars_beitv2_base_patch16_224_in22k.pth,,,True,2.0,512,head,False,float16,True,True,True,False,False,0.71,0.0,0.5039,22.15642,,,,,106.72
server-3090,4203,cars,beitv2_base_patch16_224_in22k,0,224,64,/hdd/edwin/results_backbones/fz_ckpts/cars_beitv2_base_patch16_224_in22k_fz.pth,,,True,2.0,512,head,False,float16,True,True,True,False,False,0.88,0.0,0.5039,22.15642,,,,,109.78
server-3090,4203,cars,swin_base_patch4_window7_224_in22k,0,224,64,/hdd/edwin/results_backbones/cal_ckpts/cars_swin_base_patch4_window7_224_in22k_cal.pth,,,True,2.0,512,head,False,float16,True,True,True,False,False,4.0,0.0,1.7949,23.39276,,,,,1202.75
server-3090,4203,cars,swin_base_patch4_window7_224_in22k,0,224,64,/hdd/edwin/results_backbones/ft_ckpts/cars_swin_base_patch4_window7_224_in22k.pth,,,True,2.0,512,head,False,float16,True,True,True,False,False,0.78,0.0,1.418,21.955196,,,,,117.38
server-3090,4203,cars,swin_base_patch4_window7_224_in22k,0,224,64,/hdd/edwin/results_backbones/fz_ckpts/cars_swin_base_patch4_window7_224_in22k_fz.pth,,,True,2.0,512,head,False,float16,True,True,True,False,False,0.65,0.0,1.418,21.955196,,,,,120.68
server-3090,4203,cars,vit_b16,0,224,64,/hdd/edwin/results_backbones/cal_ckpts/cars_vit_b16_cal.pth,,,True,2.0,512,head,False,float16,True,True,True,False,False,1.18,0.0,0.9727,23.242048,,,,,704.07
server-3090,4203,cars,vit_b16,0,224,64,/hdd/edwin/results_backbones/ft_ckpts/cars_vit_b16.pth,,,True,2.0,512,head,False,float16,True,True,True,False,False,0.57,0.0,0.5645,22.165444,,,,,115.41
server-3090,4203,cars,vit_b16,0,224,64,/hdd/edwin/results_backbones/fz_ckpts/cars_vit_b16_fz.pth,,,True,2.0,512,head,False,float16,True,True,True,False,False,0.73,0.0,0.5645,22.165444,,,,,108.49
server-3090,4300,cars,beitv2_base_patch16_224_in22k,0,224,64,/hdd/edwin/results_backbones/cal_ckpts/cars_beitv2_base_patch16_224_in22k_cal.pth,,,True,3.0,8,head,False,float16,True,True,True,False,False,87.58,0.0,0.877,9.772064,,,,,841.16
server-3090,4300,cars,beitv2_base_patch16_224_in22k,0,224,64,/hdd/edwin/results_backbones/ft_ckpts/cars_beitv2_base_patch16_224_in22k.pth,,,True,3.0,8,head,False,float16,True,True,True,False,False,88.09,0.0,0.5625,9.416452,,,,,104.0
server-3090,4300,cars,beitv2_base_patch16_224_in22k,0,224,64,/hdd/edwin/results_backbones/ft_ckpts/cars_beitv2_base_patch16_224_in22k.pth,,,True,3.0,8,head,False,float16,True,True,True,False,False,88.09,0.0,0.5625,9.416452,,,,,103.41
server-3090,4300,cars,beitv2_base_patch16_224_in22k,0,224,64,/hdd/edwin/results_backbones/fz_ckpts/cars_beitv2_base_patch16_224_in22k_fz.pth,,,True,3.0,8,head,False,float16,True,True,True,False,False,48.9,0.0,0.5625,9.416452,,,,,104.49
server-3090,4300,cars,beitv2_base_patch16_224_in22k,0,224,64,/hdd/edwin/results_backbones/fz_ckpts/cars_beitv2_base_patch16_224_in22k_fz.pth,,,True,3.0,8,head,False,float16,True,True,True,False,False,48.9,0.0,0.5625,9.416452,,,,,103.86
server-3090,4300,cars,swin_base_patch4_window7_224_in22k,0,224,64,/hdd/edwin/results_backbones/cal_ckpts/cars_swin_base_patch4_window7_224_in22k_cal.pth,,,True,3.0,8,head,False,float16,True,True,True,False,False,94.13,0.0,1.8594,9.453704,,,,,851.64
server-3090,4300,cars,swin_base_patch4_window7_224_in22k,0,224,64,/hdd/edwin/results_backbones/ft_ckpts/cars_swin_base_patch4_window7_224_in22k.pth,,,True,3.0,8,head,False,float16,True,True,True,False,False,89.14,0.0,1.502,8.979516,,,,,120.38
server-3090,4300,cars,swin_base_patch4_window7_224_in22k,0,224,64,/hdd/edwin/results_backbones/ft_ckpts/cars_swin_base_patch4_window7_224_in22k.pth,,,True,3.0,8,head,False,float16,True,True,True,False,False,89.14,0.0,1.502,8.979516,,,,,116.76
server-3090,4300,cars,swin_base_patch4_window7_224_in22k,0,224,64,/hdd/edwin/results_backbones/fz_ckpts/cars_swin_base_patch4_window7_224_in22k_fz.pth,,,True,3.0,8,head,False,float16,True,True,True,False,False,74.27,0.0,1.5,8.979516,,,,,119.56
server-3090,4300,cars,swin_base_patch4_window7_224_in22k,0,224,64,/hdd/edwin/results_backbones/fz_ckpts/cars_swin_base_patch4_window7_224_in22k_fz.pth,,,True,3.0,8,head,False,float16,True,True,True,False,False,74.27,0.0,1.5,8.979516,,,,,118.73
server-3090,4300,cars,vit_b16,0,224,64,/hdd/edwin/results_backbones/cal_ckpts/cars_vit_b16_cal.pth,,,True,3.0,8,head,False,float16,True,True,True,False,False,90.05,0.0,1.0293,9.779552,,,,,1050.5
server-3090,4300,cars,vit_b16,0,224,64,/hdd/edwin/results_backbones/ft_ckpts/cars_vit_b16.pth,,,True,3.0,8,head,False,float16,True,True,True,False,False,85.39,0.0,0.6211,9.425476,,,,,108.07
server-3090,4300,cars,vit_b16,0,224,64,/hdd/edwin/results_backbones/ft_ckpts/cars_vit_b16.pth,,,True,3.0,8,head,False,float16,True,True,True,False,False,85.39,0.0,0.6211,9.425476,,,,,107.07
server-3090,4300,cars,vit_b16,0,224,64,/hdd/edwin/results_backbones/fz_ckpts/cars_vit_b16_fz.pth,,,True,3.0,8,head,False,float16,True,True,True,False,False,59.88,0.0,0.6211,9.425476,,,,,107.36
server-3090,4300,cars,vit_b16,0,224,64,/hdd/edwin/results_backbones/fz_ckpts/cars_vit_b16_fz.pth,,,True,3.0,8,head,False,float16,True,True,True,False,False,59.88,0.0,0.6211,9.425476,,,,,108.1
server-3090,4301,cars,beitv2_base_patch16_224_in22k,0,224,64,/hdd/edwin/results_backbones/cal_ckpts/cars_beitv2_base_patch16_224_in22k_cal.pth,,,True,3.0,32,head,False,float16,True,True,True,False,False,70.77,0.0,0.8438,9.772448,,,,,709.75
server-3090,4301,cars,beitv2_base_patch16_224_in22k,0,224,64,/hdd/edwin/results_backbones/ft_ckpts/cars_beitv2_base_patch16_224_in22k.pth,,,True,3.0,32,head,False,float16,True,True,True,False,False,86.47,0.0,0.5273,9.416836,,,,,103.14
server-3090,4301,cars,beitv2_base_patch16_224_in22k,0,224,64,/hdd/edwin/results_backbones/fz_ckpts/cars_beitv2_base_patch16_224_in22k_fz.pth,,,True,3.0,32,head,False,float16,True,True,True,False,False,40.12,0.0,0.5273,9.416836,,,,,107.46
server-3090,4301,cars,swin_base_patch4_window7_224_in22k,0,224,64,/hdd/edwin/results_backbones/cal_ckpts/cars_swin_base_patch4_window7_224_in22k_cal.pth,,,True,3.0,32,head,False,float16,True,True,True,False,False,93.83,0.0,1.8125,9.454648,,,,,1232.75
server-3090,4301,cars,swin_base_patch4_window7_224_in22k,0,224,64,/hdd/edwin/results_backbones/ft_ckpts/cars_swin_base_patch4_window7_224_in22k.pth,,,True,3.0,32,head,False,float16,True,True,True,False,False,86.37,0.0,1.4863,8.980444,,,,,115.31
server-3090,4301,cars,swin_base_patch4_window7_224_in22k,0,224,64,/hdd/edwin/results_backbones/fz_ckpts/cars_swin_base_patch4_window7_224_in22k_fz.pth,,,True,3.0,32,head,False,float16,True,True,True,False,False,71.05,0.0,1.4863,8.980444,,,,,115.37
server-3090,4301,cars,vit_b16,0,224,64,/hdd/edwin/results_backbones/cal_ckpts/cars_vit_b16_cal.pth,,,True,3.0,32,head,False,float16,True,True,True,False,False,89.49,0.0,0.9961,9.780704,,,,,729.45
server-3090,4301,cars,vit_b16,0,224,64,/hdd/edwin/results_backbones/ft_ckpts/cars_vit_b16.pth,,,True,3.0,32,head,False,float16,True,True,True,False,False,83.83,0.0,0.5879,9.426628,,,,,106.3
server-3090,4301,cars,vit_b16,0,224,64,/hdd/edwin/results_backbones/fz_ckpts/cars_vit_b16_fz.pth,,,True,3.0,32,head,False,float16,True,True,True,False,False,53.48,0.0,0.5879,9.426628,,,,,110.92
server-3090,4302,cars,beitv2_base_patch16_224_in22k,0,224,64,/hdd/edwin/results_backbones/cal_ckpts/cars_beitv2_base_patch16_224_in22k_cal.pth,,,True,3.0,128,head,False,float16,True,True,True,False,False,44.01,0.0,0.834,9.775616,,,,,392.12
server-3090,4302,cars,beitv2_base_patch16_224_in22k,0,224,64,/hdd/edwin/results_backbones/ft_ckpts/cars_beitv2_base_patch16_224_in22k.pth,,,True,3.0,128,head,False,float16,True,True,True,False,False,82.63,0.0,0.5195,9.419908,,,,,103.97
server-3090,4302,cars,beitv2_base_patch16_224_in22k,0,224,64,/hdd/edwin/results_backbones/fz_ckpts/cars_beitv2_base_patch16_224_in22k_fz.pth,,,True,3.0,128,head,False,float16,True,True,True,False,False,4.88,0.0,0.5195,9.419908,,,,,106.45
server-3090,4302,cars,swin_base_patch4_window7_224_in22k,0,224,64,/hdd/edwin/results_backbones/cal_ckpts/cars_swin_base_patch4_window7_224_in22k_cal.pth,,,True,3.0,128,head,False,float16,True,True,True,False,False,93.42,0.0,1.8027,9.460472,,,,,663.03
server-3090,4302,cars,swin_base_patch4_window7_224_in22k,0,224,64,/hdd/edwin/results_backbones/ft_ckpts/cars_swin_base_patch4_window7_224_in22k.pth,,,True,3.0,128,head,False,float16,True,True,True,False,False,78.55,0.0,1.4766,8.986236,,,,,116.45
server-3090,4302,cars,swin_base_patch4_window7_224_in22k,0,224,64,/hdd/edwin/results_backbones/fz_ckpts/cars_swin_base_patch4_window7_224_in22k_fz.pth,,,True,3.0,128,head,False,float16,True,True,True,False,False,66.07,0.0,1.4766,8.986236,,,,,116.49
server-3090,4302,cars,vit_b16,0,224,64,/hdd/edwin/results_backbones/cal_ckpts/cars_vit_b16_cal.pth,,,True,3.0,128,head,False,float16,True,True,True,False,False,88.71,0.0,0.9883,9.783104,,,,,1056.33
server-3090,4302,cars,vit_b16,0,224,64,/hdd/edwin/results_backbones/ft_ckpts/cars_vit_b16.pth,,,True,3.0,128,head,False,float16,True,True,True,False,False,80.1,0.0,0.5801,9.428932,,,,,107.06
server-3090,4302,cars,vit_b16,0,224,64,/hdd/edwin/results_backbones/fz_ckpts/cars_vit_b16_fz.pth,,,True,3.0,128,head,False,float16,True,True,True,False,False,50.18,0.0,0.5801,9.428932,,,,,106.84
server-3090,4303,cars,beitv2_base_patch16_224_in22k,0,224,64,/hdd/edwin/results_backbones/cal_ckpts/cars_beitv2_base_patch16_224_in22k_cal.pth,,,True,3.0,512,head,False,float16,True,True,True,False,False,2.38,0.0,0.834,9.78176,,,,,394.5
server-3090,4303,cars,beitv2_base_patch16_224_in22k,0,224,64,/hdd/edwin/results_backbones/ft_ckpts/cars_beitv2_base_patch16_224_in22k.pth,,,True,3.0,512,head,False,float16,True,True,True,False,False,72.37,0.0,0.5176,9.426052,,,,,101.73
server-3090,4303,cars,beitv2_base_patch16_224_in22k,0,224,64,/hdd/edwin/results_backbones/fz_ckpts/cars_beitv2_base_patch16_224_in22k_fz.pth,,,True,3.0,512,head,False,float16,True,True,True,False,False,4.56,0.0,0.5176,9.426052,,,,,97.23
server-3090,4303,cars,swin_base_patch4_window7_224_in22k,0,224,64,/hdd/edwin/results_backbones/cal_ckpts/cars_swin_base_patch4_window7_224_in22k_cal.pth,,,True,3.0,512,head,False,float16,True,True,True,False,False,92.75,0.0,1.8008,9.475576,,,,,589.86
server-3090,4303,cars,swin_base_patch4_window7_224_in22k,0,224,64,/hdd/edwin/results_backbones/ft_ckpts/cars_swin_base_patch4_window7_224_in22k.pth,,,True,3.0,512,head,False,float16,True,True,True,False,False,69.9,0.0,1.4746,9.001084,,,,,100.39
server-3090,4303,cars,swin_base_patch4_window7_224_in22k,0,224,64,/hdd/edwin/results_backbones/fz_ckpts/cars_swin_base_patch4_window7_224_in22k_fz.pth,,,True,3.0,512,head,False,float16,True,True,True,False,False,60.51,0.0,1.4766,9.001084,,,,,100.77
server-3090,4303,cars,vit_b16,0,224,64,/hdd/edwin/results_backbones/cal_ckpts/cars_vit_b16_cal.pth,,,True,3.0,512,head,False,float16,True,True,True,False,False,87.14,0.0,0.9863,9.801536,,,,,485.88
server-3090,4303,cars,vit_b16,0,224,64,/hdd/edwin/results_backbones/ft_ckpts/cars_vit_b16.pth,,,True,3.0,512,head,False,float16,True,True,True,False,False,74.46,0.0,0.5781,9.447364,,,,,101.57
server-3090,4303,cars,vit_b16,0,224,64,/hdd/edwin/results_backbones/fz_ckpts/cars_vit_b16_fz.pth,,,True,3.0,512,head,False,float16,True,True,True,False,False,39.58,0.0,0.5801,9.447364,,,,,99.65
server-3090,4400,cars,beitv2_base_patch16_224_in22k,0,224,64,/hdd/edwin/results_backbones/cal_ckpts/cars_beitv2_base_patch16_224_in22k_cal.pth,,,True,4.0,8,head,False,float16,True,True,True,False,False,91.48,0.0,1.0332,45.672448,,,,,375.51
server-3090,4400,cars,beitv2_base_patch16_224_in22k,0,224,64,/hdd/edwin/results_backbones/ft_ckpts/cars_beitv2_base_patch16_224_in22k.pth,,,True,4.0,8,head,False,float16,True,True,True,False,False,88.71,0.0,0.7539,43.390084,,,,,97.3
server-3090,4400,cars,beitv2_base_patch16_224_in22k,0,224,64,/hdd/edwin/results_backbones/fz_ckpts/cars_beitv2_base_patch16_224_in22k_fz.pth,,,True,4.0,8,head,False,float16,True,True,True,False,False,61.85,0.0,0.7559,43.390084,,,,,98.14
server-3090,4400,cars,swin_base_patch4_window7_224_in22k,0,224,64,/hdd/edwin/results_backbones/cal_ckpts/cars_swin_base_patch4_window7_224_in22k_cal.pth,,,True,4.0,8,head,False,float16,True,True,True,False,False,94.2,0.0,1.8906,46.625272,,,,,566.56
server-3090,4400,cars,swin_base_patch4_window7_224_in22k,0,224,64,/hdd/edwin/results_backbones/ft_ckpts/cars_swin_base_patch4_window7_224_in22k.pth,,,True,4.0,8,head,False,float16,True,True,True,False,False,89.93,0.0,1.4863,43.582076,,,,,100.06
server-3090,4400,cars,swin_base_patch4_window7_224_in22k,0,224,64,/hdd/edwin/results_backbones/fz_ckpts/cars_swin_base_patch4_window7_224_in22k_fz.pth,,,True,4.0,8,head,False,float16,True,True,True,False,False,74.62,0.0,1.4883,43.582076,,,,,101.22
server-3090,4400,cars,vit_b16,0,224,64,/hdd/edwin/results_backbones/cal_ckpts/cars_vit_b16_cal.pth,,,True,4.0,8,head,False,float16,True,True,True,False,False,90.34,0.0,1.2012,45.679936,,,,,473.32
server-3090,4400,cars,vit_b16,0,224,64,/hdd/edwin/results_backbones/ft_ckpts/cars_vit_b16.pth,,,True,4.0,8,head,False,float16,True,True,True,False,False,86.36,0.0,0.8145,43.399108,,,,,98.44
server-3090,4400,cars,vit_b16,0,224,64,/hdd/edwin/results_backbones/fz_ckpts/cars_vit_b16_fz.pth,,,True,4.0,8,head,False,float16,True,True,True,False,False,61.25,0.0,0.8125,43.399108,,,,,97.66
server-3090,4401,cars,beitv2_base_patch16_224_in22k,0,224,64,/hdd/edwin/results_backbones/cal_ckpts/cars_beitv2_base_patch16_224_in22k_cal.pth,,,True,4.0,32,head,False,float16,True,True,True,False,False,89.24,0.0,1.0,45.672448,,,,,373.84
server-3090,4401,cars,beitv2_base_patch16_224_in22k,0,224,64,/hdd/edwin/results_backbones/ft_ckpts/cars_beitv2_base_patch16_224_in22k.pth,,,True,4.0,32,head,False,float16,True,True,True,False,False,88.55,0.0,0.7422,43.390084,,,,,97.09
server-3090,4401,cars,beitv2_base_patch16_224_in22k,0,224,64,/hdd/edwin/results_backbones/fz_ckpts/cars_beitv2_base_patch16_224_in22k_fz.pth,,,True,4.0,32,head,False,float16,True,True,True,False,False,60.94,0.0,0.7422,43.390084,,,,,96.63
server-3090,4401,cars,swin_base_patch4_window7_224_in22k,0,224,64,/hdd/edwin/results_backbones/cal_ckpts/cars_swin_base_patch4_window7_224_in22k_cal.pth,,,True,4.0,32,head,False,float16,True,True,True,False,False,94.03,0.0,1.8359,46.625272,,,,,564.98
server-3090,4401,cars,swin_base_patch4_window7_224_in22k,0,224,64,/hdd/edwin/results_backbones/ft_ckpts/cars_swin_base_patch4_window7_224_in22k.pth,,,True,4.0,32,head,False,float16,True,True,True,False,False,89.95,0.0,1.4766,43.582076,,,,,101.53
server-3090,4401,cars,swin_base_patch4_window7_224_in22k,0,224,64,/hdd/edwin/results_backbones/fz_ckpts/cars_swin_base_patch4_window7_224_in22k_fz.pth,,,True,4.0,32,head,False,float16,True,True,True,False,False,75.16,0.0,1.4766,43.582076,,,,,101.1
server-3090,4401,cars,vit_b16,0,224,64,/hdd/edwin/results_backbones/cal_ckpts/cars_vit_b16_cal.pth,,,True,4.0,32,head,False,float16,True,True,True,False,False,90.29,0.0,1.1719,45.679936,,,,,469.62
server-3090,4401,cars,vit_b16,0,224,64,/hdd/edwin/results_backbones/ft_ckpts/cars_vit_b16.pth,,,True,4.0,32,head,False,float16,True,True,True,False,False,86.08,0.0,0.8008,43.399108,,,,,99.49
server-3090,4401,cars,vit_b16,0,224,64,/hdd/edwin/results_backbones/fz_ckpts/cars_vit_b16_fz.pth,,,True,4.0,32,head,False,float16,True,True,True,False,False,60.47,0.0,0.8027,43.399108,,,,,98.86
server-3090,4402,cars,beitv2_base_patch16_224_in22k,0,224,64,/hdd/edwin/results_backbones/cal_ckpts/cars_beitv2_base_patch16_224_in22k_cal.pth,,,True,4.0,128,head,False,float16,True,True,True,False,False,86.71,0.0,0.9922,45.672448,,,,,374.22
server-3090,4402,cars,beitv2_base_patch16_224_in22k,0,224,64,/hdd/edwin/results_backbones/ft_ckpts/cars_beitv2_base_patch16_224_in22k.pth,,,True,4.0,128,head,False,float16,True,True,True,False,False,88.06,0.0,0.7344,43.390084,,,,,97.52
server-3090,4402,cars,beitv2_base_patch16_224_in22k,0,224,64,/hdd/edwin/results_backbones/fz_ckpts/cars_beitv2_base_patch16_224_in22k_fz.pth,,,True,4.0,128,head,False,float16,True,True,True,False,False,39.09,0.0,0.7344,43.390084,,,,,96.26
server-3090,4402,cars,swin_base_patch4_window7_224_in22k,0,224,64,/hdd/edwin/results_backbones/cal_ckpts/cars_swin_base_patch4_window7_224_in22k_cal.pth,,,True,4.0,128,head,False,float16,True,True,True,False,False,94.25,0.0,1.8262,46.625272,,,,,564.14
server-3090,4402,cars,swin_base_patch4_window7_224_in22k,0,224,64,/hdd/edwin/results_backbones/ft_ckpts/cars_swin_base_patch4_window7_224_in22k.pth,,,True,4.0,128,head,False,float16,True,True,True,False,False,88.65,0.0,1.4688,43.582076,,,,,100.09
server-3090,4402,cars,swin_base_patch4_window7_224_in22k,0,224,64,/hdd/edwin/results_backbones/fz_ckpts/cars_swin_base_patch4_window7_224_in22k_fz.pth,,,True,4.0,128,head,False,float16,True,True,True,False,False,72.94,0.0,1.4668,43.582076,,,,,100.42
server-3090,4402,cars,vit_b16,0,224,64,/hdd/edwin/results_backbones/cal_ckpts/cars_vit_b16_cal.pth,,,True,4.0,128,head,False,float16,True,True,True,False,False,90.35,0.0,1.1641,45.679936,,,,,468.81
server-3090,4402,cars,vit_b16,0,224,64,/hdd/edwin/results_backbones/ft_ckpts/cars_vit_b16.pth,,,True,4.0,128,head,False,float16,True,True,True,False,False,85.77,0.0,0.7949,43.399108,,,,,99.3
server-3090,4402,cars,vit_b16,0,224,64,/hdd/edwin/results_backbones/fz_ckpts/cars_vit_b16_fz.pth,,,True,4.0,128,head,False,float16,True,True,True,False,False,59.83,0.0,0.793,43.399108,,,,,98.4
server-3090,4403,cars,beitv2_base_patch16_224_in22k,0,224,64,/hdd/edwin/results_backbones/cal_ckpts/cars_beitv2_base_patch16_224_in22k_cal.pth,,,True,4.0,512,head,False,float16,True,True,True,False,False,81.92,0.0,0.9902,45.672448,,,,,375.36
server-3090,4403,cars,beitv2_base_patch16_224_in22k,0,224,64,/hdd/edwin/results_backbones/ft_ckpts/cars_beitv2_base_patch16_224_in22k.pth,,,True,4.0,512,head,False,float16,True,True,True,False,False,86.9,0.0,0.7324,43.390084,,,,,97.23
server-3090,4403,cars,beitv2_base_patch16_224_in22k,0,224,64,/hdd/edwin/results_backbones/fz_ckpts/cars_beitv2_base_patch16_224_in22k_fz.pth,,,True,4.0,512,head,False,float16,True,True,True,False,False,48.86,0.0,0.7324,43.390084,,,,,96.87
server-3090,4403,cars,swin_base_patch4_window7_224_in22k,0,224,64,/hdd/edwin/results_backbones/cal_ckpts/cars_swin_base_patch4_window7_224_in22k_cal.pth,,,True,4.0,512,head,False,float16,True,True,True,False,False,93.87,0.0,1.8242,46.625272,,,,,565.79
server-3090,4403,cars,swin_base_patch4_window7_224_in22k,0,224,64,/hdd/edwin/results_backbones/ft_ckpts/cars_swin_base_patch4_window7_224_in22k.pth,,,True,4.0,512,head,False,float16,True,True,True,False,False,87.86,0.0,1.4668,43.582076,,,,,100.58
server-3090,4403,cars,swin_base_patch4_window7_224_in22k,0,224,64,/hdd/edwin/results_backbones/fz_ckpts/cars_swin_base_patch4_window7_224_in22k_fz.pth,,,True,4.0,512,head,False,float16,True,True,True,False,False,72.35,0.0,1.4668,43.582076,,,,,100.29
server-3090,4403,cars,vit_b16,0,224,64,/hdd/edwin/results_backbones/cal_ckpts/cars_vit_b16_cal.pth,,,True,4.0,512,head,False,float16,True,True,True,False,False,90.27,0.0,1.1621,45.679936,,,,,468.02
server-3090,4403,cars,vit_b16,0,224,64,/hdd/edwin/results_backbones/ft_ckpts/cars_vit_b16.pth,,,True,4.0,512,head,False,float16,True,True,True,False,False,85.45,0.0,0.793,43.399108,,,,,99.56
server-3090,4403,cars,vit_b16,0,224,64,/hdd/edwin/results_backbones/fz_ckpts/cars_vit_b16_fz.pth,,,True,4.0,512,head,False,float16,True,True,True,False,False,57.88,0.0,0.793,43.399108,,,,,98.42
server-3090,4500,cars,beitv2_base_patch16_224_in22k,0,224,64,/hdd/edwin/results_backbones/cal_ckpts/cars_beitv2_base_patch16_224_in22k_cal.pth,,,True,5.0,8,head,False,float16,True,True,True,False,False,91.94,0.0,1.0684,90.548224,,,,,372.1
server-3090,4500,cars,beitv2_base_patch16_224_in22k,0,224,64,/hdd/edwin/results_backbones/ft_ckpts/cars_beitv2_base_patch16_224_in22k.pth,,,True,5.0,8,head,False,float16,True,True,True,False,False,88.66,0.0,0.7891,85.857412,,,,,97.69
server-3090,4500,cars,beitv2_base_patch16_224_in22k,0,224,64,/hdd/edwin/results_backbones/fz_ckpts/cars_beitv2_base_patch16_224_in22k_fz.pth,,,True,5.0,8,head,False,float16,True,True,True,False,False,63.33,0.0,0.791,85.857412,,,,,96.39
server-3090,4500,cars,swin_base_patch4_window7_224_in22k,0,224,64,/hdd/edwin/results_backbones/cal_ckpts/cars_swin_base_patch4_window7_224_in22k_cal.pth,,,True,5.0,8,head,False,float16,True,True,True,False,False,94.2,0.0,1.9121,93.090296,,,,,561.43
server-3090,4500,cars,swin_base_patch4_window7_224_in22k,0,224,64,/hdd/edwin/results_backbones/ft_ckpts/cars_swin_base_patch4_window7_224_in22k.pth,,,True,5.0,8,head,False,float16,True,True,True,False,False,90.36,0.0,1.5371,86.835836,,,,,101.51
server-3090,4500,cars,swin_base_patch4_window7_224_in22k,0,224,64,/hdd/edwin/results_backbones/fz_ckpts/cars_swin_base_patch4_window7_224_in22k_fz.pth,,,True,5.0,8,head,False,float16,True,True,True,False,False,74.59,0.0,1.5352,86.835836,,,,,95.88
server-3090,4500,cars,swin_base_patch4_window7_224_in22k,0,224,64,/hdd/edwin/results_backbones/fz_ckpts/cars_swin_base_patch4_window7_224_in22k_fz.pth,,,True,5.0,8,head,False,float16,True,True,True,False,False,74.59,0.0,1.5352,86.835836,,,,,100.92
server-3090,4500,cars,vit_b16,0,224,64,/hdd/edwin/results_backbones/cal_ckpts/cars_vit_b16_cal.pth,,,True,5.0,8,head,False,float16,True,True,True,False,False,90.49,0.0,1.2285,90.555712,,,,,466.5
server-3090,4500,cars,vit_b16,0,224,64,/hdd/edwin/results_backbones/ft_ckpts/cars_vit_b16.pth,,,True,5.0,8,head,False,float16,True,True,True,False,False,86.47,0.0,0.8086,85.866436,,,,,98.17
server-3090,4500,cars,vit_b16,0,224,64,/hdd/edwin/results_backbones/fz_ckpts/cars_vit_b16_fz.pth,,,True,5.0,8,head,False,float16,True,True,True,False,False,62.26,0.0,0.8086,85.866436,,,,,97.55
server-3090,4501,cars,beitv2_base_patch16_224_in22k,0,224,64,/hdd/edwin/results_backbones/cal_ckpts/cars_beitv2_base_patch16_224_in22k_cal.pth,,,True,5.0,32,head,False,float16,True,True,True,False,False,91.66,0.0,1.0332,90.548224,,,,,372.21
server-3090,4501,cars,beitv2_base_patch16_224_in22k,0,224,64,/hdd/edwin/results_backbones/ft_ckpts/cars_beitv2_base_patch16_224_in22k.pth,,,True,5.0,32,head,False,float16,True,True,True,False,False,88.6,0.0,0.7539,85.857412,,,,,99.03
server-3090,4501,cars,beitv2_base_patch16_224_in22k,0,224,64,/hdd/edwin/results_backbones/fz_ckpts/cars_beitv2_base_patch16_224_in22k_fz.pth,,,True,5.0,32,head,False,float16,True,True,True,False,False,62.39,0.0,0.7539,85.857412,,,,,96.75
server-3090,4501,cars,swin_base_patch4_window7_224_in22k,0,224,64,/hdd/edwin/results_backbones/cal_ckpts/cars_swin_base_patch4_window7_224_in22k_cal.pth,,,True,5.0,32,head,False,float16,True,True,True,False,False,94.22,0.0,1.8828,93.090296,,,,,560.94
server-3090,4501,cars,swin_base_patch4_window7_224_in22k,0,224,64,/hdd/edwin/results_backbones/ft_ckpts/cars_swin_base_patch4_window7_224_in22k.pth,,,True,5.0,32,head,False,float16,True,True,True,False,False,90.21,0.0,1.5234,86.835836,,,,,101.2
server-3090,4501,cars,swin_base_patch4_window7_224_in22k,0,224,64,/hdd/edwin/results_backbones/fz_ckpts/cars_swin_base_patch4_window7_224_in22k_fz.pth,,,True,5.0,32,head,False,float16,True,True,True,False,False,74.52,0.0,1.5234,86.835836,,,,,101.24
server-3090,4501,cars,vit_b16,0,224,64,/hdd/edwin/results_backbones/cal_ckpts/cars_vit_b16_cal.pth,,,True,5.0,32,head,False,float16,True,True,True,False,False,90.47,0.0,1.1992,90.555712,,,,,465.54
server-3090,4501,cars,vit_b16,0,224,64,/hdd/edwin/results_backbones/ft_ckpts/cars_vit_b16.pth,,,True,5.0,32,head,False,float16,True,True,True,False,False,86.53,0.0,0.7754,85.866436,,,,,98.42
server-3090,4501,cars,vit_b16,0,224,64,/hdd/edwin/results_backbones/fz_ckpts/cars_vit_b16_fz.pth,,,True,5.0,32,head,False,float16,True,True,True,False,False,61.78,0.0,0.7773,85.866436,,,,,100.45
server-3090,4502,cars,beitv2_base_patch16_224_in22k,0,224,64,/hdd/edwin/results_backbones/cal_ckpts/cars_beitv2_base_patch16_224_in22k_cal.pth,,,True,5.0,128,head,False,float16,True,True,True,False,False,91.16,0.0,1.0254,90.548224,,,,,371.69
server-3090,4502,cars,beitv2_base_patch16_224_in22k,0,224,64,/hdd/edwin/results_backbones/ft_ckpts/cars_beitv2_base_patch16_224_in22k.pth,,,True,5.0,128,head,False,float16,True,True,True,False,False,88.61,0.0,0.7461,85.857412,,,,,98.74
server-3090,4502,cars,beitv2_base_patch16_224_in22k,0,224,64,/hdd/edwin/results_backbones/fz_ckpts/cars_beitv2_base_patch16_224_in22k_fz.pth,,,True,5.0,128,head,False,float16,True,True,True,False,False,62.14,0.0,0.7461,85.857412,,,,,97.41
server-3090,4502,cars,swin_base_patch4_window7_224_in22k,0,224,64,/hdd/edwin/results_backbones/cal_ckpts/cars_swin_base_patch4_window7_224_in22k_cal.pth,,,True,5.0,128,head,False,float16,True,True,True,False,False,94.14,0.0,1.873,93.090296,,,,,560.48
server-3090,4502,cars,swin_base_patch4_window7_224_in22k,0,224,64,/hdd/edwin/results_backbones/ft_ckpts/cars_swin_base_patch4_window7_224_in22k.pth,,,True,5.0,128,head,False,float16,True,True,True,False,False,90.08,0.0,1.5156,86.835836,,,,,100.37
server-3090,4502,cars,swin_base_patch4_window7_224_in22k,0,224,64,/hdd/edwin/results_backbones/fz_ckpts/cars_swin_base_patch4_window7_224_in22k_fz.pth,,,True,5.0,128,head,False,float16,True,True,True,False,False,74.37,0.0,1.5156,86.835836,,,,,100.83
server-3090,4502,cars,vit_b16,0,224,64,/hdd/edwin/results_backbones/cal_ckpts/cars_vit_b16_cal.pth,,,True,5.0,128,head,False,float16,True,True,True,False,False,90.36,0.0,1.1914,90.555712,,,,,466.0
server-3090,4502,cars,vit_b16,0,224,64,/hdd/edwin/results_backbones/ft_ckpts/cars_vit_b16.pth,,,True,5.0,128,head,False,float16,True,True,True,False,False,86.51,0.0,0.7695,85.866436,,,,,99.25
server-3090,4502,cars,vit_b16,0,224,64,/hdd/edwin/results_backbones/fz_ckpts/cars_vit_b16_fz.pth,,,True,5.0,128,head,False,float16,True,True,True,False,False,61.31,0.0,0.7695,85.866436,,,,,98.39
server-3090,4503,cars,beitv2_base_patch16_224_in22k,0,224,64,/hdd/edwin/results_backbones/cal_ckpts/cars_beitv2_base_patch16_224_in22k_cal.pth,,,True,5.0,512,head,False,float16,True,True,True,False,False,90.81,0.0,1.0234,90.548224,,,,,375.58
server-3090,4503,cars,beitv2_base_patch16_224_in22k,0,224,64,/hdd/edwin/results_backbones/ft_ckpts/cars_beitv2_base_patch16_224_in22k.pth,,,True,5.0,512,head,False,float16,True,True,True,False,False,88.46,0.0,0.7441,85.857412,,,,,96.75
server-3090,4503,cars,beitv2_base_patch16_224_in22k,0,224,64,/hdd/edwin/results_backbones/fz_ckpts/cars_beitv2_base_patch16_224_in22k_fz.pth,,,True,5.0,512,head,False,float16,True,True,True,False,False,60.76,0.0,0.7441,85.857412,,,,,97.41
server-3090,4503,cars,swin_base_patch4_window7_224_in22k,0,224,64,/hdd/edwin/results_backbones/cal_ckpts/cars_swin_base_patch4_window7_224_in22k_cal.pth,,,True,5.0,512,head,False,float16,True,True,True,False,False,94.15,0.0,1.8711,93.090296,,,,,561.18
server-3090,4503,cars,swin_base_patch4_window7_224_in22k,0,224,64,/hdd/edwin/results_backbones/ft_ckpts/cars_swin_base_patch4_window7_224_in22k.pth,,,True,5.0,512,head,False,float16,True,True,True,False,False,90.14,0.0,1.5117,86.835836,,,,,101.31
server-3090,4503,cars,swin_base_patch4_window7_224_in22k,0,224,64,/hdd/edwin/results_backbones/fz_ckpts/cars_swin_base_patch4_window7_224_in22k_fz.pth,,,True,5.0,512,head,False,float16,True,True,True,False,False,73.62,0.0,1.5137,86.835836,,,,,100.23
server-3090,4503,cars,vit_b16,0,224,64,/hdd/edwin/results_backbones/cal_ckpts/cars_vit_b16_cal.pth,,,True,5.0,512,head,False,float16,True,True,True,False,False,90.31,0.0,1.1914,90.555712,,,,,465.28
server-3090,4503,cars,vit_b16,0,224,64,/hdd/edwin/results_backbones/ft_ckpts/cars_vit_b16.pth,,,True,5.0,512,head,False,float16,True,True,True,False,False,86.1,0.0,0.7695,85.866436,,,,,99.51
server-3090,4503,cars,vit_b16,0,224,64,/hdd/edwin/results_backbones/fz_ckpts/cars_vit_b16_fz.pth,,,True,5.0,512,head,False,float16,True,True,True,False,False,61.25,0.0,0.7695,85.866436,,,,,98.52
server-3090,4600,cars,beitv2_base_patch16_224_in22k,0,224,64,/hdd/edwin/results_backbones/cal_ckpts/cars_beitv2_base_patch16_224_in22k_cal.pth,,,True,6.0,8,head,False,float16,True,True,True,False,False,92.05,0.0,1.0664,90.548224,,,,,371.56
server-3090,4600,cars,beitv2_base_patch16_224_in22k,0,224,64,/hdd/edwin/results_backbones/ft_ckpts/cars_beitv2_base_patch16_224_in22k.pth,,,True,6.0,8,head,False,float16,True,True,True,False,False,88.68,0.0,0.791,85.857412,,,,,97.82
server-3090,4600,cars,beitv2_base_patch16_224_in22k,0,224,64,/hdd/edwin/results_backbones/fz_ckpts/cars_beitv2_base_patch16_224_in22k_fz.pth,,,True,6.0,8,head,False,float16,True,True,True,False,False,64.08,0.0,0.7891,85.857412,,,,,96.61
server-3090,4600,cars,swin_base_patch4_window7_224_in22k,0,224,64,/hdd/edwin/results_backbones/cal_ckpts/cars_swin_base_patch4_window7_224_in22k_cal.pth,,,True,6.0,8,head,False,float16,True,True,True,False,False,94.14,0.0,1.9102,93.090296,,,,,562.29
server-3090,4600,cars,swin_base_patch4_window7_224_in22k,0,224,64,/hdd/edwin/results_backbones/ft_ckpts/cars_swin_base_patch4_window7_224_in22k.pth,,,True,6.0,8,head,False,float16,True,True,True,False,False,90.32,0.0,1.5371,86.835836,,,,,100.92
server-3090,4600,cars,swin_base_patch4_window7_224_in22k,0,224,64,/hdd/edwin/results_backbones/fz_ckpts/cars_swin_base_patch4_window7_224_in22k_fz.pth,,,True,6.0,8,head,False,float16,True,True,True,False,False,74.89,0.0,1.5352,86.835836,,,,,99.54
server-3090,4600,cars,vit_b16,0,224,64,/hdd/edwin/results_backbones/cal_ckpts/cars_vit_b16_cal.pth,,,True,6.0,8,head,False,float16,True,True,True,False,False,90.37,0.0,1.2285,90.555712,,,,,466.79
server-3090,4600,cars,vit_b16,0,224,64,/hdd/edwin/results_backbones/ft_ckpts/cars_vit_b16.pth,,,True,6.0,8,head,False,float16,True,True,True,False,False,86.67,0.0,0.8086,85.866436,,,,,98.95
server-3090,4600,cars,vit_b16,0,224,64,/hdd/edwin/results_backbones/fz_ckpts/cars_vit_b16_fz.pth,,,True,6.0,8,head,False,float16,True,True,True,False,False,62.39,0.0,0.8086,85.866436,,,,,99.14
server-3090,4601,cars,beitv2_base_patch16_224_in22k,0,224,64,/hdd/edwin/results_backbones/cal_ckpts/cars_beitv2_base_patch16_224_in22k_cal.pth,,,True,6.0,32,head,False,float16,True,True,True,False,False,92.0,0.0,1.0332,90.548224,,,,,372.81
server-3090,4601,cars,beitv2_base_patch16_224_in22k,0,224,64,/hdd/edwin/results_backbones/ft_ckpts/cars_beitv2_base_patch16_224_in22k.pth,,,True,6.0,32,head,False,float16,True,True,True,False,False,88.79,0.0,0.7539,85.857412,,,,,97.27
server-3090,4601,cars,beitv2_base_patch16_224_in22k,0,224,64,/hdd/edwin/results_backbones/fz_ckpts/cars_beitv2_base_patch16_224_in22k_fz.pth,,,True,6.0,32,head,False,float16,True,True,True,False,False,63.76,0.0,0.7539,85.857412,,,,,97.01
server-3090,4601,cars,swin_base_patch4_window7_224_in22k,0,224,64,/hdd/edwin/results_backbones/cal_ckpts/cars_swin_base_patch4_window7_224_in22k_cal.pth,,,True,6.0,32,head,False,float16,True,True,True,False,False,94.12,0.0,1.8828,93.090296,,,,,561.97
server-3090,4601,cars,swin_base_patch4_window7_224_in22k,0,224,64,/hdd/edwin/results_backbones/ft_ckpts/cars_swin_base_patch4_window7_224_in22k.pth,,,True,6.0,32,head,False,float16,True,True,True,False,False,90.46,0.0,1.5234,86.835836,,,,,100.68
server-3090,4601,cars,swin_base_patch4_window7_224_in22k,0,224,64,/hdd/edwin/results_backbones/fz_ckpts/cars_swin_base_patch4_window7_224_in22k_fz.pth,,,True,6.0,32,head,False,float16,True,True,True,False,False,75.02,0.0,1.5234,86.835836,,,,,100.84
server-3090,4601,cars,vit_b16,0,224,64,/hdd/edwin/results_backbones/cal_ckpts/cars_vit_b16_cal.pth,,,True,6.0,32,head,False,float16,True,True,True,False,False,90.44,0.0,1.1992,90.555712,,,,,465.89
server-3090,4601,cars,vit_b16,0,224,64,/hdd/edwin/results_backbones/ft_ckpts/cars_vit_b16.pth,,,True,6.0,32,head,False,float16,True,True,True,False,False,86.48,0.0,0.7754,85.866436,,,,,98.78
server-3090,4601,cars,vit_b16,0,224,64,/hdd/edwin/results_backbones/fz_ckpts/cars_vit_b16_fz.pth,,,True,6.0,32,head,False,float16,True,True,True,False,False,62.13,0.0,0.7754,85.866436,,,,,99.03
server-3090,4602,cars,beitv2_base_patch16_224_in22k,0,224,64,/hdd/edwin/results_backbones/cal_ckpts/cars_beitv2_base_patch16_224_in22k_cal.pth,,,True,6.0,128,head,False,float16,True,True,True,False,False,91.87,0.0,1.0254,90.548224,,,,,371.46
server-3090,4602,cars,beitv2_base_patch16_224_in22k,0,224,64,/hdd/edwin/results_backbones/ft_ckpts/cars_beitv2_base_patch16_224_in22k.pth,,,True,6.0,128,head,False,float16,True,True,True,False,False,88.75,0.0,0.7461,85.857412,,,,,97.49
server-3090,4602,cars,beitv2_base_patch16_224_in22k,0,224,64,/hdd/edwin/results_backbones/fz_ckpts/cars_beitv2_base_patch16_224_in22k_fz.pth,,,True,6.0,128,head,False,float16,True,True,True,False,False,63.74,0.0,0.7461,85.857412,,,,,97.26
server-3090,4602,cars,swin_base_patch4_window7_224_in22k,0,224,64,/hdd/edwin/results_backbones/cal_ckpts/cars_swin_base_patch4_window7_224_in22k_cal.pth,,,True,6.0,128,head,False,float16,True,True,True,False,False,94.17,0.0,1.873,93.090296,,,,,560.64
server-3090,4602,cars,swin_base_patch4_window7_224_in22k,0,224,64,/hdd/edwin/results_backbones/ft_ckpts/cars_swin_base_patch4_window7_224_in22k.pth,,,True,6.0,128,head,False,float16,True,True,True,False,False,90.35,0.0,1.5137,86.835836,,,,,100.89
server-3090,4602,cars,swin_base_patch4_window7_224_in22k,0,224,64,/hdd/edwin/results_backbones/fz_ckpts/cars_swin_base_patch4_window7_224_in22k_fz.pth,,,True,6.0,128,head,False,float16,True,True,True,False,False,74.78,0.0,1.5156,86.835836,,,,,100.76
server-3090,4602,cars,vit_b16,0,224,64,/hdd/edwin/results_backbones/cal_ckpts/cars_vit_b16_cal.pth,,,True,6.0,128,head,False,float16,True,True,True,False,False,90.54,0.0,1.1914,90.555712,,,,,467.43
server-3090,4602,cars,vit_b16,0,224,64,/hdd/edwin/results_backbones/ft_ckpts/cars_vit_b16.pth,,,True,6.0,128,head,False,float16,True,True,True,False,False,86.51,0.0,0.7695,85.866436,,,,,98.58
server-3090,4602,cars,vit_b16,0,224,64,/hdd/edwin/results_backbones/fz_ckpts/cars_vit_b16_fz.pth,,,True,6.0,128,head,False,float16,True,True,True,False,False,62.19,0.0,0.7695,85.866436,,,,,99.07
server-3090,4603,cars,beitv2_base_patch16_224_in22k,0,224,64,/hdd/edwin/results_backbones/cal_ckpts/cars_beitv2_base_patch16_224_in22k_cal.pth,,,True,6.0,512,head,False,float16,True,True,True,False,False,91.58,0.0,1.0234,90.548224,,,,,372.56
server-3090,4603,cars,beitv2_base_patch16_224_in22k,0,224,64,/hdd/edwin/results_backbones/ft_ckpts/cars_beitv2_base_patch16_224_in22k.pth,,,True,6.0,512,head,False,float16,True,True,True,False,False,88.65,0.0,0.7441,85.857412,,,,,97.94
server-3090,4603,cars,beitv2_base_patch16_224_in22k,0,224,64,/hdd/edwin/results_backbones/fz_ckpts/cars_beitv2_base_patch16_224_in22k_fz.pth,,,True,6.0,512,head,False,float16,True,True,True,False,False,63.25,0.0,0.7441,85.857412,,,,,97.57
server-3090,4603,cars,swin_base_patch4_window7_224_in22k,0,224,64,/hdd/edwin/results_backbones/cal_ckpts/cars_swin_base_patch4_window7_224_in22k_cal.pth,,,True,6.0,512,head,False,float16,True,True,True,False,False,94.06,0.0,1.8711,93.090296,,,,,562.88
server-3090,4603,cars,swin_base_patch4_window7_224_in22k,0,224,64,/hdd/edwin/results_backbones/ft_ckpts/cars_swin_base_patch4_window7_224_in22k.pth,,,True,6.0,512,head,False,float16,True,True,True,False,False,90.31,0.0,1.5117,86.835836,,,,,99.82
server-3090,4603,cars,swin_base_patch4_window7_224_in22k,0,224,64,/hdd/edwin/results_backbones/fz_ckpts/cars_swin_base_patch4_window7_224_in22k_fz.pth,,,True,6.0,512,head,False,float16,True,True,True,False,False,74.72,0.0,1.5117,86.835836,,,,,101.18
server-3090,4603,cars,vit_b16,0,224,64,/hdd/edwin/results_backbones/cal_ckpts/cars_vit_b16_cal.pth,,,True,6.0,512,head,False,float16,True,True,True,False,False,90.44,0.0,1.1914,90.555712,,,,,465.9
server-3090,4603,cars,vit_b16,0,224,64,/hdd/edwin/results_backbones/ft_ckpts/cars_vit_b16.pth,,,True,6.0,512,head,False,float16,True,True,True,False,False,86.52,0.0,0.7695,85.866436,,,,,98.66
server-3090,4603,cars,vit_b16,0,224,64,/hdd/edwin/results_backbones/fz_ckpts/cars_vit_b16_fz.pth,,,True,6.0,512,head,False,float16,True,True,True,False,False,62.04,0.0,0.7695,85.866436,,,,,99.15
server-3090,4700,cars,beitv2_base_patch16_224_in22k,0,224,64,/hdd/edwin/results_backbones/cal_ckpts/cars_beitv2_base_patch16_224_in22k_cal.pth,,,True,8.0,8,head,False,float16,True,True,True,False,False,92.17,0.0,1.0664,90.548224,,,,,371.77
server-3090,4700,cars,beitv2_base_patch16_224_in22k,0,224,64,/hdd/edwin/results_backbones/ft_ckpts/cars_beitv2_base_patch16_224_in22k.pth,,,True,8.0,8,head,False,float16,True,True,True,False,False,88.86,0.0,0.791,85.857412,,,,,97.71
server-3090,4700,cars,beitv2_base_patch16_224_in22k,0,224,64,/hdd/edwin/results_backbones/fz_ckpts/cars_beitv2_base_patch16_224_in22k_fz.pth,,,True,8.0,8,head,False,float16,True,True,True,False,False,64.25,0.0,0.7891,85.857412,,,,,95.82
server-3090,4700,cars,swin_base_patch4_window7_224_in22k,0,224,64,/hdd/edwin/results_backbones/cal_ckpts/cars_swin_base_patch4_window7_224_in22k_cal.pth,,,True,8.0,8,head,False,float16,True,True,True,False,False,94.14,0.0,1.9102,93.090296,,,,,561.12
server-3090,4700,cars,swin_base_patch4_window7_224_in22k,0,224,64,/hdd/edwin/results_backbones/ft_ckpts/cars_swin_base_patch4_window7_224_in22k.pth,,,True,8.0,8,head,False,float16,True,True,True,False,False,90.37,0.0,1.5371,86.835836,,,,,100.87
server-3090,4700,cars,swin_base_patch4_window7_224_in22k,0,224,64,/hdd/edwin/results_backbones/fz_ckpts/cars_swin_base_patch4_window7_224_in22k_fz.pth,,,True,8.0,8,head,False,float16,True,True,True,False,False,74.88,0.0,1.5352,86.835836,,,,,100.24
server-3090,4700,cars,vit_b16,0,224,64,/hdd/edwin/results_backbones/cal_ckpts/cars_vit_b16_cal.pth,,,True,8.0,8,head,False,float16,True,True,True,False,False,90.39,0.0,1.1953,90.555712,,,,,465.81
server-3090,4700,cars,vit_b16,0,224,64,/hdd/edwin/results_backbones/ft_ckpts/cars_vit_b16.pth,,,True,8.0,8,head,False,float16,True,True,True,False,False,86.56,0.0,0.8086,85.866436,,,,,99.04
server-3090,4700,cars,vit_b16,0,224,64,/hdd/edwin/results_backbones/fz_ckpts/cars_vit_b16_fz.pth,,,True,8.0,8,head,False,float16,True,True,True,False,False,62.39,0.0,0.8086,85.866436,,,,,98.53
server-3090,4701,cars,beitv2_base_patch16_224_in22k,0,224,64,/hdd/edwin/results_backbones/cal_ckpts/cars_beitv2_base_patch16_224_in22k_cal.pth,,,True,8.0,32,head,False,float16,True,True,True,False,False,92.13,0.0,1.0332,90.548224,,,,,373.21
server-3090,4701,cars,beitv2_base_patch16_224_in22k,0,224,64,/hdd/edwin/results_backbones/ft_ckpts/cars_beitv2_base_patch16_224_in22k.pth,,,True,8.0,32,head,False,float16,True,True,True,False,False,88.81,0.0,0.7539,85.857412,,,,,97.4
server-3090,4701,cars,beitv2_base_patch16_224_in22k,0,224,64,/hdd/edwin/results_backbones/fz_ckpts/cars_beitv2_base_patch16_224_in22k_fz.pth,,,True,8.0,32,head,False,float16,True,True,True,False,False,64.17,0.0,0.7539,85.857412,,,,,96.39
server-3090,4701,cars,swin_base_patch4_window7_224_in22k,0,224,64,/hdd/edwin/results_backbones/cal_ckpts/cars_swin_base_patch4_window7_224_in22k_cal.pth,,,True,8.0,32,head,False,float16,True,True,True,False,False,94.17,0.0,1.8828,93.090296,,,,,563.41
server-3090,4701,cars,swin_base_patch4_window7_224_in22k,0,224,64,/hdd/edwin/results_backbones/ft_ckpts/cars_swin_base_patch4_window7_224_in22k.pth,,,True,8.0,32,head,False,float16,True,True,True,False,False,90.39,0.0,1.5234,86.835836,,,,,101.33
server-3090,4701,cars,swin_base_patch4_window7_224_in22k,0,224,64,/hdd/edwin/results_backbones/fz_ckpts/cars_swin_base_patch4_window7_224_in22k_fz.pth,,,True,8.0,32,head,False,float16,True,True,True,False,False,74.94,0.0,1.5234,86.835836,,,,,100.78
server-3090,4701,cars,vit_b16,0,224,64,/hdd/edwin/results_backbones/cal_ckpts/cars_vit_b16_cal.pth,,,True,8.0,32,head,False,float16,True,True,True,False,False,90.42,0.0,1.1992,90.555712,,,,,468.43
server-3090,4701,cars,vit_b16,0,224,64,/hdd/edwin/results_backbones/ft_ckpts/cars_vit_b16.pth,,,True,8.0,32,head,False,float16,True,True,True,False,False,86.66,0.0,0.7754,85.866436,,,,,98.29
server-3090,4701,cars,vit_b16,0,224,64,/hdd/edwin/results_backbones/fz_ckpts/cars_vit_b16_fz.pth,,,True,8.0,32,head,False,float16,True,True,True,False,False,62.54,0.0,0.7754,85.866436,,,,,98.08
server-3090,4702,cars,beitv2_base_patch16_224_in22k,0,224,64,/hdd/edwin/results_backbones/cal_ckpts/cars_beitv2_base_patch16_224_in22k_cal.pth,,,True,8.0,128,head,False,float16,True,True,True,False,False,92.07,0.0,1.0254,90.548224,,,,,372.85
server-3090,4702,cars,beitv2_base_patch16_224_in22k,0,224,64,/hdd/edwin/results_backbones/ft_ckpts/cars_beitv2_base_patch16_224_in22k.pth,,,True,8.0,128,head,False,float16,True,True,True,False,False,88.79,0.0,0.7461,85.857412,,,,,97.22
server-3090,4702,cars,beitv2_base_patch16_224_in22k,0,224,64,/hdd/edwin/results_backbones/fz_ckpts/cars_beitv2_base_patch16_224_in22k_fz.pth,,,True,8.0,128,head,False,float16,True,True,True,False,False,64.26,0.0,0.7461,85.857412,,,,,97.12
server-3090,4702,cars,swin_base_patch4_window7_224_in22k,0,224,64,/hdd/edwin/results_backbones/cal_ckpts/cars_swin_base_patch4_window7_224_in22k_cal.pth,,,True,8.0,128,head,False,float16,True,True,True,False,False,94.15,0.0,1.873,93.090296,,,,,560.63
server-3090,4702,cars,swin_base_patch4_window7_224_in22k,0,224,64,/hdd/edwin/results_backbones/ft_ckpts/cars_swin_base_patch4_window7_224_in22k.pth,,,True,8.0,128,head,False,float16,True,True,True,False,False,90.41,0.0,1.5156,86.835836,,,,,100.69
server-3090,4702,cars,swin_base_patch4_window7_224_in22k,0,224,64,/hdd/edwin/results_backbones/fz_ckpts/cars_swin_base_patch4_window7_224_in22k_fz.pth,,,True,8.0,128,head,False,float16,True,True,True,False,False,74.95,0.0,1.5137,86.835836,,,,,100.37
server-3090,4702,cars,vit_b16,0,224,64,/hdd/edwin/results_backbones/cal_ckpts/cars_vit_b16_cal.pth,,,True,8.0,128,head,False,float16,True,True,True,False,False,90.49,0.0,1.1914,90.555712,,,,,466.38
server-3090,4702,cars,vit_b16,0,224,64,/hdd/edwin/results_backbones/ft_ckpts/cars_vit_b16.pth,,,True,8.0,128,head,False,float16,True,True,True,False,False,86.64,0.0,0.7695,85.866436,,,,,99.61
server-3090,4702,cars,vit_b16,0,224,64,/hdd/edwin/results_backbones/fz_ckpts/cars_vit_b16_fz.pth,,,True,8.0,128,head,False,float16,True,True,True,False,False,62.47,0.0,0.7695,85.866436,,,,,98.77
server-3090,4703,cars,beitv2_base_patch16_224_in22k,0,224,64,/hdd/edwin/results_backbones/cal_ckpts/cars_beitv2_base_patch16_224_in22k_cal.pth,,,True,8.0,512,head,False,float16,True,True,True,False,False,92.2,0.0,1.0234,90.548224,,,,,371.15
server-3090,4703,cars,beitv2_base_patch16_224_in22k,0,224,64,/hdd/edwin/results_backbones/ft_ckpts/cars_beitv2_base_patch16_224_in22k.pth,,,True,8.0,512,head,False,float16,True,True,True,False,False,88.82,0.0,0.7441,85.857412,,,,,96.91
server-3090,4703,cars,beitv2_base_patch16_224_in22k,0,224,64,/hdd/edwin/results_backbones/fz_ckpts/cars_beitv2_base_patch16_224_in22k_fz.pth,,,True,8.0,512,head,False,float16,True,True,True,False,False,64.18,0.0,0.7441,85.857412,,,,,96.15
server-3090,4703,cars,swin_base_patch4_window7_224_in22k,0,224,64,/hdd/edwin/results_backbones/cal_ckpts/cars_swin_base_patch4_window7_224_in22k_cal.pth,,,True,8.0,512,head,False,float16,True,True,True,False,False,94.2,0.0,1.8711,93.090296,,,,,562.71
server-3090,4703,cars,swin_base_patch4_window7_224_in22k,0,224,64,/hdd/edwin/results_backbones/ft_ckpts/cars_swin_base_patch4_window7_224_in22k.pth,,,True,8.0,512,head,False,float16,True,True,True,False,False,90.35,0.0,1.5117,86.835836,,,,,100.72
server-3090,4703,cars,swin_base_patch4_window7_224_in22k,0,224,64,/hdd/edwin/results_backbones/fz_ckpts/cars_swin_base_patch4_window7_224_in22k_fz.pth,,,True,8.0,512,head,False,float16,True,True,True,False,False,74.87,0.0,1.5117,86.835836,,,,,100.08
server-3090,4703,cars,vit_b16,0,224,64,/hdd/edwin/results_backbones/cal_ckpts/cars_vit_b16_cal.pth,,,True,8.0,512,head,False,float16,True,True,True,False,False,90.45,0.0,1.1914,90.555712,,,,,467.31
server-3090,4703,cars,vit_b16,0,224,64,/hdd/edwin/results_backbones/ft_ckpts/cars_vit_b16.pth,,,True,8.0,512,head,False,float16,True,True,True,False,False,86.57,0.0,0.7695,85.866436,,,,,98.02
server-3090,4703,cars,vit_b16,0,224,64,/hdd/edwin/results_backbones/fz_ckpts/cars_vit_b16_fz.pth,,,True,8.0,512,head,False,float16,True,True,True,False,False,62.48,0.0,0.7695,85.866436,,,,,98.36
server-3090,4999,cars,beitv2_base_patch16_224_in22k,0,224,64,/hdd/edwin/results_backbones/cal_ckpts/cars_beitv2_base_patch16_224_in22k_cal.pth,,,False,4.0,64,head,False,float16,True,True,True,False,False,,,,,92.14,0.0,1.332,90.60352,1294.61
server-3090,4999,cars,beitv2_base_patch16_224_in22k,0,224,64,/hdd/edwin/results_backbones/ft_ckpts/cars_beitv2_base_patch16_224_in22k.pth,,,False,4.0,64,head,False,float16,True,True,True,False,False,,,,,88.87,0.0,0.9062,85.912708,105.49
server-3090,4999,cars,beitv2_base_patch16_224_in22k,0,224,64,/hdd/edwin/results_backbones/fz_ckpts/cars_beitv2_base_patch16_224_in22k_fz.pth,,,False,4.0,64,head,False,float16,True,True,True,False,False,,,,,64.07,0.0,0.9062,85.912708,108.24
server-3090,4999,cars,swin_base_patch4_window7_224_in22k,0,224,64,/hdd/edwin/results_backbones/cal_ckpts/cars_swin_base_patch4_window7_224_in22k_cal.pth,,,False,4.0,64,head,False,float16,True,True,True,False,False,,,,,94.17,0.0,2.334,93.198584,976.72
server-3090,4999,cars,swin_base_patch4_window7_224_in22k,0,224,64,/hdd/edwin/results_backbones/ft_ckpts/cars_swin_base_patch4_window7_224_in22k.pth,,,False,4.0,64,head,False,float16,True,True,True,False,False,,,,,90.36,0.0,1.7461,86.944124,108.17
server-3090,4999,cars,swin_base_patch4_window7_224_in22k,0,224,64,/hdd/edwin/results_backbones/fz_ckpts/cars_swin_base_patch4_window7_224_in22k_fz.pth,,,False,4.0,64,head,False,float16,True,True,True,False,False,,,,,74.93,0.0,1.7461,86.944124,110.78
server-3090,4999,cars,vit_b16,0,224,64,/hdd/edwin/results_backbones/cal_ckpts/cars_vit_b16_cal.pth,,,False,4.0,64,head,False,float16,True,True,True,False,False,,,,,90.37,0.0,1.4512,90.638656,604.33
server-3090,4999,cars,vit_b16,0,224,64,/hdd/edwin/results_backbones/ft_ckpts/cars_vit_b16.pth,,,False,4.0,64,head,False,float16,True,True,True,False,False,,,,,86.58,0.0,1.0059,85.94938,108.17
server-3090,4999,cars,vit_b16,0,224,64,/hdd/edwin/results_backbones/fz_ckpts/cars_vit_b16_fz.pth,,,False,4.0,64,head,False,float16,True,True,True,False,False,,,,,62.5,0.0,1.0059,85.94938,107.1
server-3090,4000,cub,beitv2_base_patch16_224_in22k,0,224,64,/hdd/edwin/results_backbones/cal_ckpts/cub_beitv2_base_patch16_224_in22k_cal.pth,,,True,1.0,8,head,False,float16,True,True,True,False,False,0.41,0.0,0.8496,12.027904,,,,,393.27
server-3090,4000,cub,beitv2_base_patch16_224_in22k,0,224,64,/hdd/edwin/results_backbones/ft_ckpts/cub_beitv2_base_patch16_224_in22k.pth,,,True,1.0,8,head,False,float16,True,True,True,False,False,0.47,0.0,0.5352,11.542664,,,,,79.61
server-3090,4000,cub,beitv2_base_patch16_224_in22k,0,224,64,/hdd/edwin/results_backbones/fz_ckpts/cub_beitv2_base_patch16_224_in22k_fz.pth,,,True,1.0,8,head,False,float16,True,True,True,False,False,0.38,0.0,0.5352,11.542664,,,,,81.23
server-3090,4000,cub,swin_base_patch4_window7_224_in22k,0,224,64,/hdd/edwin/results_backbones/cal_ckpts/cub_swin_base_patch4_window7_224_in22k_cal.pth,,,True,1.0,8,head,False,float16,True,True,True,False,False,0.54,0.0,1.8418,11.792888,,,,,869.38
server-3090,4000,cub,swin_base_patch4_window7_224_in22k,0,224,64,/hdd/edwin/results_backbones/ft_ckpts/cub_swin_base_patch4_window7_224_in22k.pth,,,True,1.0,8,head,False,float16,True,True,True,False,False,0.54,0.0,1.4473,11.145856,,,,,117.67
server-3090,4000,cub,swin_base_patch4_window7_224_in22k,0,224,64,/hdd/edwin/results_backbones/fz_ckpts/cub_swin_base_patch4_window7_224_in22k_fz.pth,,,True,1.0,8,head,False,float16,True,True,True,False,False,0.52,0.0,1.4473,11.145856,,,,,111.19
server-3090,4000,cub,vit_b16,0,224,64,/hdd/edwin/results_backbones/cal_ckpts/cub_vit_b16_cal.pth,,,True,1.0,8,head,False,float16,True,True,True,False,False,0.83,0.0,1.0039,12.035392,,,,,1480.91
server-3090,4000,cub,vit_b16,0,224,64,/hdd/edwin/results_backbones/ft_ckpts/cub_vit_b16.pth,,,True,1.0,8,head,False,float16,True,True,True,False,False,0.74,0.0,0.5957,11.551688,,,,,94.87
server-3090,4000,cub,vit_b16,0,224,64,/hdd/edwin/results_backbones/fz_ckpts/cub_vit_b16_fz.pth,,,True,1.0,8,head,False,float16,True,True,True,False,False,0.98,0.0,0.5957,11.551688,,,,,95.04
server-3090,4001,cub,beitv2_base_patch16_224_in22k,0,224,64,/hdd/edwin/results_backbones/cal_ckpts/cub_beitv2_base_patch16_224_in22k_cal.pth,,,True,1.0,32,head,False,float16,True,True,True,False,False,0.47,0.0,0.8203,12.027904,,,,,697.09
server-3090,4001,cub,beitv2_base_patch16_224_in22k,0,224,64,/hdd/edwin/results_backbones/ft_ckpts/cub_beitv2_base_patch16_224_in22k.pth,,,True,1.0,32,head,False,float16,True,True,True,False,False,0.48,0.0,0.5039,11.542664,,,,,59.8
server-3090,4001,cub,beitv2_base_patch16_224_in22k,0,224,64,/hdd/edwin/results_backbones/fz_ckpts/cub_beitv2_base_patch16_224_in22k_fz.pth,,,True,1.0,32,head,False,float16,True,True,True,False,False,0.55,0.0,0.5039,11.542664,,,,,57.76
server-3090,4001,cub,swin_base_patch4_window7_224_in22k,0,224,64,/hdd/edwin/results_backbones/cal_ckpts/cub_swin_base_patch4_window7_224_in22k_cal.pth,,,True,1.0,32,head,False,float16,True,True,True,False,False,0.41,0.0,1.793,11.792888,,,,,748.63
server-3090,4001,cub,swin_base_patch4_window7_224_in22k,0,224,64,/hdd/edwin/results_backbones/ft_ckpts/cub_swin_base_patch4_window7_224_in22k.pth,,,True,1.0,32,head,False,float16,True,True,True,False,False,0.36,0.0,1.418,11.145856,,,,,83.42
server-3090,4001,cub,swin_base_patch4_window7_224_in22k,0,224,64,/hdd/edwin/results_backbones/fz_ckpts/cub_swin_base_patch4_window7_224_in22k_fz.pth,,,True,1.0,32,head,False,float16,True,True,True,False,False,0.47,0.0,1.418,11.145856,,,,,82.32
server-3090,4001,cub,vit_b16,0,224,64,/hdd/edwin/results_backbones/cal_ckpts/cub_vit_b16_cal.pth,,,True,1.0,32,head,False,float16,True,True,True,False,False,0.62,0.0,0.9746,12.035392,,,,,480.89
server-3090,4001,cub,vit_b16,0,224,64,/hdd/edwin/results_backbones/ft_ckpts/cub_vit_b16.pth,,,True,1.0,32,head,False,float16,True,True,True,False,False,0.5,0.0,0.5645,11.551688,,,,,69.28
server-3090,4001,cub,vit_b16,0,224,64,/hdd/edwin/results_backbones/fz_ckpts/cub_vit_b16_fz.pth,,,True,1.0,32,head,False,float16,True,True,True,False,False,0.64,0.0,0.5645,11.551688,,,,,69.44
server-3090,4002,cub,beitv2_base_patch16_224_in22k,0,224,64,/hdd/edwin/results_backbones/cal_ckpts/cub_beitv2_base_patch16_224_in22k_cal.pth,,,True,1.0,128,head,False,float16,True,True,True,False,False,0.76,0.0,0.8125,12.027904,,,,,411.58
server-3090,4002,cub,beitv2_base_patch16_224_in22k,0,224,64,/hdd/edwin/results_backbones/ft_ckpts/cub_beitv2_base_patch16_224_in22k.pth,,,True,1.0,128,head,False,float16,True,True,True,False,False,0.43,0.0,0.4961,11.542664,,,,,59.33
server-3090,4002,cub,beitv2_base_patch16_224_in22k,0,224,64,/hdd/edwin/results_backbones/fz_ckpts/cub_beitv2_base_patch16_224_in22k_fz.pth,,,True,1.0,128,head,False,float16,True,True,True,False,False,0.35,0.0,0.4961,11.542664,,,,,59.63
server-3090,4002,cub,swin_base_patch4_window7_224_in22k,0,224,64,/hdd/edwin/results_backbones/cal_ckpts/cub_swin_base_patch4_window7_224_in22k_cal.pth,,,True,1.0,128,head,False,float16,True,True,True,False,False,0.5,0.0,1.7852,11.792888,,,,,793.21
server-3090,4002,cub,swin_base_patch4_window7_224_in22k,0,224,64,/hdd/edwin/results_backbones/ft_ckpts/cub_swin_base_patch4_window7_224_in22k.pth,,,True,1.0,128,head,False,float16,True,True,True,False,False,0.52,0.0,1.4102,11.145856,,,,,85.28
server-3090,4002,cub,swin_base_patch4_window7_224_in22k,0,224,64,/hdd/edwin/results_backbones/fz_ckpts/cub_swin_base_patch4_window7_224_in22k_fz.pth,,,True,1.0,128,head,False,float16,True,True,True,False,False,0.5,0.0,1.4102,11.145856,,,,,87.08
server-3090,4002,cub,vit_b16,0,224,64,/hdd/edwin/results_backbones/cal_ckpts/cub_vit_b16_cal.pth,,,True,1.0,128,head,False,float16,True,True,True,False,False,0.41,0.0,0.9648,12.035392,,,,,794.19
server-3090,4002,cub,vit_b16,0,224,64,/hdd/edwin/results_backbones/ft_ckpts/cub_vit_b16.pth,,,True,1.0,128,head,False,float16,True,True,True,False,False,0.52,0.0,0.5566,11.551688,,,,,63.43
server-3090,4002,cub,vit_b16,0,224,64,/hdd/edwin/results_backbones/fz_ckpts/cub_vit_b16_fz.pth,,,True,1.0,128,head,False,float16,True,True,True,False,False,0.43,0.0,0.5566,11.551688,,,,,71.65
server-3090,4003,cub,beitv2_base_patch16_224_in22k,0,224,64,/hdd/edwin/results_backbones/cal_ckpts/cub_beitv2_base_patch16_224_in22k_cal.pth,,,True,1.0,512,head,False,float16,True,True,True,False,False,0.5,0.0,0.8105,12.027904,,,,,450.44
server-3090,4003,cub,beitv2_base_patch16_224_in22k,0,224,64,/hdd/edwin/results_backbones/ft_ckpts/cub_beitv2_base_patch16_224_in22k.pth,,,True,1.0,512,head,False,float16,True,True,True,False,False,0.6,0.0,0.4941,11.542664,,,,,58.76
server-3090,4003,cub,beitv2_base_patch16_224_in22k,0,224,64,/hdd/edwin/results_backbones/fz_ckpts/cub_beitv2_base_patch16_224_in22k_fz.pth,,,True,1.0,512,head,False,float16,True,True,True,False,False,0.36,0.0,0.4941,11.542664,,,,,58.27
server-3090,4003,cub,swin_base_patch4_window7_224_in22k,0,224,64,/hdd/edwin/results_backbones/cal_ckpts/cub_swin_base_patch4_window7_224_in22k_cal.pth,,,True,1.0,512,head,False,float16,True,True,True,False,False,0.52,0.0,1.7812,11.792888,,,,,622.43
server-3090,4003,cub,swin_base_patch4_window7_224_in22k,0,224,64,/hdd/edwin/results_backbones/ft_ckpts/cub_swin_base_patch4_window7_224_in22k.pth,,,True,1.0,512,head,False,float16,True,True,True,False,False,0.52,0.0,1.4062,11.145856,,,,,77.08
server-3090,4003,cub,swin_base_patch4_window7_224_in22k,0,224,64,/hdd/edwin/results_backbones/fz_ckpts/cub_swin_base_patch4_window7_224_in22k_fz.pth,,,True,1.0,512,head,False,float16,True,True,True,False,False,0.52,0.0,1.4062,11.145856,,,,,84.06
server-3090,4003,cub,vit_b16,0,224,64,/hdd/edwin/results_backbones/cal_ckpts/cub_vit_b16_cal.pth,,,True,1.0,512,head,False,float16,True,True,True,False,False,0.47,0.0,0.9629,12.035392,,,,,517.7
server-3090,4003,cub,vit_b16,0,224,64,/hdd/edwin/results_backbones/ft_ckpts/cub_vit_b16.pth,,,True,1.0,512,head,False,float16,True,True,True,False,False,0.52,0.0,0.5547,11.551688,,,,,73.33
server-3090,4003,cub,vit_b16,0,224,64,/hdd/edwin/results_backbones/fz_ckpts/cub_vit_b16_fz.pth,,,True,1.0,512,head,False,float16,True,True,True,False,False,0.52,0.0,0.5547,11.551688,,,,,69.84
server-3090,4100,cub,beitv2_base_patch16_224_in22k,0,224,64,/hdd/edwin/results_backbones/cal_ckpts/cub_beitv2_base_patch16_224_in22k_cal.pth,,,True,1.58,8,head,False,float16,True,True,True,False,False,16.69,0.0,0.8613,23.259136,,,,,691.54
server-3090,4100,cub,beitv2_base_patch16_224_in22k,0,224,64,/hdd/edwin/results_backbones/ft_ckpts/cub_beitv2_base_patch16_224_in22k.pth,,,True,1.58,8,head,False,float16,True,True,True,False,False,13.55,0.0,0.5488,22.159496,,,,,65.56
server-3090,4100,cub,beitv2_base_patch16_224_in22k,0,224,64,/hdd/edwin/results_backbones/fz_ckpts/cub_beitv2_base_patch16_224_in22k_fz.pth,,,True,1.58,8,head,False,float16,True,True,True,False,False,18.43,0.0,0.5469,22.159496,,,,,58.79
server-3090,4100,cub,swin_base_patch4_window7_224_in22k,0,224,64,/hdd/edwin/results_backbones/cal_ckpts/cub_swin_base_patch4_window7_224_in22k_cal.pth,,,True,1.58,8,head,False,float16,True,True,True,False,False,79.6,0.0,1.8496,23.425528,,,,,857.4
server-3090,4100,cub,swin_base_patch4_window7_224_in22k,0,224,64,/hdd/edwin/results_backbones/ft_ckpts/cub_swin_base_patch4_window7_224_in22k.pth,,,True,1.58,8,head,False,float16,True,True,True,False,False,74.32,0.0,1.459,21.959296,,,,,77.73
server-3090,4100,cub,swin_base_patch4_window7_224_in22k,0,224,64,/hdd/edwin/results_backbones/fz_ckpts/cub_swin_base_patch4_window7_224_in22k_fz.pth,,,True,1.58,8,head,False,float16,True,True,True,False,False,84.66,0.0,1.457,21.959296,,,,,80.23
server-3090,4100,cub,vit_b16,0,224,64,/hdd/edwin/results_backbones/cal_ckpts/cub_vit_b16_cal.pth,,,True,1.58,8,head,False,float16,True,True,True,False,False,82.64,0.0,1.0117,23.266624,,,,,565.27
server-3090,4100,cub,vit_b16,0,224,64,/hdd/edwin/results_backbones/ft_ckpts/cub_vit_b16.pth,,,True,1.58,8,head,False,float16,True,True,True,False,False,74.58,0.0,0.6055,22.16852,,,,,68.91
server-3090,4100,cub,vit_b16,0,224,64,/hdd/edwin/results_backbones/fz_ckpts/cub_vit_b16_fz.pth,,,True,1.58,8,head,False,float16,True,True,True,False,False,76.11,0.0,0.6055,22.16852,,,,,64.9
server-3090,4101,cub,beitv2_base_patch16_224_in22k,0,224,64,/hdd/edwin/results_backbones/cal_ckpts/cub_beitv2_base_patch16_224_in22k_cal.pth,,,True,1.58,32,head,False,float16,True,True,True,False,False,0.76,0.0,0.8477,23.259136,,,,,386.16
server-3090,4101,cub,beitv2_base_patch16_224_in22k,0,224,64,/hdd/edwin/results_backbones/ft_ckpts/cub_beitv2_base_patch16_224_in22k.pth,,,True,1.58,32,head,False,float16,True,True,True,False,False,0.88,0.0,0.5156,22.159496,,,,,59.98
server-3090,4101,cub,beitv2_base_patch16_224_in22k,0,224,64,/hdd/edwin/results_backbones/fz_ckpts/cub_beitv2_base_patch16_224_in22k_fz.pth,,,True,1.58,32,head,False,float16,True,True,True,False,False,0.6,0.0,0.5137,22.159496,,,,,62.85
server-3090,4101,cub,swin_base_patch4_window7_224_in22k,0,224,64,/hdd/edwin/results_backbones/cal_ckpts/cub_swin_base_patch4_window7_224_in22k_cal.pth,,,True,1.58,32,head,False,float16,True,True,True,False,False,7.65,0.0,1.8066,23.425528,,,,,753.42
server-3090,4101,cub,swin_base_patch4_window7_224_in22k,0,224,64,/hdd/edwin/results_backbones/ft_ckpts/cub_swin_base_patch4_window7_224_in22k.pth,,,True,1.58,32,head,False,float16,True,True,True,False,False,2.23,0.0,1.4297,21.959296,,,,,85.0
server-3090,4101,cub,swin_base_patch4_window7_224_in22k,0,224,64,/hdd/edwin/results_backbones/fz_ckpts/cub_swin_base_patch4_window7_224_in22k_fz.pth,,,True,1.58,32,head,False,float16,True,True,True,False,False,8.53,0.0,1.4277,21.959296,,,,,76.99
server-3090,4101,cub,vit_b16,0,224,64,/hdd/edwin/results_backbones/cal_ckpts/cub_vit_b16_cal.pth,,,True,1.58,32,head,False,float16,True,True,True,False,False,29.27,0.0,0.9844,23.266624,,,,,795.9
server-3090,4101,cub,vit_b16,0,224,64,/hdd/edwin/results_backbones/ft_ckpts/cub_vit_b16.pth,,,True,1.58,32,head,False,float16,True,True,True,False,False,2.11,0.0,0.5742,22.16852,,,,,69.93
server-3090,4101,cub,vit_b16,0,224,64,/hdd/edwin/results_backbones/fz_ckpts/cub_vit_b16_fz.pth,,,True,1.58,32,head,False,float16,True,True,True,False,False,6.3,0.0,0.5742,22.16852,,,,,70.47
server-3090,4102,cub,beitv2_base_patch16_224_in22k,0,224,64,/hdd/edwin/results_backbones/cal_ckpts/cub_beitv2_base_patch16_224_in22k_cal.pth,,,True,1.58,128,head,False,float16,True,True,True,False,False,0.66,0.0,0.8398,23.259136,,,,,697.62
server-3090,4102,cub,beitv2_base_patch16_224_in22k,0,224,64,/hdd/edwin/results_backbones/ft_ckpts/cub_beitv2_base_patch16_224_in22k.pth,,,True,1.58,128,head,False,float16,True,True,True,False,False,0.66,0.0,0.5059,22.159496,,,,,57.45
server-3090,4102,cub,beitv2_base_patch16_224_in22k,0,224,64,/hdd/edwin/results_backbones/fz_ckpts/cub_beitv2_base_patch16_224_in22k_fz.pth,,,True,1.58,128,head,False,float16,True,True,True,False,False,0.64,0.0,0.5059,22.159496,,,,,56.8
server-3090,4102,cub,swin_base_patch4_window7_224_in22k,0,224,64,/hdd/edwin/results_backbones/cal_ckpts/cub_swin_base_patch4_window7_224_in22k_cal.pth,,,True,1.58,128,head,False,float16,True,True,True,False,False,0.55,0.0,1.7988,23.425528,,,,,782.59
server-3090,4102,cub,swin_base_patch4_window7_224_in22k,0,224,64,/hdd/edwin/results_backbones/ft_ckpts/cub_swin_base_patch4_window7_224_in22k.pth,,,True,1.58,128,head,False,float16,True,True,True,False,False,0.4,0.0,1.4199,21.959296,,,,,81.75
server-3090,4102,cub,swin_base_patch4_window7_224_in22k,0,224,64,/hdd/edwin/results_backbones/fz_ckpts/cub_swin_base_patch4_window7_224_in22k_fz.pth,,,True,1.58,128,head,False,float16,True,True,True,False,False,0.38,0.0,1.4199,21.959296,,,,,86.47
server-3090,4102,cub,vit_b16,0,224,64,/hdd/edwin/results_backbones/cal_ckpts/cub_vit_b16_cal.pth,,,True,1.58,128,head,False,float16,True,True,True,False,False,0.64,0.0,0.9746,23.266624,,,,,490.0
server-3090,4102,cub,vit_b16,0,224,64,/hdd/edwin/results_backbones/ft_ckpts/cub_vit_b16.pth,,,True,1.58,128,head,False,float16,True,True,True,False,False,0.74,0.0,0.5664,22.16852,,,,,68.68
server-3090,4102,cub,vit_b16,0,224,64,/hdd/edwin/results_backbones/fz_ckpts/cub_vit_b16_fz.pth,,,True,1.58,128,head,False,float16,True,True,True,False,False,0.78,0.0,0.5664,22.16852,,,,,68.63
server-3090,4103,cub,beitv2_base_patch16_224_in22k,0,224,64,/hdd/edwin/results_backbones/cal_ckpts/cub_beitv2_base_patch16_224_in22k_cal.pth,,,True,1.58,512,head,False,float16,True,True,True,False,False,0.76,0.0,0.8379,23.259136,,,,,445.74
server-3090,4103,cub,beitv2_base_patch16_224_in22k,0,224,64,/hdd/edwin/results_backbones/ft_ckpts/cub_beitv2_base_patch16_224_in22k.pth,,,True,1.58,512,head,False,float16,True,True,True,False,False,0.54,0.0,0.5039,22.159496,,,,,60.49
server-3090,4103,cub,beitv2_base_patch16_224_in22k,0,224,64,/hdd/edwin/results_backbones/fz_ckpts/cub_beitv2_base_patch16_224_in22k_fz.pth,,,True,1.58,512,head,False,float16,True,True,True,False,False,0.5,0.0,0.5039,22.159496,,,,,60.61
server-3090,4103,cub,swin_base_patch4_window7_224_in22k,0,224,64,/hdd/edwin/results_backbones/cal_ckpts/cub_swin_base_patch4_window7_224_in22k_cal.pth,,,True,1.58,512,head,False,float16,True,True,True,False,False,0.57,0.0,1.7949,23.425528,,,,,720.09
server-3090,4103,cub,swin_base_patch4_window7_224_in22k,0,224,64,/hdd/edwin/results_backbones/ft_ckpts/cub_swin_base_patch4_window7_224_in22k.pth,,,True,1.58,512,head,False,float16,True,True,True,False,False,0.62,0.0,1.418,21.959296,,,,,84.65
server-3090,4103,cub,swin_base_patch4_window7_224_in22k,0,224,64,/hdd/edwin/results_backbones/fz_ckpts/cub_swin_base_patch4_window7_224_in22k_fz.pth,,,True,1.58,512,head,False,float16,True,True,True,False,False,0.54,0.0,1.418,21.959296,,,,,85.23
server-3090,4103,cub,vit_b16,0,224,64,/hdd/edwin/results_backbones/cal_ckpts/cub_vit_b16_cal.pth,,,True,1.58,512,head,False,float16,True,True,True,False,False,0.78,0.0,0.9727,23.266624,,,,,781.43
server-3090,4103,cub,vit_b16,0,224,64,/hdd/edwin/results_backbones/ft_ckpts/cub_vit_b16.pth,,,True,1.58,512,head,False,float16,True,True,True,False,False,0.6,0.0,0.5645,22.16852,,,,,69.42
server-3090,4103,cub,vit_b16,0,224,64,/hdd/edwin/results_backbones/fz_ckpts/cub_vit_b16_fz.pth,,,True,1.58,512,head,False,float16,True,True,True,False,False,0.48,0.0,0.5645,22.16852,,,,,69.44
server-3090,4200,cub,beitv2_base_patch16_224_in22k,0,224,64,/hdd/edwin/results_backbones/cal_ckpts/cub_beitv2_base_patch16_224_in22k_cal.pth,,,True,2.0,8,head,False,float16,True,True,True,False,False,69.5,0.0,0.8613,23.259136,,,,,521.97
server-3090,4200,cub,beitv2_base_patch16_224_in22k,0,224,64,/hdd/edwin/results_backbones/ft_ckpts/cub_beitv2_base_patch16_224_in22k.pth,,,True,2.0,8,head,False,float16,True,True,True,False,False,68.97,0.0,0.5469,22.159496,,,,,58.81
server-3090,4200,cub,beitv2_base_patch16_224_in22k,0,224,64,/hdd/edwin/results_backbones/fz_ckpts/cub_beitv2_base_patch16_224_in22k_fz.pth,,,True,2.0,8,head,False,float16,True,True,True,False,False,72.87,0.0,0.5469,22.159496,,,,,58.89
server-3090,4200,cub,swin_base_patch4_window7_224_in22k,0,224,64,/hdd/edwin/results_backbones/cal_ckpts/cub_swin_base_patch4_window7_224_in22k_cal.pth,,,True,2.0,8,head,False,float16,True,True,True,False,False,88.49,0.0,1.8359,23.425528,,,,,611.3
server-3090,4200,cub,swin_base_patch4_window7_224_in22k,0,224,64,/hdd/edwin/results_backbones/ft_ckpts/cub_swin_base_patch4_window7_224_in22k.pth,,,True,2.0,8,head,False,float16,True,True,True,False,False,87.23,0.0,1.459,21.959296,,,,,82.52
server-3090,4200,cub,swin_base_patch4_window7_224_in22k,0,224,64,/hdd/edwin/results_backbones/fz_ckpts/cub_swin_base_patch4_window7_224_in22k_fz.pth,,,True,2.0,8,head,False,float16,True,True,True,False,False,89.09,0.0,1.459,21.959296,,,,,82.56
server-3090,4200,cub,vit_b16,0,224,64,/hdd/edwin/results_backbones/cal_ckpts/cub_vit_b16_cal.pth,,,True,2.0,8,head,False,float16,True,True,True,False,False,85.5,0.0,1.0137,23.266624,,,,,519.66
server-3090,4200,cub,vit_b16,0,224,64,/hdd/edwin/results_backbones/ft_ckpts/cub_vit_b16.pth,,,True,2.0,8,head,False,float16,True,True,True,False,False,83.71,0.0,0.6055,22.16852,,,,,67.56
server-3090,4200,cub,vit_b16,0,224,64,/hdd/edwin/results_backbones/fz_ckpts/cub_vit_b16_fz.pth,,,True,2.0,8,head,False,float16,True,True,True,False,False,81.96,0.0,0.6055,22.16852,,,,,67.58
server-3090,4201,cub,beitv2_base_patch16_224_in22k,0,224,64,/hdd/edwin/results_backbones/cal_ckpts/cub_beitv2_base_patch16_224_in22k_cal.pth,,,True,2.0,32,head,False,float16,True,True,True,False,False,3.19,0.0,0.8477,23.259136,,,,,660.25
server-3090,4201,cub,beitv2_base_patch16_224_in22k,0,224,64,/hdd/edwin/results_backbones/ft_ckpts/cub_beitv2_base_patch16_224_in22k.pth,,,True,2.0,32,head,False,float16,True,True,True,False,False,12.25,0.0,0.5137,22.159496,,,,,55.44
server-3090,4201,cub,beitv2_base_patch16_224_in22k,0,224,64,/hdd/edwin/results_backbones/fz_ckpts/cub_beitv2_base_patch16_224_in22k_fz.pth,,,True,2.0,32,head,False,float16,True,True,True,False,False,14.33,0.0,0.5137,22.159496,,,,,59.65
server-3090,4201,cub,swin_base_patch4_window7_224_in22k,0,224,64,/hdd/edwin/results_backbones/cal_ckpts/cub_swin_base_patch4_window7_224_in22k_cal.pth,,,True,2.0,32,head,False,float16,True,True,True,False,False,75.27,0.0,1.8086,23.425528,,,,,875.5
server-3090,4201,cub,swin_base_patch4_window7_224_in22k,0,224,64,/hdd/edwin/results_backbones/ft_ckpts/cub_swin_base_patch4_window7_224_in22k.pth,,,True,2.0,32,head,False,float16,True,True,True,False,False,67.54,0.0,1.4277,21.959296,,,,,80.81
server-3090,4201,cub,swin_base_patch4_window7_224_in22k,0,224,64,/hdd/edwin/results_backbones/fz_ckpts/cub_swin_base_patch4_window7_224_in22k_fz.pth,,,True,2.0,32,head,False,float16,True,True,True,False,False,80.27,0.0,1.4297,21.959296,,,,,85.45
server-3090,4201,cub,vit_b16,0,224,64,/hdd/edwin/results_backbones/cal_ckpts/cub_vit_b16_cal.pth,,,True,2.0,32,head,False,float16,True,True,True,False,False,76.58,0.0,0.9824,23.266624,,,,,633.22
server-3090,4201,cub,vit_b16,0,224,64,/hdd/edwin/results_backbones/ft_ckpts/cub_vit_b16.pth,,,True,2.0,32,head,False,float16,True,True,True,False,False,66.03,0.0,0.5742,22.16852,,,,,80.82
server-3090,4201,cub,vit_b16,0,224,64,/hdd/edwin/results_backbones/fz_ckpts/cub_vit_b16_fz.pth,,,True,2.0,32,head,False,float16,True,True,True,False,False,68.66,0.0,0.5742,22.16852,,,,,62.48
server-3090,4202,cub,beitv2_base_patch16_224_in22k,0,224,64,/hdd/edwin/results_backbones/cal_ckpts/cub_beitv2_base_patch16_224_in22k_cal.pth,,,True,2.0,128,head,False,float16,True,True,True,False,False,1.16,0.0,0.8398,23.259136,,,,,383.74
server-3090,4202,cub,beitv2_base_patch16_224_in22k,0,224,64,/hdd/edwin/results_backbones/ft_ckpts/cub_beitv2_base_patch16_224_in22k.pth,,,True,2.0,128,head,False,float16,True,True,True,False,False,1.66,0.0,0.5059,22.159496,,,,,62.28
server-3090,4202,cub,beitv2_base_patch16_224_in22k,0,224,64,/hdd/edwin/results_backbones/fz_ckpts/cub_beitv2_base_patch16_224_in22k_fz.pth,,,True,2.0,128,head,False,float16,True,True,True,False,False,1.26,0.0,0.5059,22.159496,,,,,63.53
server-3090,4202,cub,swin_base_patch4_window7_224_in22k,0,224,64,/hdd/edwin/results_backbones/cal_ckpts/cub_swin_base_patch4_window7_224_in22k_cal.pth,,,True,2.0,128,head,False,float16,True,True,True,False,False,23.44,0.0,1.7988,23.425528,,,,,714.89
server-3090,4202,cub,swin_base_patch4_window7_224_in22k,0,224,64,/hdd/edwin/results_backbones/ft_ckpts/cub_swin_base_patch4_window7_224_in22k.pth,,,True,2.0,128,head,False,float16,True,True,True,False,False,9.58,0.0,1.4199,21.959296,,,,,85.05
server-3090,4202,cub,swin_base_patch4_window7_224_in22k,0,224,64,/hdd/edwin/results_backbones/fz_ckpts/cub_swin_base_patch4_window7_224_in22k_fz.pth,,,True,2.0,128,head,False,float16,True,True,True,False,False,33.62,0.0,1.4199,21.959296,,,,,87.84
server-3090,4202,cub,vit_b16,0,224,64,/hdd/edwin/results_backbones/cal_ckpts/cub_vit_b16_cal.pth,,,True,2.0,128,head,False,float16,True,True,True,False,False,28.68,0.0,0.9746,23.266624,,,,,773.35
server-3090,4202,cub,vit_b16,0,224,64,/hdd/edwin/results_backbones/ft_ckpts/cub_vit_b16.pth,,,True,2.0,128,head,False,float16,True,True,True,False,False,4.5,0.0,0.5664,22.16852,,,,,70.14
server-3090,4202,cub,vit_b16,0,224,64,/hdd/edwin/results_backbones/fz_ckpts/cub_vit_b16_fz.pth,,,True,2.0,128,head,False,float16,True,True,True,False,False,6.35,0.0,0.5664,22.16852,,,,,72.5
server-3090,4203,cub,beitv2_base_patch16_224_in22k,0,224,64,/hdd/edwin/results_backbones/cal_ckpts/cub_beitv2_base_patch16_224_in22k_cal.pth,,,True,2.0,512,head,False,float16,True,True,True,False,False,0.52,0.0,0.8359,23.259136,,,,,666.65
server-3090,4203,cub,beitv2_base_patch16_224_in22k,0,224,64,/hdd/edwin/results_backbones/ft_ckpts/cub_beitv2_base_patch16_224_in22k.pth,,,True,2.0,512,head,False,float16,True,True,True,False,False,0.54,0.0,0.5039,22.159496,,,,,57.31
server-3090,4203,cub,beitv2_base_patch16_224_in22k,0,224,64,/hdd/edwin/results_backbones/fz_ckpts/cub_beitv2_base_patch16_224_in22k_fz.pth,,,True,2.0,512,head,False,float16,True,True,True,False,False,0.59,0.0,0.5039,22.159496,,,,,55.46
server-3090,4203,cub,swin_base_patch4_window7_224_in22k,0,224,64,/hdd/edwin/results_backbones/cal_ckpts/cub_swin_base_patch4_window7_224_in22k_cal.pth,,,True,2.0,512,head,False,float16,True,True,True,False,False,0.41,0.0,1.7949,23.425528,,,,,851.72
server-3090,4203,cub,swin_base_patch4_window7_224_in22k,0,224,64,/hdd/edwin/results_backbones/ft_ckpts/cub_swin_base_patch4_window7_224_in22k.pth,,,True,2.0,512,head,False,float16,True,True,True,False,False,0.57,0.0,1.418,21.959296,,,,,86.14
server-3090,4203,cub,swin_base_patch4_window7_224_in22k,0,224,64,/hdd/edwin/results_backbones/fz_ckpts/cub_swin_base_patch4_window7_224_in22k_fz.pth,,,True,2.0,512,head,False,float16,True,True,True,False,False,1.23,0.0,1.418,21.959296,,,,,77.05
server-3090,4203,cub,vit_b16,0,224,64,/hdd/edwin/results_backbones/cal_ckpts/cub_vit_b16_cal.pth,,,True,2.0,512,head,False,float16,True,True,True,False,False,0.86,0.0,0.9727,23.266624,,,,,483.1
server-3090,4203,cub,vit_b16,0,224,64,/hdd/edwin/results_backbones/ft_ckpts/cub_vit_b16.pth,,,True,2.0,512,head,False,float16,True,True,True,False,False,0.67,0.0,0.5645,22.16852,,,,,68.76
server-3090,4203,cub,vit_b16,0,224,64,/hdd/edwin/results_backbones/fz_ckpts/cub_vit_b16_fz.pth,,,True,2.0,512,head,False,float16,True,True,True,False,False,0.81,0.0,0.5645,22.16852,,,,,72.8
server-3090,4300,cub,beitv2_base_patch16_224_in22k,0,224,64,/hdd/edwin/results_backbones/cal_ckpts/cub_beitv2_base_patch16_224_in22k_cal.pth,,,True,3.0,8,head,False,float16,True,True,True,False,False,87.61,0.0,0.9141,9.781888,,,,,406.18
server-3090,4300,cub,beitv2_base_patch16_224_in22k,0,224,64,/hdd/edwin/results_backbones/ft_ckpts/cub_beitv2_base_patch16_224_in22k.pth,,,True,3.0,8,head,False,float16,True,True,True,False,False,85.69,0.0,0.5625,9.419528,,,,,62.55
server-3090,4300,cub,beitv2_base_patch16_224_in22k,0,224,64,/hdd/edwin/results_backbones/fz_ckpts/cub_beitv2_base_patch16_224_in22k_fz.pth,,,True,3.0,8,head,False,float16,True,True,True,False,False,88.57,0.0,0.5625,9.419528,,,,,62.69
server-3090,4300,cub,swin_base_patch4_window7_224_in22k,0,224,64,/hdd/edwin/results_backbones/cal_ckpts/cub_swin_base_patch4_window7_224_in22k_cal.pth,,,True,3.0,8,head,False,float16,True,True,True,False,False,90.47,0.0,1.8848,9.466808,,,,,632.96
server-3090,4300,cub,swin_base_patch4_window7_224_in22k,0,224,64,/hdd/edwin/results_backbones/ft_ckpts/cub_swin_base_patch4_window7_224_in22k.pth,,,True,3.0,8,head,False,float16,True,True,True,False,False,90.32,0.0,1.502,8.983616,,,,,89.55
server-3090,4300,cub,swin_base_patch4_window7_224_in22k,0,224,64,/hdd/edwin/results_backbones/fz_ckpts/cub_swin_base_patch4_window7_224_in22k_fz.pth,,,True,3.0,8,head,False,float16,True,True,True,False,False,90.73,0.0,1.5,8.983616,,,,,89.43
server-3090,4300,cub,vit_b16,0,224,64,/hdd/edwin/results_backbones/cal_ckpts/cub_vit_b16_cal.pth,,,True,3.0,8,head,False,float16,True,True,True,False,False,88.04,0.0,1.0273,9.789376,,,,,672.54
server-3090,4300,cub,vit_b16,0,224,64,/hdd/edwin/results_backbones/ft_ckpts/cub_vit_b16.pth,,,True,3.0,8,head,False,float16,True,True,True,False,False,87.19,0.0,0.6211,9.428552,,,,,74.76
server-3090,4300,cub,vit_b16,0,224,64,/hdd/edwin/results_backbones/fz_ckpts/cub_vit_b16_fz.pth,,,True,3.0,8,head,False,float16,True,True,True,False,False,86.0,0.0,0.6211,9.428552,,,,,74.06
server-3090,4301,cub,beitv2_base_patch16_224_in22k,0,224,64,/hdd/edwin/results_backbones/cal_ckpts/cub_beitv2_base_patch16_224_in22k_cal.pth,,,True,3.0,32,head,False,float16,True,True,True,False,False,75.96,0.0,0.8438,9.782272,,,,,695.88
server-3090,4301,cub,beitv2_base_patch16_224_in22k,0,224,64,/hdd/edwin/results_backbones/ft_ckpts/cub_beitv2_base_patch16_224_in22k.pth,,,True,3.0,32,head,False,float16,True,True,True,False,False,80.43,0.0,0.5273,9.419912,,,,,57.17
server-3090,4301,cub,beitv2_base_patch16_224_in22k,0,224,64,/hdd/edwin/results_backbones/fz_ckpts/cub_beitv2_base_patch16_224_in22k_fz.pth,,,True,3.0,32,head,False,float16,True,True,True,False,False,87.45,0.0,0.5273,9.419912,,,,,60.21
server-3090,4301,cub,swin_base_patch4_window7_224_in22k,0,224,64,/hdd/edwin/results_backbones/cal_ckpts/cub_swin_base_patch4_window7_224_in22k_cal.pth,,,True,3.0,32,head,False,float16,True,True,True,False,False,89.68,0.0,1.8457,9.467736,,,,,773.51
server-3090,4301,cub,swin_base_patch4_window7_224_in22k,0,224,64,/hdd/edwin/results_backbones/ft_ckpts/cub_swin_base_patch4_window7_224_in22k.pth,,,True,3.0,32,head,False,float16,True,True,True,False,False,88.61,0.0,1.4863,8.984544,,,,,86.34
server-3090,4301,cub,swin_base_patch4_window7_224_in22k,0,224,64,/hdd/edwin/results_backbones/fz_ckpts/cub_swin_base_patch4_window7_224_in22k_fz.pth,,,True,3.0,32,head,False,float16,True,True,True,False,False,89.99,0.0,1.4863,8.984544,,,,,79.27
server-3090,4301,cub,vit_b16,0,224,64,/hdd/edwin/results_backbones/cal_ckpts/cub_vit_b16_cal.pth,,,True,3.0,32,head,False,float16,True,True,True,False,False,87.66,0.0,0.9961,9.790528,,,,,515.33
server-3090,4301,cub,vit_b16,0,224,64,/hdd/edwin/results_backbones/ft_ckpts/cub_vit_b16.pth,,,True,3.0,32,head,False,float16,True,True,True,False,False,86.12,0.0,0.5879,9.429704,,,,,62.53
server-3090,4301,cub,vit_b16,0,224,64,/hdd/edwin/results_backbones/fz_ckpts/cub_vit_b16_fz.pth,,,True,3.0,32,head,False,float16,True,True,True,False,False,84.33,0.0,0.5879,9.429704,,,,,69.73
server-3090,4302,cub,beitv2_base_patch16_224_in22k,0,224,64,/hdd/edwin/results_backbones/cal_ckpts/cub_beitv2_base_patch16_224_in22k_cal.pth,,,True,3.0,128,head,False,float16,True,True,True,False,False,63.69,0.0,0.834,9.785344,,,,,287.27
server-3090,4302,cub,beitv2_base_patch16_224_in22k,0,224,64,/hdd/edwin/results_backbones/ft_ckpts/cub_beitv2_base_patch16_224_in22k.pth,,,True,3.0,128,head,False,float16,True,True,True,False,False,65.65,0.0,0.5195,9.422984,,,,,50.02
server-3090,4302,cub,beitv2_base_patch16_224_in22k,0,224,64,/hdd/edwin/results_backbones/fz_ckpts/cub_beitv2_base_patch16_224_in22k_fz.pth,,,True,3.0,128,head,False,float16,True,True,True,False,False,23.3,0.0,0.5195,9.422984,,,,,50.48
server-3090,4302,cub,swin_base_patch4_window7_224_in22k,0,224,64,/hdd/edwin/results_backbones/cal_ckpts/cub_swin_base_patch4_window7_224_in22k_cal.pth,,,True,3.0,128,head,False,float16,True,True,True,False,False,88.28,0.0,1.8359,9.473528,,,,,431.05
server-3090,4302,cub,swin_base_patch4_window7_224_in22k,0,224,64,/hdd/edwin/results_backbones/ft_ckpts/cub_swin_base_patch4_window7_224_in22k.pth,,,True,3.0,128,head,False,float16,True,True,True,False,False,86.9,0.0,1.4766,8.990336,,,,,66.51
server-3090,4302,cub,swin_base_patch4_window7_224_in22k,0,224,64,/hdd/edwin/results_backbones/fz_ckpts/cub_swin_base_patch4_window7_224_in22k_fz.pth,,,True,3.0,128,head,False,float16,True,True,True,False,False,88.68,0.0,1.4766,8.990336,,,,,65.58
server-3090,4302,cub,vit_b16,0,224,64,/hdd/edwin/results_backbones/cal_ckpts/cub_vit_b16_cal.pth,,,True,3.0,128,head,False,float16,True,True,True,False,False,86.09,0.0,0.9863,9.792832,,,,,359.96
server-3090,4302,cub,vit_b16,0,224,64,/hdd/edwin/results_backbones/ft_ckpts/cub_vit_b16.pth,,,True,3.0,128,head,False,float16,True,True,True,False,False,84.41,0.0,0.5801,9.432008,,,,,53.76
server-3090,4302,cub,vit_b16,0,224,64,/hdd/edwin/results_backbones/fz_ckpts/cub_vit_b16_fz.pth,,,True,3.0,128,head,False,float16,True,True,True,False,False,82.97,0.0,0.5801,9.432008,,,,,53.45
server-3090,4303,cub,beitv2_base_patch16_224_in22k,0,224,64,/hdd/edwin/results_backbones/cal_ckpts/cub_beitv2_base_patch16_224_in22k_cal.pth,,,True,3.0,512,head,False,float16,True,True,True,False,False,49.65,0.0,0.834,9.791488,,,,,286.65
server-3090,4303,cub,beitv2_base_patch16_224_in22k,0,224,64,/hdd/edwin/results_backbones/ft_ckpts/cub_beitv2_base_patch16_224_in22k.pth,,,True,3.0,512,head,False,float16,True,True,True,False,False,51.26,0.0,0.5176,9.429128,,,,,49.36
server-3090,4303,cub,beitv2_base_patch16_224_in22k,0,224,64,/hdd/edwin/results_backbones/fz_ckpts/cub_beitv2_base_patch16_224_in22k_fz.pth,,,True,3.0,512,head,False,float16,True,True,True,False,False,35.83,0.0,0.5176,9.429128,,,,,49.22
server-3090,4303,cub,swin_base_patch4_window7_224_in22k,0,224,64,/hdd/edwin/results_backbones/cal_ckpts/cub_swin_base_patch4_window7_224_in22k_cal.pth,,,True,3.0,512,head,False,float16,True,True,True,False,False,86.64,0.0,1.834,9.488376,,,,,431.28
server-3090,4303,cub,swin_base_patch4_window7_224_in22k,0,224,64,/hdd/edwin/results_backbones/ft_ckpts/cub_swin_base_patch4_window7_224_in22k.pth,,,True,3.0,512,head,False,float16,True,True,True,False,False,85.59,0.0,1.4746,9.005184,,,,,66.01
server-3090,4303,cub,swin_base_patch4_window7_224_in22k,0,224,64,/hdd/edwin/results_backbones/fz_ckpts/cub_swin_base_patch4_window7_224_in22k_fz.pth,,,True,3.0,512,head,False,float16,True,True,True,False,False,87.02,0.0,1.4746,9.005184,,,,,65.33
server-3090,4303,cub,vit_b16,0,224,64,/hdd/edwin/results_backbones/cal_ckpts/cub_vit_b16_cal.pth,,,True,3.0,512,head,False,float16,True,True,True,False,False,83.38,0.0,0.9863,9.811264,,,,,360.06
server-3090,4303,cub,vit_b16,0,224,64,/hdd/edwin/results_backbones/ft_ckpts/cub_vit_b16.pth,,,True,3.0,512,head,False,float16,True,True,True,False,False,80.34,0.0,0.5801,9.45044,,,,,54.68
server-3090,4303,cub,vit_b16,0,224,64,/hdd/edwin/results_backbones/fz_ckpts/cub_vit_b16_fz.pth,,,True,3.0,512,head,False,float16,True,True,True,False,False,80.48,0.0,0.5801,9.45044,,,,,55.25
server-3090,4400,cub,beitv2_base_patch16_224_in22k,0,224,64,/hdd/edwin/results_backbones/cal_ckpts/cub_beitv2_base_patch16_224_in22k_cal.pth,,,True,4.0,8,head,False,float16,True,True,True,False,False,88.99,0.0,1.0332,45.7216,,,,,276.83
server-3090,4400,cub,beitv2_base_patch16_224_in22k,0,224,64,/hdd/edwin/results_backbones/ft_ckpts/cub_beitv2_base_patch16_224_in22k.pth,,,True,4.0,8,head,False,float16,True,True,True,False,False,86.47,0.0,0.7539,43.39316,,,,,48.73
server-3090,4400,cub,beitv2_base_patch16_224_in22k,0,224,64,/hdd/edwin/results_backbones/fz_ckpts/cub_beitv2_base_patch16_224_in22k_fz.pth,,,True,4.0,8,head,False,float16,True,True,True,False,False,89.9,0.0,0.7559,43.39316,,,,,49.58
server-3090,4400,cub,swin_base_patch4_window7_224_in22k,0,224,64,/hdd/edwin/results_backbones/cal_ckpts/cub_swin_base_patch4_window7_224_in22k_cal.pth,,,True,4.0,8,head,False,float16,True,True,True,False,False,90.78,0.0,1.8652,46.690808,,,,,413.65
server-3090,4400,cub,swin_base_patch4_window7_224_in22k,0,224,64,/hdd/edwin/results_backbones/ft_ckpts/cub_swin_base_patch4_window7_224_in22k.pth,,,True,4.0,8,head,False,float16,True,True,True,False,False,90.32,0.0,1.4883,43.586176,,,,,63.41
server-3090,4400,cub,swin_base_patch4_window7_224_in22k,0,224,64,/hdd/edwin/results_backbones/fz_ckpts/cub_swin_base_patch4_window7_224_in22k_fz.pth,,,True,4.0,8,head,False,float16,True,True,True,False,False,91.01,0.0,1.4883,43.586176,,,,,62.76
server-3090,4400,cub,vit_b16,0,224,64,/hdd/edwin/results_backbones/cal_ckpts/cub_vit_b16_cal.pth,,,True,4.0,8,head,False,float16,True,True,True,False,False,88.4,0.0,1.2012,45.729088,,,,,347.05
server-3090,4400,cub,vit_b16,0,224,64,/hdd/edwin/results_backbones/ft_ckpts/cub_vit_b16.pth,,,True,4.0,8,head,False,float16,True,True,True,False,False,87.5,0.0,0.8125,43.402184,,,,,52.01
server-3090,4400,cub,vit_b16,0,224,64,/hdd/edwin/results_backbones/fz_ckpts/cub_vit_b16_fz.pth,,,True,4.0,8,head,False,float16,True,True,True,False,False,85.95,0.0,0.8125,43.402184,,,,,52.32
server-3090,4401,cub,beitv2_base_patch16_224_in22k,0,224,64,/hdd/edwin/results_backbones/cal_ckpts/cub_beitv2_base_patch16_224_in22k_cal.pth,,,True,4.0,32,head,False,float16,True,True,True,False,False,87.85,0.0,1.002,45.7216,,,,,276.55
server-3090,4401,cub,beitv2_base_patch16_224_in22k,0,224,64,/hdd/edwin/results_backbones/ft_ckpts/cub_beitv2_base_patch16_224_in22k.pth,,,True,4.0,32,head,False,float16,True,True,True,False,False,86.16,0.0,0.7422,43.39316,,,,,48.95
server-3090,4401,cub,beitv2_base_patch16_224_in22k,0,224,64,/hdd/edwin/results_backbones/fz_ckpts/cub_beitv2_base_patch16_224_in22k_fz.pth,,,True,4.0,32,head,False,float16,True,True,True,False,False,89.8,0.0,0.7422,43.39316,,,,,49.74
server-3090,4401,cub,swin_base_patch4_window7_224_in22k,0,224,64,/hdd/edwin/results_backbones/cal_ckpts/cub_swin_base_patch4_window7_224_in22k_cal.pth,,,True,4.0,32,head,False,float16,True,True,True,False,False,90.54,0.0,1.8262,46.690808,,,,,411.88
server-3090,4401,cub,swin_base_patch4_window7_224_in22k,0,224,64,/hdd/edwin/results_backbones/ft_ckpts/cub_swin_base_patch4_window7_224_in22k.pth,,,True,4.0,32,head,False,float16,True,True,True,False,False,90.25,0.0,1.4766,43.586176,,,,,63.51
server-3090,4401,cub,swin_base_patch4_window7_224_in22k,0,224,64,/hdd/edwin/results_backbones/fz_ckpts/cub_swin_base_patch4_window7_224_in22k_fz.pth,,,True,4.0,32,head,False,float16,True,True,True,False,False,90.75,0.0,1.4766,43.586176,,,,,63.46
server-3090,4401,cub,vit_b16,0,224,64,/hdd/edwin/results_backbones/cal_ckpts/cub_vit_b16_cal.pth,,,True,4.0,32,head,False,float16,True,True,True,False,False,88.0,0.0,1.1719,45.729088,,,,,346.46
server-3090,4401,cub,vit_b16,0,224,64,/hdd/edwin/results_backbones/ft_ckpts/cub_vit_b16.pth,,,True,4.0,32,head,False,float16,True,True,True,False,False,87.11,0.0,0.8027,43.402184,,,,,51.61
server-3090,4401,cub,vit_b16,0,224,64,/hdd/edwin/results_backbones/fz_ckpts/cub_vit_b16_fz.pth,,,True,4.0,32,head,False,float16,True,True,True,False,False,85.61,0.0,0.8027,43.402184,,,,,51.49
server-3090,4402,cub,beitv2_base_patch16_224_in22k,0,224,64,/hdd/edwin/results_backbones/cal_ckpts/cub_beitv2_base_patch16_224_in22k_cal.pth,,,True,4.0,128,head,False,float16,True,True,True,False,False,87.07,0.0,0.9922,45.7216,,,,,275.36
server-3090,4402,cub,beitv2_base_patch16_224_in22k,0,224,64,/hdd/edwin/results_backbones/ft_ckpts/cub_beitv2_base_patch16_224_in22k.pth,,,True,4.0,128,head,False,float16,True,True,True,False,False,85.21,0.0,0.7344,43.39316,,,,,49.34
server-3090,4402,cub,beitv2_base_patch16_224_in22k,0,224,64,/hdd/edwin/results_backbones/fz_ckpts/cub_beitv2_base_patch16_224_in22k_fz.pth,,,True,4.0,128,head,False,float16,True,True,True,False,False,86.85,0.0,0.7344,43.39316,,,,,48.94
server-3090,4402,cub,swin_base_patch4_window7_224_in22k,0,224,64,/hdd/edwin/results_backbones/cal_ckpts/cub_swin_base_patch4_window7_224_in22k_cal.pth,,,True,4.0,128,head,False,float16,True,True,True,False,False,90.44,0.0,1.8164,46.690808,,,,,412.98
server-3090,4402,cub,swin_base_patch4_window7_224_in22k,0,224,64,/hdd/edwin/results_backbones/ft_ckpts/cub_swin_base_patch4_window7_224_in22k.pth,,,True,4.0,128,head,False,float16,True,True,True,False,False,89.75,0.0,1.4688,43.586176,,,,,62.6
server-3090,4402,cub,swin_base_patch4_window7_224_in22k,0,224,64,/hdd/edwin/results_backbones/fz_ckpts/cub_swin_base_patch4_window7_224_in22k_fz.pth,,,True,4.0,128,head,False,float16,True,True,True,False,False,90.49,0.0,1.4688,43.586176,,,,,63.15
server-3090,4402,cub,vit_b16,0,224,64,/hdd/edwin/results_backbones/cal_ckpts/cub_vit_b16_cal.pth,,,True,4.0,128,head,False,float16,True,True,True,False,False,88.06,0.0,1.1641,45.729088,,,,,346.84
server-3090,4402,cub,vit_b16,0,224,64,/hdd/edwin/results_backbones/ft_ckpts/cub_vit_b16.pth,,,True,4.0,128,head,False,float16,True,True,True,False,False,87.12,0.0,0.793,43.402184,,,,,51.96
server-3090,4402,cub,vit_b16,0,224,64,/hdd/edwin/results_backbones/fz_ckpts/cub_vit_b16_fz.pth,,,True,4.0,128,head,False,float16,True,True,True,False,False,85.43,0.0,0.793,43.402184,,,,,51.47
server-3090,4403,cub,beitv2_base_patch16_224_in22k,0,224,64,/hdd/edwin/results_backbones/cal_ckpts/cub_beitv2_base_patch16_224_in22k_cal.pth,,,True,4.0,512,head,False,float16,True,True,True,False,False,84.31,0.0,0.9902,45.7216,,,,,276.08
server-3090,4403,cub,beitv2_base_patch16_224_in22k,0,224,64,/hdd/edwin/results_backbones/ft_ckpts/cub_beitv2_base_patch16_224_in22k.pth,,,True,4.0,512,head,False,float16,True,True,True,False,False,82.93,0.0,0.7324,43.39316,,,,,48.81
server-3090,4403,cub,beitv2_base_patch16_224_in22k,0,224,64,/hdd/edwin/results_backbones/fz_ckpts/cub_beitv2_base_patch16_224_in22k_fz.pth,,,True,4.0,512,head,False,float16,True,True,True,False,False,88.21,0.0,0.7324,43.39316,,,,,48.43
server-3090,4403,cub,swin_base_patch4_window7_224_in22k,0,224,64,/hdd/edwin/results_backbones/cal_ckpts/cub_swin_base_patch4_window7_224_in22k_cal.pth,,,True,4.0,512,head,False,float16,True,True,True,False,False,90.44,0.0,1.8145,46.690808,,,,,414.37
server-3090,4403,cub,swin_base_patch4_window7_224_in22k,0,224,64,/hdd/edwin/results_backbones/ft_ckpts/cub_swin_base_patch4_window7_224_in22k.pth,,,True,4.0,512,head,False,float16,True,True,True,False,False,89.8,0.0,1.4668,43.586176,,,,,62.69
server-3090,4403,cub,swin_base_patch4_window7_224_in22k,0,224,64,/hdd/edwin/results_backbones/fz_ckpts/cub_swin_base_patch4_window7_224_in22k_fz.pth,,,True,4.0,512,head,False,float16,True,True,True,False,False,90.65,0.0,1.4668,43.586176,,,,,62.54
server-3090,4403,cub,vit_b16,0,224,64,/hdd/edwin/results_backbones/cal_ckpts/cub_vit_b16_cal.pth,,,True,4.0,512,head,False,float16,True,True,True,False,False,88.02,0.0,1.1621,45.729088,,,,,346.8
server-3090,4403,cub,vit_b16,0,224,64,/hdd/edwin/results_backbones/ft_ckpts/cub_vit_b16.pth,,,True,4.0,512,head,False,float16,True,True,True,False,False,86.54,0.0,0.793,43.402184,,,,,51.88
server-3090,4403,cub,vit_b16,0,224,64,/hdd/edwin/results_backbones/fz_ckpts/cub_vit_b16_fz.pth,,,True,4.0,512,head,False,float16,True,True,True,False,False,85.0,0.0,0.793,43.402184,,,,,51.31
server-3090,4500,cub,beitv2_base_patch16_224_in22k,0,224,64,/hdd/edwin/results_backbones/cal_ckpts/cub_beitv2_base_patch16_224_in22k_cal.pth,,,True,5.0,8,head,False,float16,True,True,True,False,False,89.2,0.0,1.0664,90.646528,,,,,275.36
server-3090,4500,cub,beitv2_base_patch16_224_in22k,0,224,64,/hdd/edwin/results_backbones/ft_ckpts/cub_beitv2_base_patch16_224_in22k.pth,,,True,5.0,8,head,False,float16,True,True,True,False,False,87.0,0.0,0.7891,85.860488,,,,,48.84
server-3090,4500,cub,beitv2_base_patch16_224_in22k,0,224,64,/hdd/edwin/results_backbones/fz_ckpts/cub_beitv2_base_patch16_224_in22k_fz.pth,,,True,5.0,8,head,False,float16,True,True,True,False,False,90.11,0.0,0.791,85.860488,,,,,48.68
server-3090,4500,cub,swin_base_patch4_window7_224_in22k,0,224,64,/hdd/edwin/results_backbones/cal_ckpts/cub_swin_base_patch4_window7_224_in22k_cal.pth,,,True,5.0,8,head,False,float16,True,True,True,False,False,90.84,0.0,1.9141,93.221368,,,,,411.58
server-3090,4500,cub,swin_base_patch4_window7_224_in22k,0,224,64,/hdd/edwin/results_backbones/ft_ckpts/cub_swin_base_patch4_window7_224_in22k.pth,,,True,5.0,8,head,False,float16,True,True,True,False,False,90.35,0.0,1.5352,86.839936,,,,,62.82
server-3090,4500,cub,swin_base_patch4_window7_224_in22k,0,224,64,/hdd/edwin/results_backbones/fz_ckpts/cub_swin_base_patch4_window7_224_in22k_fz.pth,,,True,5.0,8,head,False,float16,True,True,True,False,False,91.01,0.0,1.5352,86.839936,,,,,62.63
server-3090,4500,cub,vit_b16,0,224,64,/hdd/edwin/results_backbones/cal_ckpts/cub_vit_b16_cal.pth,,,True,5.0,8,head,False,float16,True,True,True,False,False,88.45,0.0,1.2305,90.654016,,,,,346.63
server-3090,4500,cub,vit_b16,0,224,64,/hdd/edwin/results_backbones/ft_ckpts/cub_vit_b16.pth,,,True,5.0,8,head,False,float16,True,True,True,False,False,87.87,0.0,0.8086,85.869512,,,,,51.12
server-3090,4500,cub,vit_b16,0,224,64,/hdd/edwin/results_backbones/fz_ckpts/cub_vit_b16_fz.pth,,,True,5.0,8,head,False,float16,True,True,True,False,False,86.24,0.0,0.8086,85.869512,,,,,51.95
server-3090,4501,cub,beitv2_base_patch16_224_in22k,0,224,64,/hdd/edwin/results_backbones/cal_ckpts/cub_beitv2_base_patch16_224_in22k_cal.pth,,,True,5.0,32,head,False,float16,True,True,True,False,False,88.78,0.0,1.0352,90.646528,,,,,274.73
server-3090,4501,cub,beitv2_base_patch16_224_in22k,0,224,64,/hdd/edwin/results_backbones/ft_ckpts/cub_beitv2_base_patch16_224_in22k.pth,,,True,5.0,32,head,False,float16,True,True,True,False,False,86.57,0.0,0.7539,85.860488,,,,,49.51
server-3090,4501,cub,beitv2_base_patch16_224_in22k,0,224,64,/hdd/edwin/results_backbones/fz_ckpts/cub_beitv2_base_patch16_224_in22k_fz.pth,,,True,5.0,32,head,False,float16,True,True,True,False,False,90.3,0.0,0.7539,85.860488,,,,,49.05
server-3090,4501,cub,swin_base_patch4_window7_224_in22k,0,224,64,/hdd/edwin/results_backbones/cal_ckpts/cub_swin_base_patch4_window7_224_in22k_cal.pth,,,True,5.0,32,head,False,float16,True,True,True,False,False,90.82,0.0,1.8828,93.221368,,,,,409.73
server-3090,4501,cub,swin_base_patch4_window7_224_in22k,0,224,64,/hdd/edwin/results_backbones/ft_ckpts/cub_swin_base_patch4_window7_224_in22k.pth,,,True,5.0,32,head,False,float16,True,True,True,False,False,90.39,0.0,1.5234,86.839936,,,,,62.48
server-3090,4501,cub,swin_base_patch4_window7_224_in22k,0,224,64,/hdd/edwin/results_backbones/fz_ckpts/cub_swin_base_patch4_window7_224_in22k_fz.pth,,,True,5.0,32,head,False,float16,True,True,True,False,False,91.03,0.0,1.5234,86.839936,,,,,62.81
server-3090,4501,cub,vit_b16,0,224,64,/hdd/edwin/results_backbones/cal_ckpts/cub_vit_b16_cal.pth,,,True,5.0,32,head,False,float16,True,True,True,False,False,88.56,0.0,1.1992,90.654016,,,,,345.24
server-3090,4501,cub,vit_b16,0,224,64,/hdd/edwin/results_backbones/ft_ckpts/cub_vit_b16.pth,,,True,5.0,32,head,False,float16,True,True,True,False,False,87.57,0.0,0.7754,85.869512,,,,,52.33
server-3090,4501,cub,vit_b16,0,224,64,/hdd/edwin/results_backbones/fz_ckpts/cub_vit_b16_fz.pth,,,True,5.0,32,head,False,float16,True,True,True,False,False,86.07,0.0,0.7773,85.869512,,,,,51.23
server-3090,4502,cub,beitv2_base_patch16_224_in22k,0,224,64,/hdd/edwin/results_backbones/cal_ckpts/cub_beitv2_base_patch16_224_in22k_cal.pth,,,True,5.0,128,head,False,float16,True,True,True,False,False,88.68,0.0,1.0254,90.646528,,,,,275.25
server-3090,4502,cub,beitv2_base_patch16_224_in22k,0,224,64,/hdd/edwin/results_backbones/ft_ckpts/cub_beitv2_base_patch16_224_in22k.pth,,,True,5.0,128,head,False,float16,True,True,True,False,False,86.71,0.0,0.7461,85.860488,,,,,48.91
server-3090,4502,cub,beitv2_base_patch16_224_in22k,0,224,64,/hdd/edwin/results_backbones/fz_ckpts/cub_beitv2_base_patch16_224_in22k_fz.pth,,,True,5.0,128,head,False,float16,True,True,True,False,False,90.11,0.0,0.7461,85.860488,,,,,48.84
server-3090,4502,cub,swin_base_patch4_window7_224_in22k,0,224,64,/hdd/edwin/results_backbones/cal_ckpts/cub_swin_base_patch4_window7_224_in22k_cal.pth,,,True,5.0,128,head,False,float16,True,True,True,False,False,90.84,0.0,1.873,93.221368,,,,,411.07
server-3090,4502,cub,swin_base_patch4_window7_224_in22k,0,224,64,/hdd/edwin/results_backbones/ft_ckpts/cub_swin_base_patch4_window7_224_in22k.pth,,,True,5.0,128,head,False,float16,True,True,True,False,False,90.37,0.0,1.5156,86.839936,,,,,62.48
server-3090,4502,cub,swin_base_patch4_window7_224_in22k,0,224,64,/hdd/edwin/results_backbones/fz_ckpts/cub_swin_base_patch4_window7_224_in22k_fz.pth,,,True,5.0,128,head,False,float16,True,True,True,False,False,90.97,0.0,1.5137,86.839936,,,,,62.21
server-3090,4502,cub,vit_b16,0,224,64,/hdd/edwin/results_backbones/cal_ckpts/cub_vit_b16_cal.pth,,,True,5.0,128,head,False,float16,True,True,True,False,False,88.42,0.0,1.1914,90.654016,,,,,345.58
server-3090,4502,cub,vit_b16,0,224,64,/hdd/edwin/results_backbones/ft_ckpts/cub_vit_b16.pth,,,True,5.0,128,head,False,float16,True,True,True,False,False,87.56,0.0,0.7695,85.869512,,,,,51.56
server-3090,4502,cub,vit_b16,0,224,64,/hdd/edwin/results_backbones/fz_ckpts/cub_vit_b16_fz.pth,,,True,5.0,128,head,False,float16,True,True,True,False,False,86.09,0.0,0.7695,85.869512,,,,,52.47
server-3090,4503,cub,beitv2_base_patch16_224_in22k,0,224,64,/hdd/edwin/results_backbones/cal_ckpts/cub_beitv2_base_patch16_224_in22k_cal.pth,,,True,5.0,512,head,False,float16,True,True,True,False,False,88.83,0.0,1.0234,90.646528,,,,,274.72
server-3090,4503,cub,beitv2_base_patch16_224_in22k,0,224,64,/hdd/edwin/results_backbones/ft_ckpts/cub_beitv2_base_patch16_224_in22k.pth,,,True,5.0,512,head,False,float16,True,True,True,False,False,85.86,0.0,0.7441,85.860488,,,,,48.75
server-3090,4503,cub,beitv2_base_patch16_224_in22k,0,224,64,/hdd/edwin/results_backbones/fz_ckpts/cub_beitv2_base_patch16_224_in22k_fz.pth,,,True,5.0,512,head,False,float16,True,True,True,False,False,90.06,0.0,0.7441,85.860488,,,,,51.48
server-3090,4503,cub,swin_base_patch4_window7_224_in22k,0,224,64,/hdd/edwin/results_backbones/cal_ckpts/cub_swin_base_patch4_window7_224_in22k_cal.pth,,,True,5.0,512,head,False,float16,True,True,True,False,False,90.71,0.0,1.8711,93.221368,,,,,411.94
server-3090,4503,cub,swin_base_patch4_window7_224_in22k,0,224,64,/hdd/edwin/results_backbones/ft_ckpts/cub_swin_base_patch4_window7_224_in22k.pth,,,True,5.0,512,head,False,float16,True,True,True,False,False,90.2,0.0,1.5117,86.839936,,,,,62.52
server-3090,4503,cub,swin_base_patch4_window7_224_in22k,0,224,64,/hdd/edwin/results_backbones/fz_ckpts/cub_swin_base_patch4_window7_224_in22k_fz.pth,,,True,5.0,512,head,False,float16,True,True,True,False,False,90.94,0.0,1.5117,86.839936,,,,,65.72
server-3090,4503,cub,vit_b16,0,224,64,/hdd/edwin/results_backbones/cal_ckpts/cub_vit_b16_cal.pth,,,True,5.0,512,head,False,float16,True,True,True,False,False,88.3,0.0,1.1914,90.654016,,,,,416.83
server-3090,4503,cub,vit_b16,0,224,64,/hdd/edwin/results_backbones/ft_ckpts/cub_vit_b16.pth,,,True,5.0,512,head,False,float16,True,True,True,False,False,87.5,0.0,0.7695,85.869512,,,,,52.31
server-3090,4503,cub,vit_b16,0,224,64,/hdd/edwin/results_backbones/fz_ckpts/cub_vit_b16_fz.pth,,,True,5.0,512,head,False,float16,True,True,True,False,False,85.95,0.0,0.7695,85.869512,,,,,51.61
server-3090,4600,cub,beitv2_base_patch16_224_in22k,0,224,64,/hdd/edwin/results_backbones/cal_ckpts/cub_beitv2_base_patch16_224_in22k_cal.pth,,,True,6.0,8,head,False,float16,True,True,True,False,False,89.16,0.0,1.0684,90.646528,,,,,274.76
server-3090,4600,cub,beitv2_base_patch16_224_in22k,0,224,64,/hdd/edwin/results_backbones/ft_ckpts/cub_beitv2_base_patch16_224_in22k.pth,,,True,6.0,8,head,False,float16,True,True,True,False,False,86.97,0.0,0.7891,85.860488,,,,,48.98
server-3090,4600,cub,beitv2_base_patch16_224_in22k,0,224,64,/hdd/edwin/results_backbones/fz_ckpts/cub_beitv2_base_patch16_224_in22k_fz.pth,,,True,6.0,8,head,False,float16,True,True,True,False,False,90.39,0.0,0.7891,85.860488,,,,,49.25
server-3090,4600,cub,swin_base_patch4_window7_224_in22k,0,224,64,/hdd/edwin/results_backbones/cal_ckpts/cub_swin_base_patch4_window7_224_in22k_cal.pth,,,True,6.0,8,head,False,float16,True,True,True,False,False,90.77,0.0,1.9141,93.221368,,,,,411.26
server-3090,4600,cub,swin_base_patch4_window7_224_in22k,0,224,64,/hdd/edwin/results_backbones/ft_ckpts/cub_swin_base_patch4_window7_224_in22k.pth,,,True,6.0,8,head,False,float16,True,True,True,False,False,90.42,0.0,1.5352,86.839936,,,,,62.34
server-3090,4600,cub,swin_base_patch4_window7_224_in22k,0,224,64,/hdd/edwin/results_backbones/fz_ckpts/cub_swin_base_patch4_window7_224_in22k_fz.pth,,,True,6.0,8,head,False,float16,True,True,True,False,False,91.03,0.0,1.5371,86.839936,,,,,62.57
server-3090,4600,cub,vit_b16,0,224,64,/hdd/edwin/results_backbones/cal_ckpts/cub_vit_b16_cal.pth,,,True,6.0,8,head,False,float16,True,True,True,False,False,88.51,0.0,1.2285,90.654016,,,,,344.87
server-3090,4600,cub,vit_b16,0,224,64,/hdd/edwin/results_backbones/ft_ckpts/cub_vit_b16.pth,,,True,6.0,8,head,False,float16,True,True,True,False,False,87.73,0.0,0.8086,85.869512,,,,,51.21
server-3090,4600,cub,vit_b16,0,224,64,/hdd/edwin/results_backbones/fz_ckpts/cub_vit_b16_fz.pth,,,True,6.0,8,head,False,float16,True,True,True,False,False,86.26,0.0,0.8086,85.869512,,,,,50.99
server-3090,4601,cub,beitv2_base_patch16_224_in22k,0,224,64,/hdd/edwin/results_backbones/cal_ckpts/cub_beitv2_base_patch16_224_in22k_cal.pth,,,True,6.0,32,head,False,float16,True,True,True,False,False,89.18,0.0,1.0332,90.646528,,,,,275.5
server-3090,4601,cub,beitv2_base_patch16_224_in22k,0,224,64,/hdd/edwin/results_backbones/ft_ckpts/cub_beitv2_base_patch16_224_in22k.pth,,,True,6.0,32,head,False,float16,True,True,True,False,False,86.95,0.0,0.7539,85.860488,,,,,48.68
server-3090,4601,cub,beitv2_base_patch16_224_in22k,0,224,64,/hdd/edwin/results_backbones/fz_ckpts/cub_beitv2_base_patch16_224_in22k_fz.pth,,,True,6.0,32,head,False,float16,True,True,True,False,False,90.27,0.0,0.7539,85.860488,,,,,49.63
server-3090,4601,cub,swin_base_patch4_window7_224_in22k,0,224,64,/hdd/edwin/results_backbones/cal_ckpts/cub_swin_base_patch4_window7_224_in22k_cal.pth,,,True,6.0,32,head,False,float16,True,True,True,False,False,90.75,0.0,1.8828,93.221368,,,,,410.38
server-3090,4601,cub,swin_base_patch4_window7_224_in22k,0,224,64,/hdd/edwin/results_backbones/ft_ckpts/cub_swin_base_patch4_window7_224_in22k.pth,,,True,6.0,32,head,False,float16,True,True,True,False,False,90.58,0.0,1.5254,86.839936,,,,,62.42
server-3090,4601,cub,swin_base_patch4_window7_224_in22k,0,224,64,/hdd/edwin/results_backbones/fz_ckpts/cub_swin_base_patch4_window7_224_in22k_fz.pth,,,True,6.0,32,head,False,float16,True,True,True,False,False,91.08,0.0,1.5234,86.839936,,,,,62.65
server-3090,4601,cub,vit_b16,0,224,64,/hdd/edwin/results_backbones/cal_ckpts/cub_vit_b16_cal.pth,,,True,6.0,32,head,False,float16,True,True,True,False,False,88.61,0.0,1.1992,90.654016,,,,,343.84
server-3090,4601,cub,vit_b16,0,224,64,/hdd/edwin/results_backbones/ft_ckpts/cub_vit_b16.pth,,,True,6.0,32,head,False,float16,True,True,True,False,False,87.73,0.0,0.7754,85.869512,,,,,52.3
server-3090,4601,cub,vit_b16,0,224,64,/hdd/edwin/results_backbones/fz_ckpts/cub_vit_b16_fz.pth,,,True,6.0,32,head,False,float16,True,True,True,False,False,86.3,0.0,0.7754,85.869512,,,,,51.66
server-3090,4602,cub,beitv2_base_patch16_224_in22k,0,224,64,/hdd/edwin/results_backbones/cal_ckpts/cub_beitv2_base_patch16_224_in22k_cal.pth,,,True,6.0,128,head,False,float16,True,True,True,False,False,89.07,0.0,1.0254,90.646528,,,,,275.2
server-3090,4602,cub,beitv2_base_patch16_224_in22k,0,224,64,/hdd/edwin/results_backbones/ft_ckpts/cub_beitv2_base_patch16_224_in22k.pth,,,True,6.0,128,head,False,float16,True,True,True,False,False,86.95,0.0,0.7461,85.860488,,,,,49.61
server-3090,4602,cub,beitv2_base_patch16_224_in22k,0,224,64,/hdd/edwin/results_backbones/fz_ckpts/cub_beitv2_base_patch16_224_in22k_fz.pth,,,True,6.0,128,head,False,float16,True,True,True,False,False,90.21,0.0,0.7461,85.860488,,,,,49.65
server-3090,4602,cub,swin_base_patch4_window7_224_in22k,0,224,64,/hdd/edwin/results_backbones/cal_ckpts/cub_swin_base_patch4_window7_224_in22k_cal.pth,,,True,6.0,128,head,False,float16,True,True,True,False,False,90.84,0.0,1.873,93.221368,,,,,411.34
server-3090,4602,cub,swin_base_patch4_window7_224_in22k,0,224,64,/hdd/edwin/results_backbones/ft_ckpts/cub_swin_base_patch4_window7_224_in22k.pth,,,True,6.0,128,head,False,float16,True,True,True,False,False,90.66,0.0,1.5156,86.839936,,,,,62.43
server-3090,4602,cub,swin_base_patch4_window7_224_in22k,0,224,64,/hdd/edwin/results_backbones/fz_ckpts/cub_swin_base_patch4_window7_224_in22k_fz.pth,,,True,6.0,128,head,False,float16,True,True,True,False,False,90.97,0.0,1.5137,86.839936,,,,,62.95
server-3090,4602,cub,vit_b16,0,224,64,/hdd/edwin/results_backbones/cal_ckpts/cub_vit_b16_cal.pth,,,True,6.0,128,head,False,float16,True,True,True,False,False,88.59,0.0,1.1914,90.654016,,,,,346.52
server-3090,4602,cub,vit_b16,0,224,64,/hdd/edwin/results_backbones/ft_ckpts/cub_vit_b16.pth,,,True,6.0,128,head,False,float16,True,True,True,False,False,87.83,0.0,0.7695,85.869512,,,,,52.08
server-3090,4602,cub,vit_b16,0,224,64,/hdd/edwin/results_backbones/fz_ckpts/cub_vit_b16_fz.pth,,,True,6.0,128,head,False,float16,True,True,True,False,False,86.16,0.0,0.7695,85.869512,,,,,51.64
server-3090,4603,cub,beitv2_base_patch16_224_in22k,0,224,64,/hdd/edwin/results_backbones/cal_ckpts/cub_beitv2_base_patch16_224_in22k_cal.pth,,,True,6.0,512,head,False,float16,True,True,True,False,False,89.2,0.0,1.0234,90.646528,,,,,274.76
server-3090,4603,cub,beitv2_base_patch16_224_in22k,0,224,64,/hdd/edwin/results_backbones/ft_ckpts/cub_beitv2_base_patch16_224_in22k.pth,,,True,6.0,512,head,False,float16,True,True,True,False,False,86.64,0.0,0.7441,85.860488,,,,,49.39
server-3090,4603,cub,beitv2_base_patch16_224_in22k,0,224,64,/hdd/edwin/results_backbones/fz_ckpts/cub_beitv2_base_patch16_224_in22k_fz.pth,,,True,6.0,512,head,False,float16,True,True,True,False,False,90.42,0.0,0.7441,85.860488,,,,,49.37
server-3090,4603,cub,swin_base_patch4_window7_224_in22k,0,224,64,/hdd/edwin/results_backbones/cal_ckpts/cub_swin_base_patch4_window7_224_in22k_cal.pth,,,True,6.0,512,head,False,float16,True,True,True,False,False,90.82,0.0,1.8711,93.221368,,,,,410.95
server-3090,4603,cub,swin_base_patch4_window7_224_in22k,0,224,64,/hdd/edwin/results_backbones/ft_ckpts/cub_swin_base_patch4_window7_224_in22k.pth,,,True,6.0,512,head,False,float16,True,True,True,False,False,90.51,0.0,1.5117,86.839936,,,,,62.05
server-3090,4603,cub,swin_base_patch4_window7_224_in22k,0,224,64,/hdd/edwin/results_backbones/fz_ckpts/cub_swin_base_patch4_window7_224_in22k_fz.pth,,,True,6.0,512,head,False,float16,True,True,True,False,False,91.09,0.0,1.5117,86.839936,,,,,62.68
server-3090,4603,cub,vit_b16,0,224,64,/hdd/edwin/results_backbones/cal_ckpts/cub_vit_b16_cal.pth,,,True,6.0,512,head,False,float16,True,True,True,False,False,88.52,0.0,1.1914,90.654016,,,,,346.1
server-3090,4603,cub,vit_b16,0,224,64,/hdd/edwin/results_backbones/ft_ckpts/cub_vit_b16.pth,,,True,6.0,512,head,False,float16,True,True,True,False,False,87.56,0.0,0.7695,85.869512,,,,,51.92
server-3090,4603,cub,vit_b16,0,224,64,/hdd/edwin/results_backbones/fz_ckpts/cub_vit_b16_fz.pth,,,True,6.0,512,head,False,float16,True,True,True,False,False,86.16,0.0,0.7695,85.869512,,,,,51.81
server-3090,4700,cub,beitv2_base_patch16_224_in22k,0,224,64,/hdd/edwin/results_backbones/cal_ckpts/cub_beitv2_base_patch16_224_in22k_cal.pth,,,True,8.0,8,head,False,float16,True,True,True,False,False,89.28,0.0,1.0684,90.646528,,,,,275.16
server-3090,4700,cub,beitv2_base_patch16_224_in22k,0,224,64,/hdd/edwin/results_backbones/ft_ckpts/cub_beitv2_base_patch16_224_in22k.pth,,,True,8.0,8,head,False,float16,True,True,True,False,False,87.0,0.0,0.7891,85.860488,,,,,48.64
server-3090,4700,cub,beitv2_base_patch16_224_in22k,0,224,64,/hdd/edwin/results_backbones/fz_ckpts/cub_beitv2_base_patch16_224_in22k_fz.pth,,,True,8.0,8,head,False,float16,True,True,True,False,False,90.42,0.0,0.7891,85.860488,,,,,48.6
server-3090,4700,cub,swin_base_patch4_window7_224_in22k,0,224,64,/hdd/edwin/results_backbones/cal_ckpts/cub_swin_base_patch4_window7_224_in22k_cal.pth,,,True,8.0,8,head,False,float16,True,True,True,False,False,90.73,0.0,1.9141,93.221368,,,,,411.72
server-3090,4700,cub,swin_base_patch4_window7_224_in22k,0,224,64,/hdd/edwin/results_backbones/ft_ckpts/cub_swin_base_patch4_window7_224_in22k.pth,,,True,8.0,8,head,False,float16,True,True,True,False,False,90.52,0.0,1.5352,86.839936,,,,,62.56
server-3090,4700,cub,swin_base_patch4_window7_224_in22k,0,224,64,/hdd/edwin/results_backbones/fz_ckpts/cub_swin_base_patch4_window7_224_in22k_fz.pth,,,True,8.0,8,head,False,float16,True,True,True,False,False,91.11,0.0,1.5352,86.839936,,,,,62.32
server-3090,4700,cub,vit_b16,0,224,64,/hdd/edwin/results_backbones/cal_ckpts/cub_vit_b16_cal.pth,,,True,8.0,8,head,False,float16,True,True,True,False,False,88.71,0.0,1.2285,90.654016,,,,,346.04
server-3090,4700,cub,vit_b16,0,224,64,/hdd/edwin/results_backbones/ft_ckpts/cub_vit_b16.pth,,,True,8.0,8,head,False,float16,True,True,True,False,False,87.81,0.0,0.8086,85.869512,,,,,51.55
server-3090,4700,cub,vit_b16,0,224,64,/hdd/edwin/results_backbones/fz_ckpts/cub_vit_b16_fz.pth,,,True,8.0,8,head,False,float16,True,True,True,False,False,86.24,0.0,0.8086,85.869512,,,,,51.52
server-3090,4701,cub,beitv2_base_patch16_224_in22k,0,224,64,/hdd/edwin/results_backbones/cal_ckpts/cub_beitv2_base_patch16_224_in22k_cal.pth,,,True,8.0,32,head,False,float16,True,True,True,False,False,89.28,0.0,1.0332,90.646528,,,,,275.15
server-3090,4701,cub,beitv2_base_patch16_224_in22k,0,224,64,/hdd/edwin/results_backbones/ft_ckpts/cub_beitv2_base_patch16_224_in22k.pth,,,True,8.0,32,head,False,float16,True,True,True,False,False,87.06,0.0,0.7559,85.860488,,,,,50.06
server-3090,4701,cub,beitv2_base_patch16_224_in22k,0,224,64,/hdd/edwin/results_backbones/fz_ckpts/cub_beitv2_base_patch16_224_in22k_fz.pth,,,True,8.0,32,head,False,float16,True,True,True,False,False,90.51,0.0,0.7539,85.860488,,,,,49.05
server-3090,4701,cub,swin_base_patch4_window7_224_in22k,0,224,64,/hdd/edwin/results_backbones/cal_ckpts/cub_swin_base_patch4_window7_224_in22k_cal.pth,,,True,8.0,32,head,False,float16,True,True,True,False,False,90.71,0.0,1.8828,93.221368,,,,,411.66
server-3090,4701,cub,swin_base_patch4_window7_224_in22k,0,224,64,/hdd/edwin/results_backbones/ft_ckpts/cub_swin_base_patch4_window7_224_in22k.pth,,,True,8.0,32,head,False,float16,True,True,True,False,False,90.52,0.0,1.5234,86.839936,,,,,62.36
server-3090,4701,cub,swin_base_patch4_window7_224_in22k,0,224,64,/hdd/edwin/results_backbones/fz_ckpts/cub_swin_base_patch4_window7_224_in22k_fz.pth,,,True,8.0,32,head,False,float16,True,True,True,False,False,91.06,0.0,1.5254,86.839936,,,,,62.25
server-3090,4701,cub,vit_b16,0,224,64,/hdd/edwin/results_backbones/cal_ckpts/cub_vit_b16_cal.pth,,,True,8.0,32,head,False,float16,True,True,True,False,False,88.66,0.0,1.1992,90.654016,,,,,345.47
server-3090,4701,cub,vit_b16,0,224,64,/hdd/edwin/results_backbones/ft_ckpts/cub_vit_b16.pth,,,True,8.0,32,head,False,float16,True,True,True,False,False,87.87,0.0,0.7754,85.869512,,,,,51.96
server-3090,4701,cub,vit_b16,0,224,64,/hdd/edwin/results_backbones/fz_ckpts/cub_vit_b16_fz.pth,,,True,8.0,32,head,False,float16,True,True,True,False,False,86.18,0.0,0.7754,85.869512,,,,,51.52
server-3090,4702,cub,beitv2_base_patch16_224_in22k,0,224,64,/hdd/edwin/results_backbones/cal_ckpts/cub_beitv2_base_patch16_224_in22k_cal.pth,,,True,8.0,128,head,False,float16,True,True,True,False,False,89.2,0.0,1.0254,90.646528,,,,,273.65
server-3090,4702,cub,beitv2_base_patch16_224_in22k,0,224,64,/hdd/edwin/results_backbones/ft_ckpts/cub_beitv2_base_patch16_224_in22k.pth,,,True,8.0,128,head,False,float16,True,True,True,False,False,87.11,0.0,0.7461,85.860488,,,,,48.99
server-3090,4702,cub,beitv2_base_patch16_224_in22k,0,224,64,/hdd/edwin/results_backbones/fz_ckpts/cub_beitv2_base_patch16_224_in22k_fz.pth,,,True,8.0,128,head,False,float16,True,True,True,False,False,90.46,0.0,0.7461,85.860488,,,,,48.86
server-3090,4702,cub,swin_base_patch4_window7_224_in22k,0,224,64,/hdd/edwin/results_backbones/cal_ckpts/cub_swin_base_patch4_window7_224_in22k_cal.pth,,,True,8.0,128,head,False,float16,True,True,True,False,False,90.66,0.0,1.873,93.221368,,,,,410.95
server-3090,4702,cub,swin_base_patch4_window7_224_in22k,0,224,64,/hdd/edwin/results_backbones/ft_ckpts/cub_swin_base_patch4_window7_224_in22k.pth,,,True,8.0,128,head,False,float16,True,True,True,False,False,90.47,0.0,1.5156,86.839936,,,,,62.18
server-3090,4702,cub,swin_base_patch4_window7_224_in22k,0,224,64,/hdd/edwin/results_backbones/fz_ckpts/cub_swin_base_patch4_window7_224_in22k_fz.pth,,,True,8.0,128,head,False,float16,True,True,True,False,False,91.11,0.0,1.5156,86.839936,,,,,62.93
server-3090,4702,cub,vit_b16,0,224,64,/hdd/edwin/results_backbones/cal_ckpts/cub_vit_b16_cal.pth,,,True,8.0,128,head,False,float16,True,True,True,False,False,88.63,0.0,1.1914,90.654016,,,,,345.7
server-3090,4702,cub,vit_b16,0,224,64,/hdd/edwin/results_backbones/ft_ckpts/cub_vit_b16.pth,,,True,8.0,128,head,False,float16,True,True,True,False,False,87.73,0.0,0.7695,85.869512,,,,,52.12
server-3090,4702,cub,vit_b16,0,224,64,/hdd/edwin/results_backbones/fz_ckpts/cub_vit_b16_fz.pth,,,True,8.0,128,head,False,float16,True,True,True,False,False,86.26,0.0,0.7695,85.869512,,,,,51.58
server-3090,4703,cub,beitv2_base_patch16_224_in22k,0,224,64,/hdd/edwin/results_backbones/cal_ckpts/cub_beitv2_base_patch16_224_in22k_cal.pth,,,True,8.0,512,head,False,float16,True,True,True,False,False,89.16,0.0,1.0234,90.646528,,,,,275.02
server-3090,4703,cub,beitv2_base_patch16_224_in22k,0,224,64,/hdd/edwin/results_backbones/ft_ckpts/cub_beitv2_base_patch16_224_in22k.pth,,,True,8.0,512,head,False,float16,True,True,True,False,False,86.97,0.0,0.7441,85.860488,,,,,48.94
server-3090,4703,cub,beitv2_base_patch16_224_in22k,0,224,64,/hdd/edwin/results_backbones/fz_ckpts/cub_beitv2_base_patch16_224_in22k_fz.pth,,,True,8.0,512,head,False,float16,True,True,True,False,False,90.46,0.0,0.7441,85.860488,,,,,48.96
server-3090,4703,cub,swin_base_patch4_window7_224_in22k,0,224,64,/hdd/edwin/results_backbones/cal_ckpts/cub_swin_base_patch4_window7_224_in22k_cal.pth,,,True,8.0,512,head,False,float16,True,True,True,False,False,90.78,0.0,1.8711,93.221368,,,,,410.01
server-3090,4703,cub,swin_base_patch4_window7_224_in22k,0,224,64,/hdd/edwin/results_backbones/ft_ckpts/cub_swin_base_patch4_window7_224_in22k.pth,,,True,8.0,512,head,False,float16,True,True,True,False,False,90.49,0.0,1.5117,86.839936,,,,,62.1
server-3090,4703,cub,swin_base_patch4_window7_224_in22k,0,224,64,/hdd/edwin/results_backbones/fz_ckpts/cub_swin_base_patch4_window7_224_in22k_fz.pth,,,True,8.0,512,head,False,float16,True,True,True,False,False,91.09,0.0,1.5117,86.839936,,,,,62.32
server-3090,4703,cub,vit_b16,0,224,64,/hdd/edwin/results_backbones/cal_ckpts/cub_vit_b16_cal.pth,,,True,8.0,512,head,False,float16,True,True,True,False,False,88.71,0.0,1.1914,90.654016,,,,,345.11
server-3090,4703,cub,vit_b16,0,224,64,/hdd/edwin/results_backbones/ft_ckpts/cub_vit_b16.pth,,,True,8.0,512,head,False,float16,True,True,True,False,False,87.85,0.0,0.7695,85.869512,,,,,51.09
server-3090,4703,cub,vit_b16,0,224,64,/hdd/edwin/results_backbones/fz_ckpts/cub_vit_b16_fz.pth,,,True,8.0,512,head,False,float16,True,True,True,False,False,86.3,0.0,0.7695,85.869512,,,,,51.95
server-3090,4999,cub,beitv2_base_patch16_224_in22k,0,224,64,/hdd/edwin/results_backbones/cal_ckpts/cub_beitv2_base_patch16_224_in22k_cal.pth,,,False,4.0,64,head,False,float16,True,True,True,False,False,,,,,89.28,0.0,1.293,90.701824,663.47
server-3090,4999,cub,beitv2_base_patch16_224_in22k,0,224,64,/hdd/edwin/results_backbones/ft_ckpts/cub_beitv2_base_patch16_224_in22k.pth,,,False,4.0,64,head,False,float16,True,True,True,False,False,,,,,86.97,0.0,0.9062,85.915784,73.11
server-3090,4999,cub,beitv2_base_patch16_224_in22k,0,224,64,/hdd/edwin/results_backbones/fz_ckpts/cub_beitv2_base_patch16_224_in22k_fz.pth,,,False,4.0,64,head,False,float16,True,True,True,False,False,,,,,90.49,0.0,0.9062,85.915784,69.13
server-3090,4999,cub,swin_base_patch4_window7_224_in22k,0,224,64,/hdd/edwin/results_backbones/cal_ckpts/cub_swin_base_patch4_window7_224_in22k_cal.pth,,,False,4.0,64,head,False,float16,True,True,True,False,False,,,,,90.73,0.0,2.334,93.329656,653.32
server-3090,4999,cub,swin_base_patch4_window7_224_in22k,0,224,64,/hdd/edwin/results_backbones/ft_ckpts/cub_swin_base_patch4_window7_224_in22k.pth,,,False,4.0,64,head,False,float16,True,True,True,False,False,,,,,90.52,0.0,1.7461,86.948224,76.96
server-3090,4999,cub,swin_base_patch4_window7_224_in22k,0,224,64,/hdd/edwin/results_backbones/fz_ckpts/cub_swin_base_patch4_window7_224_in22k_fz.pth,,,False,4.0,64,head,False,float16,True,True,True,False,False,,,,,91.09,0.0,1.7461,86.948224,90.69
server-3090,4999,cub,vit_b16,0,224,64,/hdd/edwin/results_backbones/cal_ckpts/cub_vit_b16_cal.pth,,,False,4.0,64,head,False,float16,True,True,True,False,False,,,,,88.73,0.0,1.4512,90.73696,1005.97
server-3090,4999,cub,vit_b16,0,224,64,/hdd/edwin/results_backbones/fz_ckpts/cub_vit_b16_fz.pth,,,False,4.0,64,head,False,float16,True,True,True,False,False,,,,,86.23,0.0,1.0059,85.952456,79.59
server-3090,3000,soyageing,beitv2_base_patch16_224_in22k,0,224,64,/hdd/edwin/results_backbones/cal_ckpts/soyageing_beitv2_base_patch16_224_in22k_cal.pth,,,True,1.0,8,head,False,float16,True,True,True,False,False,0.38,0.0,0.8496,12.02176,,,,,572.89
server-3090,3000,soyageing,beitv2_base_patch16_224_in22k,0,224,64,/hdd/edwin/results_backbones/ft_ckpts/soyageing_beitv2_base_patch16_224_in22k.pth,,,True,1.0,8,head,False,float16,True,True,True,False,False,0.59,0.0,0.5352,11.541126,,,,,119.25
server-3090,3000,soyageing,beitv2_base_patch16_224_in22k,0,224,64,/hdd/edwin/results_backbones/fz_ckpts/soyageing_beitv2_base_patch16_224_in22k_fz.pth,,,True,1.0,8,head,False,float16,True,True,True,False,False,0.38,0.0,0.5352,11.541126,,,,,118.37
server-3090,3000,soyageing,swin_base_patch4_window7_224_in22k,0,224,64,/hdd/edwin/results_backbones/cal_ckpts/soyageing_swin_base_patch4_window7_224_in22k_cal.pth,,,True,1.0,8,head,False,float16,True,True,True,False,False,0.42,0.0,1.8262,11.784696,,,,,723.99
server-3090,3000,soyageing,swin_base_patch4_window7_224_in22k,0,224,64,/hdd/edwin/results_backbones/ft_ckpts/soyageing_swin_base_patch4_window7_224_in22k.pth,,,True,1.0,8,head,False,float16,True,True,True,False,False,0.61,0.0,1.4473,11.143806,,,,,121.21
server-3090,3000,soyageing,swin_base_patch4_window7_224_in22k,0,224,64,/hdd/edwin/results_backbones/fz_ckpts/soyageing_swin_base_patch4_window7_224_in22k_fz.pth,,,True,1.0,8,head,False,float16,True,True,True,False,False,0.48,0.0,1.4473,11.143806,,,,,122.01
server-3090,3000,soyageing,vit_b16,0,224,64,/hdd/edwin/results_backbones/cal_ckpts/soyageing_vit_b16_cal.pth,,,True,1.0,8,head,False,float16,True,True,True,False,False,0.46,0.0,1.002,12.029248,,,,,646.63
server-3090,3000,soyageing,vit_b16,0,224,64,/hdd/edwin/results_backbones/ft_ckpts/soyageing_vit_b16.pth,,,True,1.0,8,head,False,float16,True,True,True,False,False,0.71,0.0,0.5957,11.55015,,,,,118.66
server-3090,3000,soyageing,vit_b16,0,224,64,/hdd/edwin/results_backbones/fz_ckpts/soyageing_vit_b16_fz.pth,,,True,1.0,8,head,False,float16,True,True,True,False,False,1.01,0.0,0.5957,11.55015,,,,,120.31
server-3090,3001,soyageing,beitv2_base_patch16_224_in22k,0,224,64,/hdd/edwin/results_backbones/cal_ckpts/soyageing_beitv2_base_patch16_224_in22k_cal.pth,,,True,1.0,32,head,False,float16,True,True,True,False,False,0.59,0.0,0.8223,12.02176,,,,,525.06
server-3090,3001,soyageing,beitv2_base_patch16_224_in22k,0,224,64,/hdd/edwin/results_backbones/ft_ckpts/soyageing_beitv2_base_patch16_224_in22k.pth,,,True,1.0,32,head,False,float16,True,True,True,False,False,0.55,0.0,0.5039,11.541126,,,,,119.38
server-3090,3001,soyageing,beitv2_base_patch16_224_in22k,0,224,64,/hdd/edwin/results_backbones/fz_ckpts/soyageing_beitv2_base_patch16_224_in22k_fz.pth,,,True,1.0,32,head,False,float16,True,True,True,False,False,0.46,0.0,0.5039,11.541126,,,,,119.75
server-3090,3001,soyageing,swin_base_patch4_window7_224_in22k,0,224,64,/hdd/edwin/results_backbones/cal_ckpts/soyageing_swin_base_patch4_window7_224_in22k_cal.pth,,,True,1.0,32,head,False,float16,True,True,True,False,False,0.46,0.0,1.793,11.784696,,,,,713.18
server-3090,3001,soyageing,swin_base_patch4_window7_224_in22k,0,224,64,/hdd/edwin/results_backbones/ft_ckpts/soyageing_swin_base_patch4_window7_224_in22k.pth,,,True,1.0,32,head,False,float16,True,True,True,False,False,0.42,0.0,1.418,11.143806,,,,,121.96
server-3090,3001,soyageing,swin_base_patch4_window7_224_in22k,0,224,64,/hdd/edwin/results_backbones/fz_ckpts/soyageing_swin_base_patch4_window7_224_in22k_fz.pth,,,True,1.0,32,head,False,float16,True,True,True,False,False,0.24,0.0,1.418,11.143806,,,,,122.37
server-3090,3001,soyageing,vit_b16,0,224,64,/hdd/edwin/results_backbones/cal_ckpts/soyageing_vit_b16_cal.pth,,,True,1.0,32,head,False,float16,True,True,True,False,False,0.55,0.0,0.9746,12.029248,,,,,635.7
server-3090,3001,soyageing,vit_b16,0,224,64,/hdd/edwin/results_backbones/ft_ckpts/soyageing_vit_b16.pth,,,True,1.0,32,head,False,float16,True,True,True,False,False,0.65,0.0,0.5645,11.55015,,,,,121.83
server-3090,3001,soyageing,vit_b16,0,224,64,/hdd/edwin/results_backbones/fz_ckpts/soyageing_vit_b16_fz.pth,,,True,1.0,32,head,False,float16,True,True,True,False,False,0.77,0.0,0.5645,11.55015,,,,,120.53
server-3090,3002,soyageing,beitv2_base_patch16_224_in22k,0,224,64,/hdd/edwin/results_backbones/cal_ckpts/soyageing_beitv2_base_patch16_224_in22k_cal.pth,,,True,1.0,128,head,False,float16,True,True,True,False,False,0.48,0.0,0.8125,12.02176,,,,,554.12
server-3090,3002,soyageing,beitv2_base_patch16_224_in22k,0,224,64,/hdd/edwin/results_backbones/ft_ckpts/soyageing_beitv2_base_patch16_224_in22k.pth,,,True,1.0,128,head,False,float16,True,True,True,False,False,0.48,0.0,0.4961,11.541126,,,,,123.59
server-3090,3002,soyageing,beitv2_base_patch16_224_in22k,0,224,64,/hdd/edwin/results_backbones/fz_ckpts/soyageing_beitv2_base_patch16_224_in22k_fz.pth,,,True,1.0,128,head,False,float16,True,True,True,False,False,0.51,0.0,0.4961,11.541126,,,,,124.23
server-3090,3002,soyageing,swin_base_patch4_window7_224_in22k,0,224,64,/hdd/edwin/results_backbones/cal_ckpts/soyageing_swin_base_patch4_window7_224_in22k_cal.pth,,,True,1.0,128,head,False,float16,True,True,True,False,False,0.51,0.0,1.7852,11.784696,,,,,707.13
server-3090,3002,soyageing,swin_base_patch4_window7_224_in22k,0,224,64,/hdd/edwin/results_backbones/ft_ckpts/soyageing_swin_base_patch4_window7_224_in22k.pth,,,True,1.0,128,head,False,float16,True,True,True,False,False,0.51,0.0,1.4102,11.143806,,,,,125.78
server-3090,3002,soyageing,swin_base_patch4_window7_224_in22k,0,224,64,/hdd/edwin/results_backbones/fz_ckpts/soyageing_swin_base_patch4_window7_224_in22k_fz.pth,,,True,1.0,128,head,False,float16,True,True,True,False,False,0.51,0.0,1.4102,11.143806,,,,,125.27
server-3090,3002,soyageing,vit_b16,0,224,64,/hdd/edwin/results_backbones/cal_ckpts/soyageing_vit_b16_cal.pth,,,True,1.0,128,head,False,float16,True,True,True,False,False,0.46,0.0,0.9648,12.029248,,,,,628.68
server-3090,3002,soyageing,vit_b16,0,224,64,/hdd/edwin/results_backbones/ft_ckpts/soyageing_vit_b16.pth,,,True,1.0,128,head,False,float16,True,True,True,False,False,0.51,0.0,0.5566,11.55015,,,,,123.14
server-3090,3002,soyageing,vit_b16,0,224,64,/hdd/edwin/results_backbones/fz_ckpts/soyageing_vit_b16_fz.pth,,,True,1.0,128,head,False,float16,True,True,True,False,False,0.97,0.0,0.5566,11.55015,,,,,123.41
server-3090,3003,soyageing,beitv2_base_patch16_224_in22k,0,224,64,/hdd/edwin/results_backbones/cal_ckpts/soyageing_beitv2_base_patch16_224_in22k_cal.pth,,,True,1.0,512,head,False,float16,True,True,True,False,False,0.51,0.0,0.8105,12.02176,,,,,942.98
server-3090,3003,soyageing,beitv2_base_patch16_224_in22k,0,224,64,/hdd/edwin/results_backbones/ft_ckpts/soyageing_beitv2_base_patch16_224_in22k.pth,,,True,1.0,512,head,False,float16,True,True,True,False,False,0.51,0.0,0.4941,11.541126,,,,,120.18
server-3090,3003,soyageing,beitv2_base_patch16_224_in22k,0,224,64,/hdd/edwin/results_backbones/fz_ckpts/soyageing_beitv2_base_patch16_224_in22k_fz.pth,,,True,1.0,512,head,False,float16,True,True,True,False,False,0.51,0.0,0.4941,11.541126,,,,,120.31
server-3090,3003,soyageing,swin_base_patch4_window7_224_in22k,0,224,64,/hdd/edwin/results_backbones/cal_ckpts/soyageing_swin_base_patch4_window7_224_in22k_cal.pth,,,True,1.0,512,head,False,float16,True,True,True,False,False,0.51,0.0,1.7812,11.784696,,,,,988.99
server-3090,3003,soyageing,swin_base_patch4_window7_224_in22k,0,224,64,/hdd/edwin/results_backbones/ft_ckpts/soyageing_swin_base_patch4_window7_224_in22k.pth,,,True,1.0,512,head,False,float16,True,True,True,False,False,0.51,0.0,1.4062,11.143806,,,,,122.31
server-3090,3003,soyageing,swin_base_patch4_window7_224_in22k,0,224,64,/hdd/edwin/results_backbones/fz_ckpts/soyageing_swin_base_patch4_window7_224_in22k_fz.pth,,,True,1.0,512,head,False,float16,True,True,True,False,False,0.51,0.0,1.4062,11.143806,,,,,124.35
server-3090,3003,soyageing,vit_b16,0,224,64,/hdd/edwin/results_backbones/cal_ckpts/soyageing_vit_b16_cal.pth,,,True,1.0,512,head,False,float16,True,True,True,False,False,0.67,0.0,0.9629,12.029248,,,,,685.7
server-3090,3003,soyageing,vit_b16,0,224,64,/hdd/edwin/results_backbones/ft_ckpts/soyageing_vit_b16.pth,,,True,1.0,512,head,False,float16,True,True,True,False,False,0.53,0.0,0.5547,11.55015,,,,,120.69
server-3090,3003,soyageing,vit_b16,0,224,64,/hdd/edwin/results_backbones/fz_ckpts/soyageing_vit_b16_fz.pth,,,True,1.0,512,head,False,float16,True,True,True,False,False,0.51,0.0,0.5547,11.55015,,,,,121.82
server-3090,3100,soyageing,beitv2_base_patch16_224_in22k,0,224,64,/hdd/edwin/results_backbones/cal_ckpts/soyageing_beitv2_base_patch16_224_in22k_cal.pth,,,True,1.58,8,head,False,float16,True,True,True,False,False,7.68,0.0,0.8613,23.246848,,,,,560.19
server-3090,3100,soyageing,beitv2_base_patch16_224_in22k,0,224,64,/hdd/edwin/results_backbones/ft_ckpts/soyageing_beitv2_base_patch16_224_in22k.pth,,,True,1.58,8,head,False,float16,True,True,True,False,False,4.32,0.0,0.5469,22.157958,,,,,123.39
server-3090,3100,soyageing,beitv2_base_patch16_224_in22k,0,224,64,/hdd/edwin/results_backbones/fz_ckpts/soyageing_beitv2_base_patch16_224_in22k_fz.pth,,,True,1.58,8,head,False,float16,True,True,True,False,False,1.31,0.0,0.5469,22.157958,,,,,120.3
server-3090,3100,soyageing,swin_base_patch4_window7_224_in22k,0,224,64,/hdd/edwin/results_backbones/cal_ckpts/soyageing_swin_base_patch4_window7_224_in22k_cal.pth,,,True,1.58,8,head,False,float16,True,True,True,False,False,6.63,0.0,1.8379,23.409144,,,,,657.86
server-3090,3100,soyageing,swin_base_patch4_window7_224_in22k,0,224,64,/hdd/edwin/results_backbones/ft_ckpts/soyageing_swin_base_patch4_window7_224_in22k.pth,,,True,1.58,8,head,False,float16,True,True,True,False,False,5.31,0.0,1.459,21.957246,,,,,124.01
server-3090,3100,soyageing,swin_base_patch4_window7_224_in22k,0,224,64,/hdd/edwin/results_backbones/fz_ckpts/soyageing_swin_base_patch4_window7_224_in22k_fz.pth,,,True,1.58,8,head,False,float16,True,True,True,False,False,6.85,0.0,1.457,21.957246,,,,,122.97
server-3090,3100,soyageing,vit_b16,0,224,64,/hdd/edwin/results_backbones/cal_ckpts/soyageing_vit_b16_cal.pth,,,True,1.58,8,head,False,float16,True,True,True,False,False,11.66,0.0,1.0117,23.254336,,,,,602.53
server-3090,3100,soyageing,vit_b16,0,224,64,/hdd/edwin/results_backbones/ft_ckpts/soyageing_vit_b16.pth,,,True,1.58,8,head,False,float16,True,True,True,False,False,9.66,0.0,0.6055,22.166982,,,,,122.55
server-3090,3100,soyageing,vit_b16,0,224,64,/hdd/edwin/results_backbones/fz_ckpts/soyageing_vit_b16_fz.pth,,,True,1.58,8,head,False,float16,True,True,True,False,False,10.26,0.0,0.6055,22.166982,,,,,121.16
server-3090,3101,soyageing,beitv2_base_patch16_224_in22k,0,224,64,/hdd/edwin/results_backbones/cal_ckpts/soyageing_beitv2_base_patch16_224_in22k_cal.pth,,,True,1.58,32,head,False,float16,True,True,True,False,False,0.42,0.0,0.8477,23.246848,,,,,569.82
server-3090,3101,soyageing,beitv2_base_patch16_224_in22k,0,224,64,/hdd/edwin/results_backbones/ft_ckpts/soyageing_beitv2_base_patch16_224_in22k.pth,,,True,1.58,32,head,False,float16,True,True,True,False,False,1.39,0.0,0.5137,22.157958,,,,,118.88
server-3090,3101,soyageing,beitv2_base_patch16_224_in22k,0,224,64,/hdd/edwin/results_backbones/fz_ckpts/soyageing_beitv2_base_patch16_224_in22k_fz.pth,,,True,1.58,32,head,False,float16,True,True,True,False,False,0.51,0.0,0.5137,22.157958,,,,,118.12
server-3090,3101,soyageing,swin_base_patch4_window7_224_in22k,0,224,64,/hdd/edwin/results_backbones/cal_ckpts/soyageing_swin_base_patch4_window7_224_in22k_cal.pth,,,True,1.58,32,head,False,float16,True,True,True,False,False,0.57,0.0,1.8066,23.409144,,,,,714.83
server-3090,3101,soyageing,swin_base_patch4_window7_224_in22k,0,224,64,/hdd/edwin/results_backbones/ft_ckpts/soyageing_swin_base_patch4_window7_224_in22k.pth,,,True,1.58,32,head,False,float16,True,True,True,False,False,0.71,0.0,1.4297,21.957246,,,,,121.61
server-3090,3101,soyageing,swin_base_patch4_window7_224_in22k,0,224,64,/hdd/edwin/results_backbones/fz_ckpts/soyageing_swin_base_patch4_window7_224_in22k_fz.pth,,,True,1.58,32,head,False,float16,True,True,True,False,False,0.59,0.0,1.4277,21.957246,,,,,121.23
server-3090,3101,soyageing,vit_b16,0,224,64,/hdd/edwin/results_backbones/cal_ckpts/soyageing_vit_b16_cal.pth,,,True,1.58,32,head,False,float16,True,True,True,False,False,1.54,0.0,0.9824,23.254336,,,,,640.8
server-3090,3101,soyageing,vit_b16,0,224,64,/hdd/edwin/results_backbones/ft_ckpts/soyageing_vit_b16.pth,,,True,1.58,32,head,False,float16,True,True,True,False,False,0.93,0.0,0.5742,22.166982,,,,,118.68
server-3090,3101,soyageing,vit_b16,0,224,64,/hdd/edwin/results_backbones/fz_ckpts/soyageing_vit_b16_fz.pth,,,True,1.58,32,head,False,float16,True,True,True,False,False,1.17,0.0,0.5742,22.166982,,,,,119.42
server-3090,3102,soyageing,beitv2_base_patch16_224_in22k,0,224,64,/hdd/edwin/results_backbones/cal_ckpts/soyageing_beitv2_base_patch16_224_in22k_cal.pth,,,True,1.58,128,head,False,float16,True,True,True,False,False,0.57,0.0,0.8398,23.246848,,,,,555.03
server-3090,3102,soyageing,beitv2_base_patch16_224_in22k,0,224,64,/hdd/edwin/results_backbones/ft_ckpts/soyageing_beitv2_base_patch16_224_in22k.pth,,,True,1.58,128,head,False,float16,True,True,True,False,False,0.44,0.0,0.5059,22.157958,,,,,119.06
server-3090,3102,soyageing,beitv2_base_patch16_224_in22k,0,224,64,/hdd/edwin/results_backbones/fz_ckpts/soyageing_beitv2_base_patch16_224_in22k_fz.pth,,,True,1.58,128,head,False,float16,True,True,True,False,False,0.51,0.0,0.5059,22.157958,,,,,119.33
server-3090,3102,soyageing,swin_base_patch4_window7_224_in22k,0,224,64,/hdd/edwin/results_backbones/cal_ckpts/soyageing_swin_base_patch4_window7_224_in22k_cal.pth,,,True,1.58,128,head,False,float16,True,True,True,False,False,0.48,0.0,1.7988,23.409144,,,,,676.55
server-3090,3102,soyageing,swin_base_patch4_window7_224_in22k,0,224,64,/hdd/edwin/results_backbones/ft_ckpts/soyageing_swin_base_patch4_window7_224_in22k.pth,,,True,1.58,128,head,False,float16,True,True,True,False,False,0.3,0.0,1.4199,21.957246,,,,,121.71
server-3090,3102,soyageing,swin_base_patch4_window7_224_in22k,0,224,64,/hdd/edwin/results_backbones/fz_ckpts/soyageing_swin_base_patch4_window7_224_in22k_fz.pth,,,True,1.58,128,head,False,float16,True,True,True,False,False,0.73,0.0,1.4199,21.957246,,,,,121.97
server-3090,3102,soyageing,vit_b16,0,224,64,/hdd/edwin/results_backbones/cal_ckpts/soyageing_vit_b16_cal.pth,,,True,1.58,128,head,False,float16,True,True,True,False,False,0.55,0.0,0.9727,23.254336,,,,,628.59
server-3090,3102,soyageing,vit_b16,0,224,64,/hdd/edwin/results_backbones/ft_ckpts/soyageing_vit_b16.pth,,,True,1.58,128,head,False,float16,True,True,True,False,False,0.46,0.0,0.5664,22.166982,,,,,119.23
server-3090,3102,soyageing,vit_b16,0,224,64,/hdd/edwin/results_backbones/fz_ckpts/soyageing_vit_b16_fz.pth,,,True,1.58,128,head,False,float16,True,True,True,False,False,0.57,0.0,0.5664,22.166982,,,,,119.6
server-3090,3103,soyageing,beitv2_base_patch16_224_in22k,0,224,64,/hdd/edwin/results_backbones/cal_ckpts/soyageing_beitv2_base_patch16_224_in22k_cal.pth,,,True,1.58,512,head,False,float16,True,True,True,False,False,0.51,0.0,0.8379,23.246848,,,,,551.88
server-3090,3103,soyageing,beitv2_base_patch16_224_in22k,0,224,64,/hdd/edwin/results_backbones/ft_ckpts/soyageing_beitv2_base_patch16_224_in22k.pth,,,True,1.58,512,head,False,float16,True,True,True,False,False,0.87,0.0,0.5039,22.157958,,,,,122.35
server-3090,3103,soyageing,beitv2_base_patch16_224_in22k,0,224,64,/hdd/edwin/results_backbones/fz_ckpts/soyageing_beitv2_base_patch16_224_in22k_fz.pth,,,True,1.58,512,head,False,float16,True,True,True,False,False,0.51,0.0,0.5039,22.157958,,,,,118.03
server-3090,3103,soyageing,swin_base_patch4_window7_224_in22k,0,224,64,/hdd/edwin/results_backbones/cal_ckpts/soyageing_swin_base_patch4_window7_224_in22k_cal.pth,,,True,1.58,512,head,False,float16,True,True,True,False,False,0.04,0.0,1.7949,23.409144,,,,,698.17
server-3090,3103,soyageing,swin_base_patch4_window7_224_in22k,0,224,64,/hdd/edwin/results_backbones/ft_ckpts/soyageing_swin_base_patch4_window7_224_in22k.pth,,,True,1.58,512,head,False,float16,True,True,True,False,False,0.67,0.0,1.418,21.957246,,,,,123.32
server-3090,3103,soyageing,swin_base_patch4_window7_224_in22k,0,224,64,/hdd/edwin/results_backbones/fz_ckpts/soyageing_swin_base_patch4_window7_224_in22k_fz.pth,,,True,1.58,512,head,False,float16,True,True,True,False,False,0.44,0.0,1.416,21.957246,,,,,120.25
server-3090,3103,soyageing,vit_b16,0,224,64,/hdd/edwin/results_backbones/cal_ckpts/soyageing_vit_b16_cal.pth,,,True,1.58,512,head,False,float16,True,True,True,False,False,0.24,0.0,0.9727,23.254336,,,,,624.54
server-3090,3103,soyageing,vit_b16,0,224,64,/hdd/edwin/results_backbones/ft_ckpts/soyageing_vit_b16.pth,,,True,1.58,512,head,False,float16,True,True,True,False,False,0.46,0.0,0.5645,22.166982,,,,,120.08
server-3090,3103,soyageing,vit_b16,0,224,64,/hdd/edwin/results_backbones/fz_ckpts/soyageing_vit_b16_fz.pth,,,True,1.58,512,head,False,float16,True,True,True,False,False,0.4,0.0,0.5645,22.166982,,,,,123.18
server-3090,3200,soyageing,beitv2_base_patch16_224_in22k,0,224,64,/hdd/edwin/results_backbones/cal_ckpts/soyageing_beitv2_base_patch16_224_in22k_cal.pth,,,True,2.0,8,head,False,float16,True,True,True,False,False,33.58,0.0,0.8633,23.246848,,,,,557.89
server-3090,3200,soyageing,beitv2_base_patch16_224_in22k,0,224,64,/hdd/edwin/results_backbones/ft_ckpts/soyageing_beitv2_base_patch16_224_in22k.pth,,,True,2.0,8,head,False,float16,True,True,True,False,False,15.47,0.0,0.5469,22.157958,,,,,119.17
server-3090,3200,soyageing,beitv2_base_patch16_224_in22k,0,224,64,/hdd/edwin/results_backbones/fz_ckpts/soyageing_beitv2_base_patch16_224_in22k_fz.pth,,,True,2.0,8,head,False,float16,True,True,True,False,False,4.95,0.0,0.5469,22.157958,,,,,118.86
server-3090,3200,soyageing,swin_base_patch4_window7_224_in22k,0,224,64,/hdd/edwin/results_backbones/cal_ckpts/soyageing_swin_base_patch4_window7_224_in22k_cal.pth,,,True,2.0,8,head,False,float16,True,True,True,False,False,16.91,0.0,1.8379,23.409144,,,,,704.57
server-3090,3200,soyageing,swin_base_patch4_window7_224_in22k,0,224,64,/hdd/edwin/results_backbones/ft_ckpts/soyageing_swin_base_patch4_window7_224_in22k.pth,,,True,2.0,8,head,False,float16,True,True,True,False,False,15.58,0.0,1.459,21.957246,,,,,121.69
server-3090,3200,soyageing,swin_base_patch4_window7_224_in22k,0,224,64,/hdd/edwin/results_backbones/fz_ckpts/soyageing_swin_base_patch4_window7_224_in22k_fz.pth,,,True,2.0,8,head,False,float16,True,True,True,False,False,14.22,0.0,1.459,21.957246,,,,,121.93
server-3090,3200,soyageing,vit_b16,0,224,64,/hdd/edwin/results_backbones/cal_ckpts/soyageing_vit_b16_cal.pth,,,True,2.0,8,head,False,float16,True,True,True,False,False,23.37,0.0,1.0137,23.254336,,,,,631.42
server-3090,3200,soyageing,vit_b16,0,224,64,/hdd/edwin/results_backbones/ft_ckpts/soyageing_vit_b16.pth,,,True,2.0,8,head,False,float16,True,True,True,False,False,22.44,0.0,0.6055,22.166982,,,,,120.96
server-3090,3200,soyageing,vit_b16,0,224,64,/hdd/edwin/results_backbones/fz_ckpts/soyageing_vit_b16_fz.pth,,,True,2.0,8,head,False,float16,True,True,True,False,False,20.67,0.0,0.6055,22.166982,,,,,120.31
server-3090,3201,soyageing,beitv2_base_patch16_224_in22k,0,224,64,/hdd/edwin/results_backbones/cal_ckpts/soyageing_beitv2_base_patch16_224_in22k_cal.pth,,,True,2.0,32,head,False,float16,True,True,True,False,False,4.16,0.0,0.8477,23.246848,,,,,565.86
server-3090,3201,soyageing,beitv2_base_patch16_224_in22k,0,224,64,/hdd/edwin/results_backbones/ft_ckpts/soyageing_beitv2_base_patch16_224_in22k.pth,,,True,2.0,32,head,False,float16,True,True,True,False,False,3.76,0.0,0.5137,22.157958,,,,,118.24
server-3090,3201,soyageing,beitv2_base_patch16_224_in22k,0,224,64,/hdd/edwin/results_backbones/fz_ckpts/soyageing_beitv2_base_patch16_224_in22k_fz.pth,,,True,2.0,32,head,False,float16,True,True,True,False,False,0.71,0.0,0.5137,22.157958,,,,,117.81
server-3090,3201,soyageing,swin_base_patch4_window7_224_in22k,0,224,64,/hdd/edwin/results_backbones/cal_ckpts/soyageing_swin_base_patch4_window7_224_in22k_cal.pth,,,True,2.0,32,head,False,float16,True,True,True,False,False,4.0,0.0,1.8066,23.409144,,,,,710.21
server-3090,3201,soyageing,swin_base_patch4_window7_224_in22k,0,224,64,/hdd/edwin/results_backbones/ft_ckpts/soyageing_swin_base_patch4_window7_224_in22k.pth,,,True,2.0,32,head,False,float16,True,True,True,False,False,1.9,0.0,1.4297,21.957246,,,,,121.34
server-3090,3201,soyageing,swin_base_patch4_window7_224_in22k,0,224,64,/hdd/edwin/results_backbones/fz_ckpts/soyageing_swin_base_patch4_window7_224_in22k_fz.pth,,,True,2.0,32,head,False,float16,True,True,True,False,False,6.06,0.0,1.4277,21.957246,,,,,120.09
server-3090,3201,soyageing,vit_b16,0,224,64,/hdd/edwin/results_backbones/cal_ckpts/soyageing_vit_b16_cal.pth,,,True,2.0,32,head,False,float16,True,True,True,False,False,5.45,0.0,0.9824,23.254336,,,,,637.0
server-3090,3201,soyageing,vit_b16,0,224,64,/hdd/edwin/results_backbones/ft_ckpts/soyageing_vit_b16.pth,,,True,2.0,32,head,False,float16,True,True,True,False,False,7.35,0.0,0.5742,22.166982,,,,,117.7
server-3090,3201,soyageing,vit_b16,0,224,64,/hdd/edwin/results_backbones/fz_ckpts/soyageing_vit_b16_fz.pth,,,True,2.0,32,head,False,float16,True,True,True,False,False,6.42,0.0,0.5742,22.166982,,,,,121.89
server-3090,3202,soyageing,beitv2_base_patch16_224_in22k,0,224,64,/hdd/edwin/results_backbones/cal_ckpts/soyageing_beitv2_base_patch16_224_in22k_cal.pth,,,True,2.0,128,head,False,float16,True,True,True,False,False,0.55,0.0,0.8398,23.246848,,,,,572.23
server-3090,3202,soyageing,beitv2_base_patch16_224_in22k,0,224,64,/hdd/edwin/results_backbones/ft_ckpts/soyageing_beitv2_base_patch16_224_in22k.pth,,,True,2.0,128,head,False,float16,True,True,True,False,False,0.69,0.0,0.5059,22.157958,,,,,117.15
server-3090,3202,soyageing,beitv2_base_patch16_224_in22k,0,224,64,/hdd/edwin/results_backbones/fz_ckpts/soyageing_beitv2_base_patch16_224_in22k_fz.pth,,,True,2.0,128,head,False,float16,True,True,True,False,False,0.53,0.0,0.5059,22.157958,,,,,117.52
server-3090,3202,soyageing,swin_base_patch4_window7_224_in22k,0,224,64,/hdd/edwin/results_backbones/cal_ckpts/soyageing_swin_base_patch4_window7_224_in22k_cal.pth,,,True,2.0,128,head,False,float16,True,True,True,False,False,1.09,0.0,1.7969,23.409144,,,,,717.58
server-3090,3202,soyageing,swin_base_patch4_window7_224_in22k,0,224,64,/hdd/edwin/results_backbones/ft_ckpts/soyageing_swin_base_patch4_window7_224_in22k.pth,,,True,2.0,128,head,False,float16,True,True,True,False,False,0.51,0.0,1.4199,21.957246,,,,,120.99
server-3090,3202,soyageing,swin_base_patch4_window7_224_in22k,0,224,64,/hdd/edwin/results_backbones/fz_ckpts/soyageing_swin_base_patch4_window7_224_in22k_fz.pth,,,True,2.0,128,head,False,float16,True,True,True,False,False,1.23,0.0,1.4199,21.957246,,,,,121.26
server-3090,3202,soyageing,vit_b16,0,224,64,/hdd/edwin/results_backbones/cal_ckpts/soyageing_vit_b16_cal.pth,,,True,2.0,128,head,False,float16,True,True,True,False,False,1.31,0.0,0.9727,23.254336,,,,,641.03
server-3090,3202,soyageing,vit_b16,0,224,64,/hdd/edwin/results_backbones/ft_ckpts/soyageing_vit_b16.pth,,,True,2.0,128,head,False,float16,True,True,True,False,False,1.03,0.0,0.5664,22.166982,,,,,117.52
server-3090,3202,soyageing,vit_b16,0,224,64,/hdd/edwin/results_backbones/fz_ckpts/soyageing_vit_b16_fz.pth,,,True,2.0,128,head,False,float16,True,True,True,False,False,1.98,0.0,0.5664,22.166982,,,,,119.13
server-3090,3203,soyageing,beitv2_base_patch16_224_in22k,0,224,64,/hdd/edwin/results_backbones/cal_ckpts/soyageing_beitv2_base_patch16_224_in22k_cal.pth,,,True,2.0,512,head,False,float16,True,True,True,False,False,0.57,0.0,0.8359,23.246848,,,,,560.78
server-3090,3203,soyageing,beitv2_base_patch16_224_in22k,0,224,64,/hdd/edwin/results_backbones/ft_ckpts/soyageing_beitv2_base_patch16_224_in22k.pth,,,True,2.0,512,head,False,float16,True,True,True,False,False,0.79,0.0,0.5039,22.157958,,,,,118.93
server-3090,3203,soyageing,beitv2_base_patch16_224_in22k,0,224,64,/hdd/edwin/results_backbones/fz_ckpts/soyageing_beitv2_base_patch16_224_in22k_fz.pth,,,True,2.0,512,head,False,float16,True,True,True,False,False,0.48,0.0,0.5039,22.157958,,,,,121.94
server-3090,3203,soyageing,swin_base_patch4_window7_224_in22k,0,224,64,/hdd/edwin/results_backbones/cal_ckpts/soyageing_swin_base_patch4_window7_224_in22k_cal.pth,,,True,2.0,512,head,False,float16,True,True,True,False,False,0.95,0.0,1.7949,23.409144,,,,,706.07
server-3090,3203,soyageing,swin_base_patch4_window7_224_in22k,0,224,64,/hdd/edwin/results_backbones/ft_ckpts/soyageing_swin_base_patch4_window7_224_in22k.pth,,,True,2.0,512,head,False,float16,True,True,True,False,False,0.22,0.0,1.416,21.957246,,,,,122.28
server-3090,3203,soyageing,swin_base_patch4_window7_224_in22k,0,224,64,/hdd/edwin/results_backbones/fz_ckpts/soyageing_swin_base_patch4_window7_224_in22k_fz.pth,,,True,2.0,512,head,False,float16,True,True,True,False,False,0.65,0.0,1.418,21.957246,,,,,125.41
server-3090,3203,soyageing,vit_b16,0,224,64,/hdd/edwin/results_backbones/cal_ckpts/soyageing_vit_b16_cal.pth,,,True,2.0,512,head,False,float16,True,True,True,False,False,0.53,0.0,0.9727,23.254336,,,,,629.18
server-3090,3203,soyageing,vit_b16,0,224,64,/hdd/edwin/results_backbones/ft_ckpts/soyageing_vit_b16.pth,,,True,2.0,512,head,False,float16,True,True,True,False,False,0.63,0.0,0.5645,22.166982,,,,,119.27
server-3090,3203,soyageing,vit_b16,0,224,64,/hdd/edwin/results_backbones/fz_ckpts/soyageing_vit_b16_fz.pth,,,True,2.0,512,head,False,float16,True,True,True,False,False,0.59,0.0,0.5645,22.166982,,,,,121.88
server-3090,3300,soyageing,beitv2_base_patch16_224_in22k,0,224,64,/hdd/edwin/results_backbones/cal_ckpts/soyageing_beitv2_base_patch16_224_in22k_cal.pth,,,True,3.0,8,head,False,float16,True,True,True,False,False,63.35,0.0,0.9141,9.776976,,,,,562.93
server-3090,3300,soyageing,beitv2_base_patch16_224_in22k,0,224,64,/hdd/edwin/results_backbones/ft_ckpts/soyageing_beitv2_base_patch16_224_in22k.pth,,,True,3.0,8,head,False,float16,True,True,True,False,False,37.31,0.0,0.5625,9.41799,,,,,119.78
server-3090,3300,soyageing,beitv2_base_patch16_224_in22k,0,224,64,/hdd/edwin/results_backbones/fz_ckpts/soyageing_beitv2_base_patch16_224_in22k_fz.pth,,,True,3.0,8,head,False,float16,True,True,True,False,False,14.48,0.0,0.5625,9.41799,,,,,121.78
server-3090,3300,soyageing,swin_base_patch4_window7_224_in22k,0,224,64,/hdd/edwin/results_backbones/cal_ckpts/soyageing_swin_base_patch4_window7_224_in22k_cal.pth,,,True,3.0,8,head,False,float16,True,True,True,False,False,38.0,0.0,1.873,9.460256,,,,,723.01
server-3090,3300,soyageing,swin_base_patch4_window7_224_in22k,0,224,64,/hdd/edwin/results_backbones/ft_ckpts/soyageing_swin_base_patch4_window7_224_in22k.pth,,,True,3.0,8,head,False,float16,True,True,True,False,False,37.43,0.0,1.5,8.981566,,,,,122.39
server-3090,3300,soyageing,swin_base_patch4_window7_224_in22k,0,224,64,/hdd/edwin/results_backbones/fz_ckpts/soyageing_swin_base_patch4_window7_224_in22k_fz.pth,,,True,3.0,8,head,False,float16,True,True,True,False,False,30.59,0.0,1.5,8.981566,,,,,125.22
server-3090,3300,soyageing,vit_b16,0,224,64,/hdd/edwin/results_backbones/cal_ckpts/soyageing_vit_b16_cal.pth,,,True,3.0,8,head,False,float16,True,True,True,False,False,33.66,0.0,1.0293,9.784464,,,,,636.72
server-3090,3300,soyageing,vit_b16,0,224,64,/hdd/edwin/results_backbones/ft_ckpts/soyageing_vit_b16.pth,,,True,3.0,8,head,False,float16,True,True,True,False,False,35.49,0.0,0.6211,9.427014,,,,,118.94
server-3090,3300,soyageing,vit_b16,0,224,64,/hdd/edwin/results_backbones/fz_ckpts/soyageing_vit_b16_fz.pth,,,True,3.0,8,head,False,float16,True,True,True,False,False,35.09,0.0,0.6211,9.427014,,,,,122.23
server-3090,3301,soyageing,beitv2_base_patch16_224_in22k,0,224,64,/hdd/edwin/results_backbones/cal_ckpts/soyageing_beitv2_base_patch16_224_in22k_cal.pth,,,True,3.0,32,head,False,float16,True,True,True,False,False,44.69,0.0,0.8438,9.777376,,,,,763.16
server-3090,3301,soyageing,beitv2_base_patch16_224_in22k,0,224,64,/hdd/edwin/results_backbones/ft_ckpts/soyageing_beitv2_base_patch16_224_in22k.pth,,,True,3.0,32,head,False,float16,True,True,True,False,False,25.84,0.0,0.5273,9.418374,,,,,119.83
server-3090,3301,soyageing,beitv2_base_patch16_224_in22k,0,224,64,/hdd/edwin/results_backbones/fz_ckpts/soyageing_beitv2_base_patch16_224_in22k_fz.pth,,,True,3.0,32,head,False,float16,True,True,True,False,False,12.95,0.0,0.5273,9.418374,,,,,120.11
server-3090,3301,soyageing,swin_base_patch4_window7_224_in22k,0,224,64,/hdd/edwin/results_backbones/cal_ckpts/soyageing_swin_base_patch4_window7_224_in22k_cal.pth,,,True,3.0,32,head,False,float16,True,True,True,False,False,20.55,0.0,1.8125,9.461208,,,,,802.36
server-3090,3301,soyageing,swin_base_patch4_window7_224_in22k,0,224,64,/hdd/edwin/results_backbones/ft_ckpts/soyageing_swin_base_patch4_window7_224_in22k.pth,,,True,3.0,32,head,False,float16,True,True,True,False,False,26.77,0.0,1.4863,8.982494,,,,,123.06
server-3090,3301,soyageing,swin_base_patch4_window7_224_in22k,0,224,64,/hdd/edwin/results_backbones/fz_ckpts/soyageing_swin_base_patch4_window7_224_in22k_fz.pth,,,True,3.0,32,head,False,float16,True,True,True,False,False,23.43,0.0,1.4844,8.982494,,,,,124.01
server-3090,3301,soyageing,vit_b16,0,224,64,/hdd/edwin/results_backbones/cal_ckpts/soyageing_vit_b16_cal.pth,,,True,3.0,32,head,False,float16,True,True,True,False,False,27.72,0.0,0.9961,9.785632,,,,,705.63
server-3090,3301,soyageing,vit_b16,0,224,64,/hdd/edwin/results_backbones/ft_ckpts/soyageing_vit_b16.pth,,,True,3.0,32,head,False,float16,True,True,True,False,False,30.79,0.0,0.5879,9.428166,,,,,124.78
server-3090,3301,soyageing,vit_b16,0,224,64,/hdd/edwin/results_backbones/fz_ckpts/soyageing_vit_b16_fz.pth,,,True,3.0,32,head,False,float16,True,True,True,False,False,26.67,0.0,0.5879,9.428166,,,,,121.73
server-3090,3302,soyageing,beitv2_base_patch16_224_in22k,0,224,64,/hdd/edwin/results_backbones/cal_ckpts/soyageing_beitv2_base_patch16_224_in22k_cal.pth,,,True,3.0,128,head,False,float16,True,True,True,False,False,21.68,0.0,0.834,9.78048,,,,,1100.35
server-3090,3302,soyageing,beitv2_base_patch16_224_in22k,0,224,64,/hdd/edwin/results_backbones/ft_ckpts/soyageing_beitv2_base_patch16_224_in22k.pth,,,True,3.0,128,head,False,float16,True,True,True,False,False,13.13,0.0,0.5195,9.421446,,,,,125.06
server-3090,3302,soyageing,beitv2_base_patch16_224_in22k,0,224,64,/hdd/edwin/results_backbones/fz_ckpts/soyageing_beitv2_base_patch16_224_in22k_fz.pth,,,True,3.0,128,head,False,float16,True,True,True,False,False,0.65,0.0,0.5195,9.421446,,,,,134.62
server-3090,3302,soyageing,swin_base_patch4_window7_224_in22k,0,224,64,/hdd/edwin/results_backbones/cal_ckpts/soyageing_swin_base_patch4_window7_224_in22k_cal.pth,,,True,3.0,128,head,False,float16,True,True,True,False,False,20.91,0.0,1.8027,9.467,,,,,856.5
server-3090,3302,soyageing,swin_base_patch4_window7_224_in22k,0,224,64,/hdd/edwin/results_backbones/ft_ckpts/soyageing_swin_base_patch4_window7_224_in22k.pth,,,True,3.0,128,head,False,float16,True,True,True,False,False,15.86,0.0,1.4766,8.988286,,,,,123.32
server-3090,3302,soyageing,swin_base_patch4_window7_224_in22k,0,224,64,/hdd/edwin/results_backbones/fz_ckpts/soyageing_swin_base_patch4_window7_224_in22k_fz.pth,,,True,3.0,128,head,False,float16,True,True,True,False,False,12.55,0.0,1.4766,8.988286,,,,,135.5
server-3090,3302,soyageing,vit_b16,0,224,64,/hdd/edwin/results_backbones/cal_ckpts/soyageing_vit_b16_cal.pth,,,True,3.0,128,head,False,float16,True,True,True,False,False,16.1,0.0,0.9863,9.787968,,,,,584.12
server-3090,3302,soyageing,vit_b16,0,224,64,/hdd/edwin/results_backbones/ft_ckpts/soyageing_vit_b16.pth,,,True,3.0,128,head,False,float16,True,True,True,False,False,27.09,0.0,0.5801,9.43047,,,,,121.6
server-3090,3302,soyageing,vit_b16,0,224,64,/hdd/edwin/results_backbones/fz_ckpts/soyageing_vit_b16_fz.pth,,,True,3.0,128,head,False,float16,True,True,True,False,False,18.61,0.0,0.5801,9.43047,,,,,123.91
server-3090,3303,soyageing,beitv2_base_patch16_224_in22k,0,224,64,/hdd/edwin/results_backbones/cal_ckpts/soyageing_beitv2_base_patch16_224_in22k_cal.pth,,,True,3.0,512,head,False,float16,True,True,True,False,False,13.62,0.0,0.834,9.78688,,,,,501.64
server-3090,3303,soyageing,beitv2_base_patch16_224_in22k,0,224,64,/hdd/edwin/results_backbones/ft_ckpts/soyageing_beitv2_base_patch16_224_in22k.pth,,,True,3.0,512,head,False,float16,True,True,True,False,False,7.74,0.0,0.5176,9.42759,,,,,119.25
server-3090,3303,soyageing,beitv2_base_patch16_224_in22k,0,224,64,/hdd/edwin/results_backbones/fz_ckpts/soyageing_beitv2_base_patch16_224_in22k_fz.pth,,,True,3.0,512,head,False,float16,True,True,True,False,False,0.55,0.0,0.5176,9.42759,,,,,128.88
server-3090,3303,soyageing,swin_base_patch4_window7_224_in22k,0,224,64,/hdd/edwin/results_backbones/cal_ckpts/soyageing_swin_base_patch4_window7_224_in22k_cal.pth,,,True,3.0,512,head,False,float16,True,True,True,False,False,12.26,0.0,1.8008,9.482232,,,,,740.16
server-3090,3303,soyageing,swin_base_patch4_window7_224_in22k,0,224,64,/hdd/edwin/results_backbones/ft_ckpts/soyageing_swin_base_patch4_window7_224_in22k.pth,,,True,3.0,512,head,False,float16,True,True,True,False,False,9.68,0.0,1.4746,9.003134,,,,,121.81
server-3090,3303,soyageing,swin_base_patch4_window7_224_in22k,0,224,64,/hdd/edwin/results_backbones/fz_ckpts/soyageing_swin_base_patch4_window7_224_in22k_fz.pth,,,True,3.0,512,head,False,float16,True,True,True,False,False,8.69,0.0,1.4746,9.003134,,,,,134.9
server-3090,3303,soyageing,vit_b16,0,224,64,/hdd/edwin/results_backbones/cal_ckpts/soyageing_vit_b16_cal.pth,,,True,3.0,512,head,False,float16,True,True,True,False,False,13.29,0.0,0.9863,9.806656,,,,,590.1
server-3090,3303,soyageing,vit_b16,0,224,64,/hdd/edwin/results_backbones/ft_ckpts/soyageing_vit_b16.pth,,,True,3.0,512,head,False,float16,True,True,True,False,False,17.17,0.0,0.5781,9.448902,,,,,122.26
server-3090,3303,soyageing,vit_b16,0,224,64,/hdd/edwin/results_backbones/fz_ckpts/soyageing_vit_b16_fz.pth,,,True,3.0,512,head,False,float16,True,True,True,False,False,14.46,0.0,0.5801,9.448902,,,,,127.62
server-3090,3400,soyageing,beitv2_base_patch16_224_in22k,0,224,64,/hdd/edwin/results_backbones/cal_ckpts/soyageing_beitv2_base_patch16_224_in22k_cal.pth,,,True,4.0,8,head,False,float16,True,True,True,False,False,68.75,0.0,1.0332,45.697024,,,,,341.06
server-3090,3400,soyageing,beitv2_base_patch16_224_in22k,0,224,64,/hdd/edwin/results_backbones/ft_ckpts/soyageing_beitv2_base_patch16_224_in22k.pth,,,True,4.0,8,head,False,float16,True,True,True,False,False,41.92,0.0,0.7559,43.391622,,,,,120.03
server-3090,3400,soyageing,beitv2_base_patch16_224_in22k,0,224,64,/hdd/edwin/results_backbones/fz_ckpts/soyageing_beitv2_base_patch16_224_in22k_fz.pth,,,True,4.0,8,head,False,float16,True,True,True,False,False,23.03,0.0,0.7559,43.391622,,,,,119.65
server-3090,3400,soyageing,swin_base_patch4_window7_224_in22k,0,224,64,/hdd/edwin/results_backbones/cal_ckpts/soyageing_swin_base_patch4_window7_224_in22k_cal.pth,,,True,4.0,8,head,False,float16,True,True,True,False,False,52.79,0.0,1.8789,46.65804,,,,,648.8
server-3090,3400,soyageing,swin_base_patch4_window7_224_in22k,0,224,64,/hdd/edwin/results_backbones/ft_ckpts/soyageing_swin_base_patch4_window7_224_in22k.pth,,,True,4.0,8,head,False,float16,True,True,True,False,False,47.19,0.0,1.4863,43.584126,,,,,122.59
server-3090,3400,soyageing,swin_base_patch4_window7_224_in22k,0,224,64,/hdd/edwin/results_backbones/fz_ckpts/soyageing_swin_base_patch4_window7_224_in22k_fz.pth,,,True,4.0,8,head,False,float16,True,True,True,False,False,37.17,0.0,1.4883,43.584126,,,,,126.32
server-3090,3400,soyageing,vit_b16,0,224,64,/hdd/edwin/results_backbones/cal_ckpts/soyageing_vit_b16_cal.pth,,,True,4.0,8,head,False,float16,True,True,True,False,False,35.37,0.0,1.2012,45.704512,,,,,675.07
server-3090,3400,soyageing,vit_b16,0,224,64,/hdd/edwin/results_backbones/ft_ckpts/soyageing_vit_b16.pth,,,True,4.0,8,head,False,float16,True,True,True,False,False,37.15,0.0,0.8125,43.400646,,,,,127.77
server-3090,3400,soyageing,vit_b16,0,224,64,/hdd/edwin/results_backbones/fz_ckpts/soyageing_vit_b16_fz.pth,,,True,4.0,8,head,False,float16,True,True,True,False,False,38.4,0.0,0.8125,43.400646,,,,,121.27
server-3090,3401,soyageing,beitv2_base_patch16_224_in22k,0,224,64,/hdd/edwin/results_backbones/cal_ckpts/soyageing_beitv2_base_patch16_224_in22k_cal.pth,,,True,4.0,32,head,False,float16,True,True,True,False,False,65.54,0.0,1.002,45.697024,,,,,653.45
server-3090,3401,soyageing,beitv2_base_patch16_224_in22k,0,224,64,/hdd/edwin/results_backbones/ft_ckpts/soyageing_beitv2_base_patch16_224_in22k.pth,,,True,4.0,32,head,False,float16,True,True,True,False,False,38.22,0.0,0.7422,43.391622,,,,,119.67
server-3090,3401,soyageing,beitv2_base_patch16_224_in22k,0,224,64,/hdd/edwin/results_backbones/fz_ckpts/soyageing_beitv2_base_patch16_224_in22k_fz.pth,,,True,4.0,32,head,False,float16,True,True,True,False,False,21.41,0.0,0.7422,43.391622,,,,,124.77
server-3090,3401,soyageing,swin_base_patch4_window7_224_in22k,0,224,64,/hdd/edwin/results_backbones/cal_ckpts/soyageing_swin_base_patch4_window7_224_in22k_cal.pth,,,True,4.0,32,head,False,float16,True,True,True,False,False,43.78,0.0,1.8242,46.65804,,,,,734.06
server-3090,3401,soyageing,swin_base_patch4_window7_224_in22k,0,224,64,/hdd/edwin/results_backbones/ft_ckpts/soyageing_swin_base_patch4_window7_224_in22k.pth,,,True,4.0,32,head,False,float16,True,True,True,False,False,43.86,0.0,1.4766,43.584126,,,,,125.11
server-3090,3401,soyageing,swin_base_patch4_window7_224_in22k,0,224,64,/hdd/edwin/results_backbones/fz_ckpts/soyageing_swin_base_patch4_window7_224_in22k_fz.pth,,,True,4.0,32,head,False,float16,True,True,True,False,False,34.34,0.0,1.4766,43.584126,,,,,123.49
server-3090,3401,soyageing,vit_b16,0,224,64,/hdd/edwin/results_backbones/cal_ckpts/soyageing_vit_b16_cal.pth,,,True,4.0,32,head,False,float16,True,True,True,False,False,33.33,0.0,1.1719,45.704512,,,,,600.35
server-3090,3401,soyageing,vit_b16,0,224,64,/hdd/edwin/results_backbones/ft_ckpts/soyageing_vit_b16.pth,,,True,4.0,32,head,False,float16,True,True,True,False,False,35.82,0.0,0.8008,43.400646,,,,,119.63
server-3090,3401,soyageing,vit_b16,0,224,64,/hdd/edwin/results_backbones/fz_ckpts/soyageing_vit_b16_fz.pth,,,True,4.0,32,head,False,float16,True,True,True,False,False,37.76,0.0,0.8027,43.400646,,,,,121.96
server-3090,3402,soyageing,beitv2_base_patch16_224_in22k,0,224,64,/hdd/edwin/results_backbones/cal_ckpts/soyageing_beitv2_base_patch16_224_in22k_cal.pth,,,True,4.0,128,head,False,float16,True,True,True,False,False,58.61,0.0,0.9922,45.697024,,,,,502.85
server-3090,3402,soyageing,beitv2_base_patch16_224_in22k,0,224,64,/hdd/edwin/results_backbones/ft_ckpts/soyageing_beitv2_base_patch16_224_in22k.pth,,,True,4.0,128,head,False,float16,True,True,True,False,False,31.47,0.0,0.7344,43.391622,,,,,120.4
server-3090,3402,soyageing,beitv2_base_patch16_224_in22k,0,224,64,/hdd/edwin/results_backbones/fz_ckpts/soyageing_beitv2_base_patch16_224_in22k_fz.pth,,,True,4.0,128,head,False,float16,True,True,True,False,False,5.45,0.0,0.7344,43.391622,,,,,120.66
server-3090,3402,soyageing,swin_base_patch4_window7_224_in22k,0,224,64,/hdd/edwin/results_backbones/cal_ckpts/soyageing_swin_base_patch4_window7_224_in22k_cal.pth,,,True,4.0,128,head,False,float16,True,True,True,False,False,42.38,0.0,1.8164,46.65804,,,,,672.77
server-3090,3402,soyageing,swin_base_patch4_window7_224_in22k,0,224,64,/hdd/edwin/results_backbones/ft_ckpts/soyageing_swin_base_patch4_window7_224_in22k.pth,,,True,4.0,128,head,False,float16,True,True,True,False,False,40.06,0.0,1.4688,43.584126,,,,,122.33
server-3090,3402,soyageing,swin_base_patch4_window7_224_in22k,0,224,64,/hdd/edwin/results_backbones/fz_ckpts/soyageing_swin_base_patch4_window7_224_in22k_fz.pth,,,True,4.0,128,head,False,float16,True,True,True,False,False,32.75,0.0,1.4688,43.584126,,,,,124.4
server-3090,3402,soyageing,vit_b16,0,224,64,/hdd/edwin/results_backbones/cal_ckpts/soyageing_vit_b16_cal.pth,,,True,4.0,128,head,False,float16,True,True,True,False,False,29.64,0.0,1.1641,45.704512,,,,,632.32
server-3090,3402,soyageing,vit_b16,0,224,64,/hdd/edwin/results_backbones/ft_ckpts/soyageing_vit_b16.pth,,,True,4.0,128,head,False,float16,True,True,True,False,False,35.29,0.0,0.7949,43.400646,,,,,121.15
server-3090,3402,soyageing,vit_b16,0,224,64,/hdd/edwin/results_backbones/fz_ckpts/soyageing_vit_b16_fz.pth,,,True,4.0,128,head,False,float16,True,True,True,False,False,36.16,0.0,0.7949,43.400646,,,,,122.17
server-3090,3403,soyageing,beitv2_base_patch16_224,0,224,64,/hdd/edwin/results_backbones/cal_ckpts/soyageing_beitv2_base_patch16_224_in22k_cal.pth,,,True,4.0,512,head,False,float16,True,True,True,False,False,43.01,0.0,0.9902,45.697024,,,,,244.36
server-3090,3403,soyageing,beitv2_base_patch16_224_in22k,0,224,64,/hdd/edwin/results_backbones/cal_ckpts/soyageing_beitv2_base_patch16_224_in22k_cal.pth,,,True,4.0,512,head,False,float16,True,True,True,False,False,43.01,0.0,0.9902,45.697024,,,,,600.78
server-3090,3403,soyageing,beitv2_base_patch16_224_in22k,0,224,64,/hdd/edwin/results_backbones/cal_ckpts/soyageing_beitv2_base_patch16_224_in22k_cal.pth,,,True,4.0,512,head,False,float16,True,True,True,False,False,43.01,0.0,0.9902,45.697024,,,,,244.02
server-3090,3403,soyageing,beitv2_base_patch16_224_in22k,0,224,64,/hdd/edwin/results_backbones/cal_ckpts/soyageing_beitv2_base_patch16_224_in22k_cal.pth,,,True,4.0,512,head,False,float16,True,True,True,False,False,43.01,0.0,0.9902,45.697024,,,,,240.13
server-3090,3403,soyageing,beitv2_base_patch16_224_in22k,0,224,64,/hdd/edwin/results_backbones/ft_ckpts/soyageing_beitv2_base_patch16_224_in22k.pth,,,True,4.0,512,head,False,float16,True,True,True,False,False,27.58,0.0,0.7324,43.391622,,,,,129.9
server-3090,3403,soyageing,beitv2_base_patch16_224_in22k,0,224,64,/hdd/edwin/results_backbones/fz_ckpts/soyageing_beitv2_base_patch16_224_in22k_fz.pth,,,True,4.0,512,head,False,float16,True,True,True,False,False,11.96,0.0,0.7324,43.391622,,,,,121.36
server-3090,3403,soyageing,swin_base_patch4_window7_224_in22k,0,224,64,/hdd/edwin/results_backbones/cal_ckpts/soyageing_swin_base_patch4_window7_224_in22k_cal.pth,,,True,4.0,512,head,False,float16,True,True,True,False,False,30.95,0.0,1.8145,46.65804,,,,,759.67
server-3090,3403,soyageing,swin_base_patch4_window7_224_in22k,0,224,64,/hdd/edwin/results_backbones/ft_ckpts/soyageing_swin_base_patch4_window7_224_in22k.pth,,,True,4.0,512,head,False,float16,True,True,True,False,False,29.54,0.0,1.4668,43.584126,,,,,137.65
server-3090,3403,soyageing,swin_base_patch4_window7_224_in22k,0,224,64,/hdd/edwin/results_backbones/fz_ckpts/soyageing_swin_base_patch4_window7_224_in22k_fz.pth,,,True,4.0,512,head,False,float16,True,True,True,False,False,24.36,0.0,1.4668,43.584126,,,,,136.72
server-3090,3403,soyageing,vit_b16,0,224,64,/hdd/edwin/results_backbones/cal_ckpts/soyageing_vit_b16_cal.pth,,,True,4.0,512,head,False,float16,True,True,True,False,False,28.04,0.0,1.1621,45.704512,,,,,677.45
server-3090,3403,soyageing,vit_b16,0,224,64,/hdd/edwin/results_backbones/ft_ckpts/soyageing_vit_b16.pth,,,True,4.0,512,head,False,float16,True,True,True,False,False,31.78,0.0,0.791,43.400646,,,,,129.65
server-3090,3403,soyageing,vit_b16,0,224,64,/hdd/edwin/results_backbones/fz_ckpts/soyageing_vit_b16_fz.pth,,,True,4.0,512,head,False,float16,True,True,True,False,False,34.02,0.0,0.791,43.400646,,,,,131.81
server-3090,3500,soyageing,beitv2_base_patch16_224_in22k,0,224,64,/hdd/edwin/results_backbones/cal_ckpts/soyageing_beitv2_base_patch16_224_in22k_cal.pth,,,True,5.0,8,head,False,float16,True,True,True,False,False,70.99,0.0,1.0684,90.597376,,,,,598.11
server-3090,3500,soyageing,beitv2_base_patch16_224_in22k,0,224,64,/hdd/edwin/results_backbones/ft_ckpts/soyageing_beitv2_base_patch16_224_in22k.pth,,,True,5.0,8,head,False,float16,True,True,True,False,False,43.13,0.0,0.7891,85.85895,,,,,120.53
server-3090,3500,soyageing,beitv2_base_patch16_224_in22k,0,224,64,/hdd/edwin/results_backbones/fz_ckpts/soyageing_beitv2_base_patch16_224_in22k_fz.pth,,,True,5.0,8,head,False,float16,True,True,True,False,False,26.18,0.0,0.791,85.85895,,,,,121.99
server-3090,3500,soyageing,swin_base_patch4_window7_224_in22k,0,224,64,/hdd/edwin/results_backbones/cal_ckpts/soyageing_swin_base_patch4_window7_224_in22k_cal.pth,,,True,5.0,8,head,False,float16,True,True,True,False,False,53.62,0.0,1.9121,93.155832,,,,,658.22
server-3090,3500,soyageing,swin_base_patch4_window7_224_in22k,0,224,64,/hdd/edwin/results_backbones/ft_ckpts/soyageing_swin_base_patch4_window7_224_in22k.pth,,,True,5.0,8,head,False,float16,True,True,True,False,False,50.44,0.0,1.5371,86.837886,,,,,128.05
server-3090,3500,soyageing,swin_base_patch4_window7_224_in22k,0,224,64,/hdd/edwin/results_backbones/fz_ckpts/soyageing_swin_base_patch4_window7_224_in22k_fz.pth,,,True,5.0,8,head,False,float16,True,True,True,False,False,37.7,0.0,1.5352,86.837886,,,,,124.05
server-3090,3500,soyageing,vit_b16,0,224,64,/hdd/edwin/results_backbones/cal_ckpts/soyageing_vit_b16_cal.pth,,,True,5.0,8,head,False,float16,True,True,True,False,False,36.67,0.0,1.2285,90.604864,,,,,562.94
server-3090,3500,soyageing,vit_b16,0,224,64,/hdd/edwin/results_backbones/ft_ckpts/soyageing_vit_b16.pth,,,True,5.0,8,head,False,float16,True,True,True,False,False,37.09,0.0,0.8086,85.867974,,,,,131.41
server-3090,3500,soyageing,vit_b16,0,224,64,/hdd/edwin/results_backbones/fz_ckpts/soyageing_vit_b16_fz.pth,,,True,5.0,8,head,False,float16,True,True,True,False,False,39.64,0.0,0.8086,85.867974,,,,,124.95
server-3090,3501,soyageing,beitv2_base_patch16_224_in22k,0,224,64,/hdd/edwin/results_backbones/cal_ckpts/soyageing_beitv2_base_patch16_224_in22k_cal.pth,,,True,5.0,32,head,False,float16,True,True,True,False,False,70.36,0.0,1.0332,90.597376,,,,,493.41
server-3090,3501,soyageing,beitv2_base_patch16_224_in22k,0,224,64,/hdd/edwin/results_backbones/ft_ckpts/soyageing_beitv2_base_patch16_224_in22k.pth,,,True,5.0,32,head,False,float16,True,True,True,False,False,42.06,0.0,0.7539,85.85895,,,,,118.73
server-3090,3501,soyageing,beitv2_base_patch16_224_in22k,0,224,64,/hdd/edwin/results_backbones/fz_ckpts/soyageing_beitv2_base_patch16_224_in22k_fz.pth,,,True,5.0,32,head,False,float16,True,True,True,False,False,25.82,0.0,0.7539,85.85895,,,,,131.31
server-3090,3501,soyageing,swin_base_patch4_window7_224_in22k,0,224,64,/hdd/edwin/results_backbones/cal_ckpts/soyageing_swin_base_patch4_window7_224_in22k_cal.pth,,,True,5.0,32,head,False,float16,True,True,True,False,False,52.12,0.0,1.8828,93.155832,,,,,720.74
server-3090,3501,soyageing,swin_base_patch4_window7_224_in22k,0,224,64,/hdd/edwin/results_backbones/ft_ckpts/soyageing_swin_base_patch4_window7_224_in22k.pth,,,True,5.0,32,head,False,float16,True,True,True,False,False,49.64,0.0,1.5234,86.837886,,,,,120.78
server-3090,3501,soyageing,swin_base_patch4_window7_224_in22k,0,224,64,/hdd/edwin/results_backbones/fz_ckpts/soyageing_swin_base_patch4_window7_224_in22k_fz.pth,,,True,5.0,32,head,False,float16,True,True,True,False,False,37.45,0.0,1.5234,86.837886,,,,,134.6
server-3090,3501,soyageing,vit_b16,0,224,64,/hdd/edwin/results_backbones/cal_ckpts/soyageing_vit_b16_cal.pth,,,True,5.0,32,head,False,float16,True,True,True,False,False,34.85,0.0,1.1992,90.604864,,,,,512.66
server-3090,3501,soyageing,vit_b16,0,224,64,/hdd/edwin/results_backbones/ft_ckpts/soyageing_vit_b16.pth,,,True,5.0,32,head,False,float16,True,True,True,False,False,37.03,0.0,0.7754,85.867974,,,,,119.79
server-3090,3501,soyageing,vit_b16,0,224,64,/hdd/edwin/results_backbones/fz_ckpts/soyageing_vit_b16_fz.pth,,,True,5.0,32,head,False,float16,True,True,True,False,False,39.17,0.0,0.7773,85.867974,,,,,119.17
server-3090,3502,soyageing,beitv2_base_patch16_224_in22k,0,224,64,/hdd/edwin/results_backbones/cal_ckpts/soyageing_beitv2_base_patch16_224_in22k_cal.pth,,,True,5.0,128,head,False,float16,True,True,True,False,False,68.18,0.0,1.0234,90.597376,,,,,332.26
server-3090,3502,soyageing,beitv2_base_patch16_224_in22k,0,224,64,/hdd/edwin/results_backbones/ft_ckpts/soyageing_beitv2_base_patch16_224_in22k.pth,,,True,5.0,128,head,False,float16,True,True,True,False,False,40.67,0.0,0.7461,85.85895,,,,,117.74
server-3090,3502,soyageing,beitv2_base_patch16_224_in22k,0,224,64,/hdd/edwin/results_backbones/fz_ckpts/soyageing_beitv2_base_patch16_224_in22k_fz.pth,,,True,5.0,128,head,False,float16,True,True,True,False,False,23.39,0.0,0.7461,85.85895,,,,,119.08
server-3090,3502,soyageing,swin_base_patch4_window7_224_in22k,0,224,64,/hdd/edwin/results_backbones/cal_ckpts/soyageing_swin_base_patch4_window7_224_in22k_cal.pth,,,True,5.0,128,head,False,float16,True,True,True,False,False,50.51,0.0,1.873,93.155832,,,,,681.08
server-3090,3502,soyageing,swin_base_patch4_window7_224_in22k,0,224,64,/hdd/edwin/results_backbones/ft_ckpts/soyageing_swin_base_patch4_window7_224_in22k.pth,,,True,5.0,128,head,False,float16,True,True,True,False,False,44.71,0.0,1.5137,86.837886,,,,,121.98
server-3090,3502,soyageing,swin_base_patch4_window7_224_in22k,0,224,64,/hdd/edwin/results_backbones/fz_ckpts/soyageing_swin_base_patch4_window7_224_in22k_fz.pth,,,True,5.0,128,head,False,float16,True,True,True,False,False,36.83,0.0,1.5137,86.837886,,,,,121.09
server-3090,3502,soyageing,vit_b16,0,224,64,/hdd/edwin/results_backbones/cal_ckpts/soyageing_vit_b16_cal.pth,,,True,5.0,128,head,False,float16,True,True,True,False,False,35.17,0.0,1.1914,90.604864,,,,,688.98
server-3090,3502,soyageing,vit_b16,0,224,64,/hdd/edwin/results_backbones/ft_ckpts/soyageing_vit_b16.pth,,,True,5.0,128,head,False,float16,True,True,True,False,False,37.45,0.0,0.7695,85.867974,,,,,132.48
server-3090,3502,soyageing,vit_b16,0,224,64,/hdd/edwin/results_backbones/fz_ckpts/soyageing_vit_b16_fz.pth,,,True,5.0,128,head,False,float16,True,True,True,False,False,38.89,0.0,0.7695,85.867974,,,,,119.37
server-3090,3503,soyageing,beitv2_base_patch16_224_in22k,0,224,64,/hdd/edwin/results_backbones/cal_ckpts/soyageing_beitv2_base_patch16_224_in22k_cal.pth,,,True,5.0,512,head,False,float16,True,True,True,False,False,67.15,0.0,1.0234,90.597376,,,,,614.29
server-3090,3503,soyageing,beitv2_base_patch16_224_in22k,0,224,64,/hdd/edwin/results_backbones/ft_ckpts/soyageing_beitv2_base_patch16_224_in22k.pth,,,True,5.0,512,head,False,float16,True,True,True,False,False,38.77,0.0,0.7441,85.85895,,,,,121.39
server-3090,3503,soyageing,beitv2_base_patch16_224_in22k,0,224,64,/hdd/edwin/results_backbones/fz_ckpts/soyageing_beitv2_base_patch16_224_in22k_fz.pth,,,True,5.0,512,head,False,float16,True,True,True,False,False,21.21,0.0,0.7441,85.85895,,,,,119.95
server-3090,3503,soyageing,swin_base_patch4_window7_224_in22k,0,224,64,/hdd/edwin/results_backbones/cal_ckpts/soyageing_swin_base_patch4_window7_224_in22k_cal.pth,,,True,5.0,512,head,False,float16,True,True,True,False,False,51.35,0.0,1.8711,93.155832,,,,,744.24
server-3090,3503,soyageing,swin_base_patch4_window7_224_in22k,0,224,64,/hdd/edwin/results_backbones/ft_ckpts/soyageing_swin_base_patch4_window7_224_in22k.pth,,,True,5.0,512,head,False,float16,True,True,True,False,False,43.15,0.0,1.5117,86.837886,,,,,122.1
server-3090,3503,soyageing,swin_base_patch4_window7_224_in22k,0,224,64,/hdd/edwin/results_backbones/fz_ckpts/soyageing_swin_base_patch4_window7_224_in22k_fz.pth,,,True,5.0,512,head,False,float16,True,True,True,False,False,36.53,0.0,1.5117,86.837886,,,,,121.18
server-3090,3503,soyageing,vit_b16,0,224,64,/hdd/edwin/results_backbones/cal_ckpts/soyageing_vit_b16_cal.pth,,,True,5.0,512,head,False,float16,True,True,True,False,False,34.83,0.0,1.1914,90.604864,,,,,566.77
server-3090,3503,soyageing,vit_b16,0,224,64,/hdd/edwin/results_backbones/ft_ckpts/soyageing_vit_b16.pth,,,True,5.0,512,head,False,float16,True,True,True,False,False,36.81,0.0,0.7695,85.867974,,,,,119.68
server-3090,3503,soyageing,vit_b16,0,224,64,/hdd/edwin/results_backbones/fz_ckpts/soyageing_vit_b16_fz.pth,,,True,5.0,512,head,False,float16,True,True,True,False,False,40.06,0.0,0.7695,85.867974,,,,,120.19
server-3090,3600,soyageing,beitv2_base_patch16_224_in22k,0,224,64,/hdd/edwin/results_backbones/cal_ckpts/soyageing_beitv2_base_patch16_224_in22k_cal.pth,,,True,6.0,8,head,False,float16,True,True,True,False,False,70.65,0.0,1.0684,90.597376,,,,,482.28
server-3090,3600,soyageing,beitv2_base_patch16_224_in22k,0,224,64,/hdd/edwin/results_backbones/ft_ckpts/soyageing_beitv2_base_patch16_224_in22k.pth,,,True,6.0,8,head,False,float16,True,True,True,False,False,43.52,0.0,0.7891,85.85895,,,,,120.44
server-3090,3600,soyageing,beitv2_base_patch16_224_in22k,0,224,64,/hdd/edwin/results_backbones/fz_ckpts/soyageing_beitv2_base_patch16_224_in22k_fz.pth,,,True,6.0,8,head,False,float16,True,True,True,False,False,26.06,0.0,0.7891,85.85895,,,,,119.29
server-3090,3600,soyageing,swin_base_patch4_window7_224_in22k,0,224,64,/hdd/edwin/results_backbones/cal_ckpts/soyageing_swin_base_patch4_window7_224_in22k_cal.pth,,,True,6.0,8,head,False,float16,True,True,True,False,False,53.76,0.0,1.9121,93.155832,,,,,691.93
server-3090,3600,soyageing,swin_base_patch4_window7_224_in22k,0,224,64,/hdd/edwin/results_backbones/ft_ckpts/soyageing_swin_base_patch4_window7_224_in22k.pth,,,True,6.0,8,head,False,float16,True,True,True,False,False,50.95,0.0,1.5352,86.837886,,,,,120.65
server-3090,3600,soyageing,swin_base_patch4_window7_224_in22k,0,224,64,/hdd/edwin/results_backbones/fz_ckpts/soyageing_swin_base_patch4_window7_224_in22k_fz.pth,,,True,6.0,8,head,False,float16,True,True,True,False,False,37.98,0.0,1.5352,86.837886,,,,,121.44
server-3090,3600,soyageing,vit_b16,0,224,64,/hdd/edwin/results_backbones/cal_ckpts/soyageing_vit_b16_cal.pth,,,True,6.0,8,head,False,float16,True,True,True,False,False,36.61,0.0,1.2285,90.604864,,,,,656.38
server-3090,3600,soyageing,vit_b16,0,224,64,/hdd/edwin/results_backbones/ft_ckpts/soyageing_vit_b16.pth,,,True,6.0,8,head,False,float16,True,True,True,False,False,36.99,0.0,0.8086,85.867974,,,,,118.1
server-3090,3600,soyageing,vit_b16,0,224,64,/hdd/edwin/results_backbones/fz_ckpts/soyageing_vit_b16_fz.pth,,,True,6.0,8,head,False,float16,True,True,True,False,False,40.55,0.0,0.8086,85.867974,,,,,120.71
server-3090,3601,soyageing,beitv2_base_patch16_224_in22k,0,224,64,/hdd/edwin/results_backbones/cal_ckpts/soyageing_beitv2_base_patch16_224_in22k_cal.pth,,,True,6.0,32,head,False,float16,True,True,True,False,False,70.79,0.0,1.0352,90.597376,,,,,646.13
server-3090,3601,soyageing,beitv2_base_patch16_224_in22k,0,224,64,/hdd/edwin/results_backbones/ft_ckpts/soyageing_beitv2_base_patch16_224_in22k.pth,,,True,6.0,32,head,False,float16,True,True,True,False,False,42.89,0.0,0.7539,85.85895,,,,,131.44
server-3090,3601,soyageing,beitv2_base_patch16_224_in22k,0,224,64,/hdd/edwin/results_backbones/fz_ckpts/soyageing_beitv2_base_patch16_224_in22k_fz.pth,,,True,6.0,32,head,False,float16,True,True,True,False,False,26.24,0.0,0.7539,85.85895,,,,,129.42
server-3090,3601,soyageing,swin_base_patch4_window7_224_in22k,0,224,64,/hdd/edwin/results_backbones/cal_ckpts/soyageing_swin_base_patch4_window7_224_in22k_cal.pth,,,True,6.0,32,head,False,float16,True,True,True,False,False,53.64,0.0,1.8828,93.155832,,,,,739.0
server-3090,3601,soyageing,swin_base_patch4_window7_224_in22k,0,224,64,/hdd/edwin/results_backbones/ft_ckpts/soyageing_swin_base_patch4_window7_224_in22k.pth,,,True,6.0,32,head,False,float16,True,True,True,False,False,50.73,0.0,1.5234,86.837886,,,,,134.4
server-3090,3601,soyageing,swin_base_patch4_window7_224_in22k,0,224,64,/hdd/edwin/results_backbones/fz_ckpts/soyageing_swin_base_patch4_window7_224_in22k_fz.pth,,,True,6.0,32,head,False,float16,True,True,True,False,False,38.0,0.0,1.5234,86.837886,,,,,132.79
server-3090,3601,soyageing,vit_b16,0,224,64,/hdd/edwin/results_backbones/cal_ckpts/soyageing_vit_b16_cal.pth,,,True,6.0,32,head,False,float16,True,True,True,False,False,36.42,0.0,1.1992,90.604864,,,,,670.37
server-3090,3601,soyageing,vit_b16,0,224,64,/hdd/edwin/results_backbones/ft_ckpts/soyageing_vit_b16.pth,,,True,6.0,32,head,False,float16,True,True,True,False,False,36.89,0.0,0.7754,85.867974,,,,,123.43
server-3090,3601,soyageing,vit_b16,0,224,64,/hdd/edwin/results_backbones/fz_ckpts/soyageing_vit_b16_fz.pth,,,True,6.0,32,head,False,float16,True,True,True,False,False,39.78,0.0,0.7754,85.867974,,,,,131.41
server-3090,3602,soyageing,beitv2_base_patch16_224_in22k,0,224,64,/hdd/edwin/results_backbones/cal_ckpts/soyageing_beitv2_base_patch16_224_in22k_cal.pth,,,True,6.0,128,head,False,float16,True,True,True,False,False,69.94,0.0,1.0254,90.597376,,,,,597.66
server-3090,3602,soyageing,beitv2_base_patch16_224_in22k,0,224,64,/hdd/edwin/results_backbones/ft_ckpts/soyageing_beitv2_base_patch16_224_in22k.pth,,,True,6.0,128,head,False,float16,True,True,True,False,False,42.85,0.0,0.7461,85.85895,,,,,120.6
server-3090,3602,soyageing,beitv2_base_patch16_224_in22k,0,224,64,/hdd/edwin/results_backbones/fz_ckpts/soyageing_beitv2_base_patch16_224_in22k_fz.pth,,,True,6.0,128,head,False,float16,True,True,True,False,False,26.46,0.0,0.7461,85.85895,,,,,121.55
server-3090,3602,soyageing,swin_base_patch4_window7_224_in22k,0,224,64,/hdd/edwin/results_backbones/cal_ckpts/soyageing_swin_base_patch4_window7_224_in22k_cal.pth,,,True,6.0,128,head,False,float16,True,True,True,False,False,53.54,0.0,1.873,93.155832,,,,,676.08
server-3090,3602,soyageing,swin_base_patch4_window7_224_in22k,0,224,64,/hdd/edwin/results_backbones/ft_ckpts/soyageing_swin_base_patch4_window7_224_in22k.pth,,,True,6.0,128,head,False,float16,True,True,True,False,False,49.94,0.0,1.5156,86.837886,,,,,130.83
server-3090,3602,soyageing,swin_base_patch4_window7_224_in22k,0,224,64,/hdd/edwin/results_backbones/fz_ckpts/soyageing_swin_base_patch4_window7_224_in22k_fz.pth,,,True,6.0,128,head,False,float16,True,True,True,False,False,37.88,0.0,1.5156,86.837886,,,,,127.27
server-3090,3602,soyageing,vit_b16,0,224,64,/hdd/edwin/results_backbones/cal_ckpts/soyageing_vit_b16_cal.pth,,,True,6.0,128,head,False,float16,True,True,True,False,False,35.98,0.0,1.1914,90.604864,,,,,584.15
server-3090,3602,soyageing,vit_b16,0,224,64,/hdd/edwin/results_backbones/ft_ckpts/soyageing_vit_b16.pth,,,True,6.0,128,head,False,float16,True,True,True,False,False,37.09,0.0,0.7695,85.867974,,,,,130.71
server-3090,3602,soyageing,vit_b16,0,224,64,/hdd/edwin/results_backbones/fz_ckpts/soyageing_vit_b16_fz.pth,,,True,6.0,128,head,False,float16,True,True,True,False,False,39.9,0.0,0.7695,85.867974,,,,,122.54
server-3090,3603,soyageing,beitv2_base_patch16_224_in22k,0,224,64,/hdd/edwin/results_backbones/cal_ckpts/soyageing_beitv2_base_patch16_224_in22k_cal.pth,,,True,6.0,512,head,False,float16,True,True,True,False,False,69.76,0.0,1.0234,90.597376,,,,,530.31
server-3090,3603,soyageing,beitv2_base_patch16_224_in22k,0,224,64,/hdd/edwin/results_backbones/ft_ckpts/soyageing_beitv2_base_patch16_224_in22k.pth,,,True,6.0,512,head,False,float16,True,True,True,False,False,41.84,0.0,0.7441,85.85895,,,,,118.89
server-3090,3603,soyageing,beitv2_base_patch16_224_in22k,0,224,64,/hdd/edwin/results_backbones/fz_ckpts/soyageing_beitv2_base_patch16_224_in22k_fz.pth,,,True,6.0,512,head,False,float16,True,True,True,False,False,25.76,0.0,0.7441,85.85895,,,,,130.33
server-3090,3603,soyageing,swin_base_patch4_window7_224_in22k,0,224,64,/hdd/edwin/results_backbones/cal_ckpts/soyageing_swin_base_patch4_window7_224_in22k_cal.pth,,,True,6.0,512,head,False,float16,True,True,True,False,False,52.85,0.0,1.8711,93.155832,,,,,731.17
server-3090,3603,soyageing,swin_base_patch4_window7_224_in22k,0,224,64,/hdd/edwin/results_backbones/ft_ckpts/soyageing_swin_base_patch4_window7_224_in22k.pth,,,True,6.0,512,head,False,float16,True,True,True,False,False,49.6,0.0,1.5117,86.837886,,,,,124.22
server-3090,3603,soyageing,swin_base_patch4_window7_224_in22k,0,224,64,/hdd/edwin/results_backbones/fz_ckpts/soyageing_swin_base_patch4_window7_224_in22k_fz.pth,,,True,6.0,512,head,False,float16,True,True,True,False,False,37.11,0.0,1.5117,86.837886,,,,,123.25
server-3090,3603,soyageing,vit_b16,0,224,64,/hdd/edwin/results_backbones/cal_ckpts/soyageing_vit_b16_cal.pth,,,True,6.0,512,head,False,float16,True,True,True,False,False,34.34,0.0,1.1914,90.604864,,,,,418.48
server-3090,3603,soyageing,vit_b16,0,224,64,/hdd/edwin/results_backbones/ft_ckpts/soyageing_vit_b16.pth,,,True,6.0,512,head,False,float16,True,True,True,False,False,37.31,0.0,0.7695,85.867974,,,,,119.75
server-3090,3603,soyageing,vit_b16,0,224,64,/hdd/edwin/results_backbones/fz_ckpts/soyageing_vit_b16_fz.pth,,,True,6.0,512,head,False,float16,True,True,True,False,False,39.21,0.0,0.7695,85.867974,,,,,120.64
server-3090,3700,soyageing,beitv2_base_patch16_224_in22k,0,224,64,/hdd/edwin/results_backbones/cal_ckpts/soyageing_beitv2_base_patch16_224_in22k_cal.pth,,,True,8.0,8,head,False,float16,True,True,True,False,False,70.89,0.0,1.0664,90.597376,,,,,414.8
server-3090,3700,soyageing,beitv2_base_patch16_224_in22k,0,224,64,/hdd/edwin/results_backbones/ft_ckpts/soyageing_beitv2_base_patch16_224_in22k.pth,,,True,8.0,8,head,False,float16,True,True,True,False,False,43.27,0.0,0.791,85.85895,,,,,134.08
server-3090,3700,soyageing,beitv2_base_patch16_224_in22k,0,224,64,/hdd/edwin/results_backbones/fz_ckpts/soyageing_beitv2_base_patch16_224_in22k_fz.pth,,,True,8.0,8,head,False,float16,True,True,True,False,False,26.2,0.0,0.7891,85.85895,,,,,119.11
server-3090,3700,soyageing,swin_base_patch4_window7_224_in22k,0,224,64,/hdd/edwin/results_backbones/cal_ckpts/soyageing_swin_base_patch4_window7_224_in22k_cal.pth,,,True,8.0,8,head,False,float16,True,True,True,False,False,53.6,0.0,1.9102,93.155832,,,,,698.91
server-3090,3700,soyageing,swin_base_patch4_window7_224_in22k,0,224,64,/hdd/edwin/results_backbones/ft_ckpts/soyageing_swin_base_patch4_window7_224_in22k.pth,,,True,8.0,8,head,False,float16,True,True,True,False,False,50.97,0.0,1.5352,86.837886,,,,,132.39
server-3090,3700,soyageing,swin_base_patch4_window7_224_in22k,0,224,64,/hdd/edwin/results_backbones/fz_ckpts/soyageing_swin_base_patch4_window7_224_in22k_fz.pth,,,True,8.0,8,head,False,float16,True,True,True,False,False,38.12,0.0,1.5371,86.837886,,,,,122.57
server-3090,3700,soyageing,vit_b16,0,224,64,/hdd/edwin/results_backbones/cal_ckpts/soyageing_vit_b16_cal.pth,,,True,8.0,8,head,False,float16,True,True,True,False,False,36.69,0.0,1.2285,90.604864,,,,,682.96
server-3090,3700,soyageing,vit_b16,0,224,64,/hdd/edwin/results_backbones/ft_ckpts/soyageing_vit_b16.pth,,,True,8.0,8,head,False,float16,True,True,True,False,False,37.15,0.0,0.8086,85.867974,,,,,132.86
server-3090,3700,soyageing,vit_b16,0,224,64,/hdd/edwin/results_backbones/fz_ckpts/soyageing_vit_b16_fz.pth,,,True,8.0,8,head,False,float16,True,True,True,False,False,40.57,0.0,0.8086,85.867974,,,,,119.93
server-3090,3701,soyageing,beitv2_base_patch16_224_in22k,0,224,64,/hdd/edwin/results_backbones/cal_ckpts/soyageing_beitv2_base_patch16_224_in22k_cal.pth,,,True,8.0,32,head,False,float16,True,True,True,False,False,70.85,0.0,1.0352,90.597376,,,,,605.33
server-3090,3701,soyageing,beitv2_base_patch16_224_in22k,0,224,64,/hdd/edwin/results_backbones/ft_ckpts/soyageing_beitv2_base_patch16_224_in22k.pth,,,True,8.0,32,head,False,float16,True,True,True,False,False,43.45,0.0,0.7539,85.85895,,,,,119.38
server-3090,3701,soyageing,beitv2_base_patch16_224_in22k,0,224,64,/hdd/edwin/results_backbones/fz_ckpts/soyageing_beitv2_base_patch16_224_in22k_fz.pth,,,True,8.0,32,head,False,float16,True,True,True,False,False,26.55,0.0,0.7539,85.85895,,,,,121.8
server-3090,3701,soyageing,swin_base_patch4_window7_224_in22k,0,224,64,/hdd/edwin/results_backbones/cal_ckpts/soyageing_swin_base_patch4_window7_224_in22k_cal.pth,,,True,8.0,32,head,False,float16,True,True,True,False,False,53.62,0.0,1.8828,93.155832,,,,,669.35
server-3090,3701,soyageing,swin_base_patch4_window7_224_in22k,0,224,64,/hdd/edwin/results_backbones/ft_ckpts/soyageing_swin_base_patch4_window7_224_in22k.pth,,,True,8.0,32,head,False,float16,True,True,True,False,False,51.09,0.0,1.5234,86.837886,,,,,121.69
server-3090,3701,soyageing,swin_base_patch4_window7_224_in22k,0,224,64,/hdd/edwin/results_backbones/fz_ckpts/soyageing_swin_base_patch4_window7_224_in22k_fz.pth,,,True,8.0,32,head,False,float16,True,True,True,False,False,38.02,0.0,1.5234,86.837886,,,,,122.02
server-3090,3701,soyageing,vit_b16,0,224,64,/hdd/edwin/results_backbones/cal_ckpts/soyageing_vit_b16_cal.pth,,,True,8.0,32,head,False,float16,True,True,True,False,False,36.71,0.0,1.1992,90.604864,,,,,620.14
server-3090,3701,soyageing,vit_b16,0,224,64,/hdd/edwin/results_backbones/ft_ckpts/soyageing_vit_b16.pth,,,True,8.0,32,head,False,float16,True,True,True,False,False,37.19,0.0,0.7754,85.867974,,,,,119.61
server-3090,3701,soyageing,vit_b16,0,224,64,/hdd/edwin/results_backbones/fz_ckpts/soyageing_vit_b16_fz.pth,,,True,8.0,32,head,False,float16,True,True,True,False,False,40.51,0.0,0.7754,85.867974,,,,,120.51
server-3090,3702,soyageing,beitv2_base_patch16_224_in22k,0,224,64,/hdd/edwin/results_backbones/cal_ckpts/soyageing_beitv2_base_patch16_224_in22k_cal.pth,,,True,8.0,128,head,False,float16,True,True,True,False,False,70.95,0.0,1.0254,90.597376,,,,,551.02
server-3090,3702,soyageing,beitv2_base_patch16_224_in22k,0,224,64,/hdd/edwin/results_backbones/ft_ckpts/soyageing_beitv2_base_patch16_224_in22k.pth,,,True,8.0,128,head,False,float16,True,True,True,False,False,43.17,0.0,0.7461,85.85895,,,,,119.79
server-3090,3702,soyageing,beitv2_base_patch16_224_in22k,0,224,64,/hdd/edwin/results_backbones/fz_ckpts/soyageing_beitv2_base_patch16_224_in22k_fz.pth,,,True,8.0,128,head,False,float16,True,True,True,False,False,26.12,0.0,0.7461,85.85895,,,,,119.64
server-3090,3702,soyageing,swin_base_patch4_window7_224_in22k,0,224,64,/hdd/edwin/results_backbones/cal_ckpts/soyageing_swin_base_patch4_window7_224_in22k_cal.pth,,,True,8.0,128,head,False,float16,True,True,True,False,False,53.88,0.0,1.873,93.155832,,,,,794.11
server-3090,3702,soyageing,swin_base_patch4_window7_224_in22k,0,224,64,/hdd/edwin/results_backbones/ft_ckpts/soyageing_swin_base_patch4_window7_224_in22k.pth,,,True,8.0,128,head,False,float16,True,True,True,False,False,51.09,0.0,1.5156,86.837886,,,,,133.65
server-3090,3702,soyageing,swin_base_patch4_window7_224_in22k,0,224,64,/hdd/edwin/results_backbones/fz_ckpts/soyageing_swin_base_patch4_window7_224_in22k_fz.pth,,,True,8.0,128,head,False,float16,True,True,True,False,False,37.88,0.0,1.5137,86.837886,,,,,121.59
server-3090,3702,soyageing,vit_b16,0,224,64,/hdd/edwin/results_backbones/cal_ckpts/soyageing_vit_b16_cal.pth,,,True,8.0,128,head,False,float16,True,True,True,False,False,36.71,0.0,1.1914,90.604864,,,,,676.6
server-3090,3702,soyageing,vit_b16,0,224,64,/hdd/edwin/results_backbones/ft_ckpts/soyageing_vit_b16.pth,,,True,8.0,128,head,False,float16,True,True,True,False,False,37.05,0.0,0.7695,85.867974,,,,,132.08
server-3090,3702,soyageing,vit_b16,0,224,64,/hdd/edwin/results_backbones/fz_ckpts/soyageing_vit_b16_fz.pth,,,True,8.0,128,head,False,float16,True,True,True,False,False,40.79,0.0,0.7695,85.867974,,,,,119.94
server-3090,3703,soyageing,beitv2_base_patch16_224_in22k,0,224,64,/hdd/edwin/results_backbones/cal_ckpts/soyageing_beitv2_base_patch16_224_in22k_cal.pth,,,True,8.0,512,head,False,float16,True,True,True,False,False,71.13,0.0,1.0234,90.597376,,,,,574.07
server-3090,3703,soyageing,beitv2_base_patch16_224_in22k,0,224,64,/hdd/edwin/results_backbones/ft_ckpts/soyageing_beitv2_base_patch16_224_in22k.pth,,,True,8.0,512,head,False,float16,True,True,True,False,False,43.01,0.0,0.7441,85.85895,,,,,120.48
server-3090,3703,soyageing,beitv2_base_patch16_224_in22k,0,224,64,/hdd/edwin/results_backbones/fz_ckpts/soyageing_beitv2_base_patch16_224_in22k_fz.pth,,,True,8.0,512,head,False,float16,True,True,True,False,False,26.04,0.0,0.7441,85.85895,,,,,124.88
server-3090,3703,soyageing,swin_base_patch4_window7_224_in22k,0,224,64,/hdd/edwin/results_backbones/cal_ckpts/soyageing_swin_base_patch4_window7_224_in22k_cal.pth,,,True,8.0,512,head,False,float16,True,True,True,False,False,53.72,0.0,1.8711,93.155832,,,,,713.75
server-3090,3703,soyageing,swin_base_patch4_window7_224_in22k,0,224,64,/hdd/edwin/results_backbones/ft_ckpts/soyageing_swin_base_patch4_window7_224_in22k.pth,,,True,8.0,512,head,False,float16,True,True,True,False,False,50.97,0.0,1.5117,86.837886,,,,,123.39
server-3090,3703,soyageing,swin_base_patch4_window7_224_in22k,0,224,64,/hdd/edwin/results_backbones/fz_ckpts/soyageing_swin_base_patch4_window7_224_in22k_fz.pth,,,True,8.0,512,head,False,float16,True,True,True,False,False,37.9,0.0,1.5137,86.837886,,,,,123.26
server-3090,3703,soyageing,vit_b16,0,224,64,/hdd/edwin/results_backbones/cal_ckpts/soyageing_vit_b16_cal.pth,,,True,8.0,512,head,False,float16,True,True,True,False,False,36.46,0.0,1.1914,90.604864,,,,,579.37
server-3090,3703,soyageing,vit_b16,0,224,64,/hdd/edwin/results_backbones/ft_ckpts/soyageing_vit_b16.pth,,,True,8.0,512,head,False,float16,True,True,True,False,False,37.15,0.0,0.7695,85.867974,,,,,121.65
server-3090,3703,soyageing,vit_b16,0,224,64,/hdd/edwin/results_backbones/fz_ckpts/soyageing_vit_b16_fz.pth,,,True,8.0,512,head,False,float16,True,True,True,False,False,40.57,0.0,0.7695,85.867974,,,,,125.36
server-3090,3999,soyageing,beitv2_base_patch16_224_in22k,0,224,64,/hdd/edwin/results_backbones/cal_ckpts/soyageing_beitv2_base_patch16_224_in22k_cal.pth,,,False,4.0,64,head,False,float16,True,True,True,False,False,,,,,71.05,0.0,1.293,90.652672,458.98
server-3090,3999,soyageing,beitv2_base_patch16_224_in22k,0,224,64,/hdd/edwin/results_backbones/ft_ckpts/soyageing_beitv2_base_patch16_224_in22k.pth,,,False,4.0,64,head,False,float16,True,True,True,False,False,,,,,43.27,0.0,0.9062,85.914246,111.33
server-3090,3999,soyageing,beitv2_base_patch16_224_in22k,0,224,64,/hdd/edwin/results_backbones/fz_ckpts/soyageing_beitv2_base_patch16_224_in22k_fz.pth,,,False,4.0,64,head,False,float16,True,True,True,False,False,,,,,26.4,0.0,0.9062,85.914246,119.22
server-3090,3999,soyageing,swin_base_patch4_window7_224_in22k,0,224,64,/hdd/edwin/results_backbones/cal_ckpts/soyageing_swin_base_patch4_window7_224_in22k_cal.pth,,,False,4.0,64,head,False,float16,True,True,True,False,False,,,,,53.58,0.0,2.334,93.26412,646.19
server-3090,3999,soyageing,swin_base_patch4_window7_224_in22k,0,224,64,/hdd/edwin/results_backbones/ft_ckpts/soyageing_swin_base_patch4_window7_224_in22k.pth,,,False,4.0,64,head,False,float16,True,True,True,False,False,,,,,50.99,0.0,1.7461,86.946174,113.71
server-3090,3999,soyageing,swin_base_patch4_window7_224_in22k,0,224,64,/hdd/edwin/results_backbones/fz_ckpts/soyageing_swin_base_patch4_window7_224_in22k_fz.pth,,,False,4.0,64,head,False,float16,True,True,True,False,False,,,,,38.2,0.0,1.7461,86.946174,124.49
server-3090,3999,soyageing,vit_b16,0,224,64,/hdd/edwin/results_backbones/cal_ckpts/soyageing_vit_b16_cal.pth,,,False,4.0,64,head,False,float16,True,True,True,False,False,,,,,36.69,0.0,1.4512,90.687808,591.8
server-3090,3999,soyageing,vit_b16,0,224,64,/hdd/edwin/results_backbones/ft_ckpts/soyageing_vit_b16.pth,,,False,4.0,64,head,False,float16,True,True,True,False,False,,,,,37.25,0.0,1.0059,85.950918,110.94
server-3090,3999,soyageing,vit_b16,0,224,64,/hdd/edwin/results_backbones/fz_ckpts/soyageing_vit_b16_fz.pth,,,False,4.0,64,head,False,float16,True,True,True,False,False,,,,,40.57,0.0,1.0059,85.950918,120.83
server-3090,3000,soyglobal,beitv2_base_patch16_224_in22k,0,224,64,/hdd/edwin/results_backbones/cal_ckpts/soyglobal_beitv2_base_patch16_224_in22k_cal.pth,,,True,1.0,8,head,False,float16,True,True,True,False,False,0.05,0.0,1.3789,17.36704,,,,,676.26
server-3090,3000,soyglobal,beitv2_base_patch16_224_in22k,0,224,64,/hdd/edwin/results_backbones/ft_ckpts/soyglobal_beitv2_base_patch16_224_in22k.pth,,,True,1.0,8,head,False,float16,True,True,True,False,False,0.86,0.0,0.5547,12.879186,,,,,122.15
server-3090,3000,soyglobal,beitv2_base_patch16_224_in22k,0,224,64,/hdd/edwin/results_backbones/fz_ckpts/soyglobal_beitv2_base_patch16_224_in22k_fz.pth,,,True,1.0,8,head,False,float16,True,True,True,False,False,0.03,0.0,0.5527,12.879186,,,,,122.23
server-3090,3000,soyglobal,swin_base_patch4_window7_224_in22k,0,224,64,/hdd/edwin/results_backbones/cal_ckpts/soyglobal_swin_base_patch4_window7_224_in22k_cal.pth,,,True,1.0,8,head,False,float16,True,True,True,False,False,0.12,0.0,2.1094,18.911736,,,,,859.22
server-3090,3000,soyglobal,swin_base_patch4_window7_224_in22k,0,224,64,/hdd/edwin/results_backbones/ft_ckpts/soyglobal_swin_base_patch4_window7_224_in22k.pth,,,True,1.0,8,head,False,float16,True,True,True,False,False,0.07,0.0,1.4668,12.927306,,,,,125.65
server-3090,3000,soyglobal,swin_base_patch4_window7_224_in22k,0,224,64,/hdd/edwin/results_backbones/fz_ckpts/soyglobal_swin_base_patch4_window7_224_in22k_fz.pth,,,True,1.0,8,head,False,float16,True,True,True,False,False,0.05,0.0,1.4668,12.927306,,,,,126.95
server-3090,3000,soyglobal,vit_b16,0,224,64,/hdd/edwin/results_backbones/cal_ckpts/soyglobal_vit_b16_cal.pth,,,True,1.0,8,head,False,float16,True,True,True,False,False,0.12,0.0,1.375,17.374528,,,,,767.2
server-3090,3000,soyglobal,vit_b16,0,224,64,/hdd/edwin/results_backbones/ft_ckpts/soyglobal_vit_b16.pth,,,True,1.0,8,head,False,float16,True,True,True,False,False,0.07,0.0,0.6152,12.88821,,,,,121.43
server-3090,3000,soyglobal,vit_b16,0,224,64,/hdd/edwin/results_backbones/fz_ckpts/soyglobal_vit_b16_fz.pth,,,True,1.0,8,head,False,float16,True,True,True,False,False,0.17,0.0,0.6133,12.88821,,,,,123.37
server-3090,3001,soyglobal,beitv2_base_patch16_224_in22k,0,224,64,/hdd/edwin/results_backbones/cal_ckpts/soyglobal_beitv2_base_patch16_224_in22k_cal.pth,,,True,1.0,32,head,False,float16,True,True,True,False,False,0.07,0.0,1.2422,17.36704,,,,,626.12
server-3090,3001,soyglobal,beitv2_base_patch16_224_in22k,0,224,64,/hdd/edwin/results_backbones/ft_ckpts/soyglobal_beitv2_base_patch16_224_in22k.pth,,,True,1.0,32,head,False,float16,True,True,True,False,False,0.57,0.0,0.5234,12.879186,,,,,122.48
server-3090,3001,soyglobal,beitv2_base_patch16_224_in22k,0,224,64,/hdd/edwin/results_backbones/fz_ckpts/soyglobal_beitv2_base_patch16_224_in22k_fz.pth,,,True,1.0,32,head,False,float16,True,True,True,False,False,0.05,0.0,0.5234,12.879186,,,,,122.45
server-3090,3001,soyglobal,swin_base_patch4_window7_224_in22k,0,224,64,/hdd/edwin/results_backbones/cal_ckpts/soyglobal_swin_base_patch4_window7_224_in22k_cal.pth,,,True,1.0,32,head,False,float16,True,True,True,False,False,0.0,0.0,2.0527,18.911736,,,,,844.47
server-3090,3001,soyglobal,swin_base_patch4_window7_224_in22k,0,224,64,/hdd/edwin/results_backbones/ft_ckpts/soyglobal_swin_base_patch4_window7_224_in22k.pth,,,True,1.0,32,head,False,float16,True,True,True,False,False,0.1,0.0,1.4375,12.927306,,,,,126.55
server-3090,3001,soyglobal,swin_base_patch4_window7_224_in22k,0,224,64,/hdd/edwin/results_backbones/fz_ckpts/soyglobal_swin_base_patch4_window7_224_in22k_fz.pth,,,True,1.0,32,head,False,float16,True,True,True,False,False,0.09,0.0,1.4375,12.927306,,,,,125.88
server-3090,3001,soyglobal,vit_b16,0,224,64,/hdd/edwin/results_backbones/cal_ckpts/soyglobal_vit_b16_cal.pth,,,True,1.0,32,head,False,float16,True,True,True,False,False,0.03,0.0,1.2383,17.374528,,,,,735.43
server-3090,3001,soyglobal,vit_b16,0,224,64,/hdd/edwin/results_backbones/ft_ckpts/soyglobal_vit_b16.pth,,,True,1.0,32,head,False,float16,True,True,True,False,False,0.02,0.0,0.582,12.88821,,,,,122.13
server-3090,3001,soyglobal,vit_b16,0,224,64,/hdd/edwin/results_backbones/fz_ckpts/soyglobal_vit_b16_fz.pth,,,True,1.0,32,head,False,float16,True,True,True,False,False,0.09,0.0,0.582,12.88821,,,,,124.12
server-3090,3002,soyglobal,beitv2_base_patch16_224_in22k,0,224,64,/hdd/edwin/results_backbones/cal_ckpts/soyglobal_beitv2_base_patch16_224_in22k_cal.pth,,,True,1.0,128,head,False,float16,True,True,True,False,False,0.09,0.0,1.2051,17.36704,,,,,658.68
server-3090,3002,soyglobal,beitv2_base_patch16_224_in22k,0,224,64,/hdd/edwin/results_backbones/ft_ckpts/soyglobal_beitv2_base_patch16_224_in22k.pth,,,True,1.0,128,head,False,float16,True,True,True,False,False,0.19,0.0,0.5156,12.879186,,,,,124.46
server-3090,3002,soyglobal,beitv2_base_patch16_224_in22k,0,224,64,/hdd/edwin/results_backbones/fz_ckpts/soyglobal_beitv2_base_patch16_224_in22k_fz.pth,,,True,1.0,128,head,False,float16,True,True,True,False,False,0.07,0.0,0.5156,12.879186,,,,,124.09
server-3090,3002,soyglobal,swin_base_patch4_window7_224_in22k,0,224,64,/hdd/edwin/results_backbones/cal_ckpts/soyglobal_swin_base_patch4_window7_224_in22k_cal.pth,,,True,1.0,128,head,False,float16,True,True,True,False,False,0.03,0.0,2.0312,18.911736,,,,,793.35
server-3090,3002,soyglobal,swin_base_patch4_window7_224_in22k,0,224,64,/hdd/edwin/results_backbones/ft_ckpts/soyglobal_swin_base_patch4_window7_224_in22k.pth,,,True,1.0,128,head,False,float16,True,True,True,False,False,0.05,0.0,1.4297,12.927306,,,,,126.72
server-3090,3002,soyglobal,swin_base_patch4_window7_224_in22k,0,224,64,/hdd/edwin/results_backbones/fz_ckpts/soyglobal_swin_base_patch4_window7_224_in22k_fz.pth,,,True,1.0,128,head,False,float16,True,True,True,False,False,0.02,0.0,1.4297,12.927306,,,,,127.52
server-3090,3002,soyglobal,vit_b16,0,224,64,/hdd/edwin/results_backbones/cal_ckpts/soyglobal_vit_b16_cal.pth,,,True,1.0,128,head,False,float16,True,True,True,False,False,0.05,0.0,1.2012,17.374528,,,,,722.71
server-3090,3002,soyglobal,vit_b16,0,224,64,/hdd/edwin/results_backbones/ft_ckpts/soyglobal_vit_b16.pth,,,True,1.0,128,head,False,float16,True,True,True,False,False,0.07,0.0,0.5742,12.88821,,,,,123.87
server-3090,3002,soyglobal,vit_b16,0,224,64,/hdd/edwin/results_backbones/fz_ckpts/soyglobal_vit_b16_fz.pth,,,True,1.0,128,head,False,float16,True,True,True,False,False,0.07,0.0,0.5742,12.88821,,,,,125.78
server-3090,3003,soyglobal,beitv2_base_patch16_224_in22k,0,224,64,/hdd/edwin/results_backbones/cal_ckpts/soyglobal_beitv2_base_patch16_224_in22k_cal.pth,,,True,1.0,512,head,False,float16,True,True,True,False,False,0.09,0.0,1.2031,17.36704,,,,,659.87
server-3090,3003,soyglobal,beitv2_base_patch16_224_in22k,0,224,64,/hdd/edwin/results_backbones/ft_ckpts/soyglobal_beitv2_base_patch16_224_in22k.pth,,,True,1.0,512,head,False,float16,True,True,True,False,False,0.05,0.0,0.5137,12.879186,,,,,122.54
server-3090,3003,soyglobal,beitv2_base_patch16_224_in22k,0,224,64,/hdd/edwin/results_backbones/fz_ckpts/soyglobal_beitv2_base_patch16_224_in22k_fz.pth,,,True,1.0,512,head,False,float16,True,True,True,False,False,0.02,0.0,0.5137,12.879186,,,,,122.74
server-3090,3003,soyglobal,swin_base_patch4_window7_224_in22k,0,224,64,/hdd/edwin/results_backbones/cal_ckpts/soyglobal_swin_base_patch4_window7_224_in22k_cal.pth,,,True,1.0,512,head,False,float16,True,True,True,False,False,0.05,0.0,2.0273,18.911736,,,,,845.81
server-3090,3003,soyglobal,swin_base_patch4_window7_224_in22k,0,224,64,/hdd/edwin/results_backbones/ft_ckpts/soyglobal_swin_base_patch4_window7_224_in22k.pth,,,True,1.0,512,head,False,float16,True,True,True,False,False,0.05,0.0,1.4277,12.927306,,,,,125.37
server-3090,3003,soyglobal,swin_base_patch4_window7_224_in22k,0,224,64,/hdd/edwin/results_backbones/fz_ckpts/soyglobal_swin_base_patch4_window7_224_in22k_fz.pth,,,True,1.0,512,head,False,float16,True,True,True,False,False,0.05,0.0,1.4258,12.927306,,,,,125.98
server-3090,3003,soyglobal,vit_b16,0,224,64,/hdd/edwin/results_backbones/cal_ckpts/soyglobal_vit_b16_cal.pth,,,True,1.0,512,head,False,float16,True,True,True,False,False,0.05,0.0,1.1992,17.374528,,,,,751.42
server-3090,3003,soyglobal,vit_b16,0,224,64,/hdd/edwin/results_backbones/ft_ckpts/soyglobal_vit_b16.pth,,,True,1.0,512,head,False,float16,True,True,True,False,False,0.05,0.0,0.5723,12.88821,,,,,124.21
server-3090,3003,soyglobal,vit_b16,0,224,64,/hdd/edwin/results_backbones/fz_ckpts/soyglobal_vit_b16_fz.pth,,,True,1.0,512,head,False,float16,True,True,True,False,False,0.1,0.0,0.5723,12.88821,,,,,127.3
server-3090,3100,soyglobal,beitv2_base_patch16_224_in22k,0,224,64,/hdd/edwin/results_backbones/cal_ckpts/soyglobal_beitv2_base_patch16_224_in22k_cal.pth,,,True,1.58,8,head,False,float16,True,True,True,False,False,2.34,0.0,1.3906,33.937408,,,,,657.78
server-3090,3100,soyglobal,beitv2_base_patch16_224_in22k,0,224,64,/hdd/edwin/results_backbones/ft_ckpts/soyglobal_beitv2_base_patch16_224_in22k.pth,,,True,1.58,8,head,False,float16,True,True,True,False,False,2.53,0.0,0.5664,23.496018,,,,,129.04
server-3090,3100,soyglobal,beitv2_base_patch16_224_in22k,0,224,64,/hdd/edwin/results_backbones/fz_ckpts/soyglobal_beitv2_base_patch16_224_in22k_fz.pth,,,True,1.58,8,head,False,float16,True,True,True,False,False,0.12,0.0,0.5664,23.496018,,,,,128.91
server-3090,3100,soyglobal,swin_base_patch4_window7_224_in22k,0,224,64,/hdd/edwin/results_backbones/cal_ckpts/soyglobal_swin_base_patch4_window7_224_in22k_cal.pth,,,True,1.58,8,head,False,float16,True,True,True,False,False,41.42,0.0,2.1191,37.663224,,,,,1144.49
server-3090,3100,soyglobal,swin_base_patch4_window7_224_in22k,0,224,64,/hdd/edwin/results_backbones/ft_ckpts/soyglobal_swin_base_patch4_window7_224_in22k.pth,,,True,1.58,8,head,False,float16,True,True,True,False,False,1.34,0.0,1.4766,23.740746,,,,,131.85
server-3090,3100,soyglobal,swin_base_patch4_window7_224_in22k,0,224,64,/hdd/edwin/results_backbones/fz_ckpts/soyglobal_swin_base_patch4_window7_224_in22k_fz.pth,,,True,1.58,8,head,False,float16,True,True,True,False,False,3.47,0.0,1.4766,23.740746,,,,,133.52
server-3090,3100,soyglobal,vit_b16,0,224,64,/hdd/edwin/results_backbones/cal_ckpts/soyglobal_vit_b16_cal.pth,,,True,1.58,8,head,False,float16,True,True,True,False,False,4.51,0.0,1.3848,33.944896,,,,,1245.7
server-3090,3100,soyglobal,vit_b16,0,224,64,/hdd/edwin/results_backbones/ft_ckpts/soyglobal_vit_b16.pth,,,True,1.58,8,head,False,float16,True,True,True,False,False,9.46,0.0,0.625,23.505042,,,,,129.17
server-3090,3100,soyglobal,vit_b16,0,224,64,/hdd/edwin/results_backbones/fz_ckpts/soyglobal_vit_b16_fz.pth,,,True,1.58,8,head,False,float16,True,True,True,False,False,3.46,0.0,0.625,23.505042,,,,,129.96
server-3090,3101,soyglobal,beitv2_base_patch16_224_in22k,0,224,64,/hdd/edwin/results_backbones/cal_ckpts/soyglobal_beitv2_base_patch16_224_in22k_cal.pth,,,True,1.58,32,head,False,float16,True,True,True,False,False,0.33,0.0,1.252,33.937408,,,,,672.48
server-3090,3101,soyglobal,beitv2_base_patch16_224_in22k,0,224,64,/hdd/edwin/results_backbones/ft_ckpts/soyglobal_beitv2_base_patch16_224_in22k.pth,,,True,1.58,32,head,False,float16,True,True,True,False,False,1.69,0.0,0.5332,23.496018,,,,,122.2
server-3090,3101,soyglobal,beitv2_base_patch16_224_in22k,0,224,64,/hdd/edwin/results_backbones/fz_ckpts/soyglobal_beitv2_base_patch16_224_in22k_fz.pth,,,True,1.58,32,head,False,float16,True,True,True,False,False,0.0,0.0,0.5332,23.496018,,,,,122.8
server-3090,3101,soyglobal,swin_base_patch4_window7_224_in22k,0,224,64,/hdd/edwin/results_backbones/cal_ckpts/soyglobal_swin_base_patch4_window7_224_in22k_cal.pth,,,True,1.58,32,head,False,float16,True,True,True,False,False,2.56,0.0,2.0781,37.663224,,,,,845.62
server-3090,3101,soyglobal,swin_base_patch4_window7_224_in22k,0,224,64,/hdd/edwin/results_backbones/ft_ckpts/soyglobal_swin_base_patch4_window7_224_in22k.pth,,,True,1.58,32,head,False,float16,True,True,True,False,False,0.03,0.0,1.4473,23.740746,,,,,126.24
server-3090,3101,soyglobal,swin_base_patch4_window7_224_in22k,0,224,64,/hdd/edwin/results_backbones/fz_ckpts/soyglobal_swin_base_patch4_window7_224_in22k_fz.pth,,,True,1.58,32,head,False,float16,True,True,True,False,False,0.14,0.0,1.4473,23.740746,,,,,125.61
server-3090,3101,soyglobal,vit_b16,0,224,64,/hdd/edwin/results_backbones/cal_ckpts/soyglobal_vit_b16_cal.pth,,,True,1.58,32,head,False,float16,True,True,True,False,False,0.07,0.0,1.248,33.944896,,,,,756.47
server-3090,3101,soyglobal,vit_b16,0,224,64,/hdd/edwin/results_backbones/ft_ckpts/soyglobal_vit_b16.pth,,,True,1.58,32,head,False,float16,True,True,True,False,False,0.65,0.0,0.5938,23.505042,,,,,121.35
server-3090,3101,soyglobal,vit_b16,0,224,64,/hdd/edwin/results_backbones/fz_ckpts/soyglobal_vit_b16_fz.pth,,,True,1.58,32,head,False,float16,True,True,True,False,False,0.29,0.0,0.5938,23.505042,,,,,123.54
server-3090,3102,soyglobal,beitv2_base_patch16_224_in22k,0,224,64,/hdd/edwin/results_backbones/cal_ckpts/soyglobal_beitv2_base_patch16_224_in22k_cal.pth,,,True,1.58,128,head,False,float16,True,True,True,False,False,0.05,0.0,1.2148,33.937408,,,,,620.0
server-3090,3102,soyglobal,beitv2_base_patch16_224_in22k,0,224,64,/hdd/edwin/results_backbones/ft_ckpts/soyglobal_beitv2_base_patch16_224_in22k.pth,,,True,1.58,128,head,False,float16,True,True,True,False,False,0.6,0.0,0.5254,23.496018,,,,,121.24
server-3090,3102,soyglobal,beitv2_base_patch16_224_in22k,0,224,64,/hdd/edwin/results_backbones/fz_ckpts/soyglobal_beitv2_base_patch16_224_in22k_fz.pth,,,True,1.58,128,head,False,float16,True,True,True,False,False,0.05,0.0,0.5254,23.496018,,,,,122.38
server-3090,3102,soyglobal,swin_base_patch4_window7_224_in22k,0,224,64,/hdd/edwin/results_backbones/cal_ckpts/soyglobal_swin_base_patch4_window7_224_in22k_cal.pth,,,True,1.58,128,head,False,float16,True,True,True,False,False,0.0,0.0,2.0527,37.663224,,,,,809.06
server-3090,3102,soyglobal,swin_base_patch4_window7_224_in22k,0,224,64,/hdd/edwin/results_backbones/ft_ckpts/soyglobal_swin_base_patch4_window7_224_in22k.pth,,,True,1.58,128,head,False,float16,True,True,True,False,False,0.12,0.0,1.4395,23.740746,,,,,123.93
server-3090,3102,soyglobal,swin_base_patch4_window7_224_in22k,0,224,64,/hdd/edwin/results_backbones/fz_ckpts/soyglobal_swin_base_patch4_window7_224_in22k_fz.pth,,,True,1.58,128,head,False,float16,True,True,True,False,False,0.05,0.0,1.4395,23.740746,,,,,124.79
server-3090,3102,soyglobal,vit_b16,0,224,64,/hdd/edwin/results_backbones/cal_ckpts/soyglobal_vit_b16_cal.pth,,,True,1.58,128,head,False,float16,True,True,True,False,False,0.0,0.0,1.2109,33.944896,,,,,713.43
server-3090,3102,soyglobal,vit_b16,0,224,64,/hdd/edwin/results_backbones/ft_ckpts/soyglobal_vit_b16.pth,,,True,1.58,128,head,False,float16,True,True,True,False,False,0.02,0.0,0.5859,23.505042,,,,,121.57
server-3090,3102,soyglobal,vit_b16,0,224,64,/hdd/edwin/results_backbones/fz_ckpts/soyglobal_vit_b16_fz.pth,,,True,1.58,128,head,False,float16,True,True,True,False,False,0.07,0.0,0.5859,23.505042,,,,,123.61
server-3090,3103,soyglobal,beitv2_base_patch16_224_in22k,0,224,64,/hdd/edwin/results_backbones/cal_ckpts/soyglobal_beitv2_base_patch16_224_in22k_cal.pth,,,True,1.58,512,head,False,float16,True,True,True,False,False,0.07,0.0,1.2129,33.937408,,,,,637.15
server-3090,3103,soyglobal,beitv2_base_patch16_224_in22k,0,224,64,/hdd/edwin/results_backbones/ft_ckpts/soyglobal_beitv2_base_patch16_224_in22k.pth,,,True,1.58,512,head,False,float16,True,True,True,False,False,0.17,0.0,0.5234,23.496018,,,,,123.84
server-3090,3103,soyglobal,beitv2_base_patch16_224_in22k,0,224,64,/hdd/edwin/results_backbones/fz_ckpts/soyglobal_beitv2_base_patch16_224_in22k_fz.pth,,,True,1.58,512,head,False,float16,True,True,True,False,False,0.05,0.0,0.5234,23.496018,,,,,125.37
server-3090,3103,soyglobal,swin_base_patch4_window7_224_in22k,0,224,64,/hdd/edwin/results_backbones/cal_ckpts/soyglobal_swin_base_patch4_window7_224_in22k_cal.pth,,,True,1.58,512,head,False,float16,True,True,True,False,False,0.12,0.0,2.0508,37.663224,,,,,806.24
server-3090,3103,soyglobal,swin_base_patch4_window7_224_in22k,0,224,64,/hdd/edwin/results_backbones/ft_ckpts/soyglobal_swin_base_patch4_window7_224_in22k.pth,,,True,1.58,512,head,False,float16,True,True,True,False,False,0.05,0.0,1.4375,23.740746,,,,,126.31
server-3090,3103,soyglobal,swin_base_patch4_window7_224_in22k,0,224,64,/hdd/edwin/results_backbones/fz_ckpts/soyglobal_swin_base_patch4_window7_224_in22k_fz.pth,,,True,1.58,512,head,False,float16,True,True,True,False,False,0.03,0.0,1.4375,23.740746,,,,,126.22
server-3090,3103,soyglobal,vit_b16,0,224,64,/hdd/edwin/results_backbones/cal_ckpts/soyglobal_vit_b16_cal.pth,,,True,1.58,512,head,False,float16,True,True,True,False,False,0.03,0.0,1.209,33.944896,,,,,710.89
server-3090,3103,soyglobal,vit_b16,0,224,64,/hdd/edwin/results_backbones/ft_ckpts/soyglobal_vit_b16.pth,,,True,1.58,512,head,False,float16,True,True,True,False,False,0.07,0.0,0.584,23.505042,,,,,124.49
server-3090,3103,soyglobal,vit_b16,0,224,64,/hdd/edwin/results_backbones/fz_ckpts/soyglobal_vit_b16_fz.pth,,,True,1.58,512,head,False,float16,True,True,True,False,False,0.03,0.0,0.584,23.505042,,,,,124.92
server-3090,3200,soyglobal,beitv2_base_patch16_224_in22k,0,224,64,/hdd/edwin/results_backbones/cal_ckpts/soyglobal_beitv2_base_patch16_224_in22k_cal.pth,,,True,2.0,8,head,False,float16,True,True,True,False,False,21.41,0.0,1.3906,33.937408,,,,,658.24
server-3090,3200,soyglobal,beitv2_base_patch16_224_in22k,0,224,64,/hdd/edwin/results_backbones/ft_ckpts/soyglobal_beitv2_base_patch16_224_in22k.pth,,,True,2.0,8,head,False,float16,True,True,True,False,False,2.72,0.0,0.5664,23.496018,,,,,122.24
server-3090,3200,soyglobal,beitv2_base_patch16_224_in22k,0,224,64,/hdd/edwin/results_backbones/fz_ckpts/soyglobal_beitv2_base_patch16_224_in22k_fz.pth,,,True,2.0,8,head,False,float16,True,True,True,False,False,1.08,0.0,0.5664,23.496018,,,,,122.98
server-3090,3200,soyglobal,swin_base_patch4_window7_224_in22k,0,224,64,/hdd/edwin/results_backbones/cal_ckpts/soyglobal_swin_base_patch4_window7_224_in22k_cal.pth,,,True,2.0,8,head,False,float16,True,True,True,False,False,45.3,0.0,2.1543,37.663224,,,,,833.53
server-3090,3200,soyglobal,swin_base_patch4_window7_224_in22k,0,224,64,/hdd/edwin/results_backbones/ft_ckpts/soyglobal_swin_base_patch4_window7_224_in22k.pth,,,True,2.0,8,head,False,float16,True,True,True,False,False,2.51,0.0,1.4766,23.740746,,,,,126.04
server-3090,3200,soyglobal,swin_base_patch4_window7_224_in22k,0,224,64,/hdd/edwin/results_backbones/fz_ckpts/soyglobal_swin_base_patch4_window7_224_in22k_fz.pth,,,True,2.0,8,head,False,float16,True,True,True,False,False,8.46,0.0,1.4766,23.740746,,,,,127.26
server-3090,3200,soyglobal,vit_b16,0,224,64,/hdd/edwin/results_backbones/cal_ckpts/soyglobal_vit_b16_cal.pth,,,True,2.0,8,head,False,float16,True,True,True,False,False,14.6,0.0,1.3848,33.944896,,,,,745.02
server-3090,3200,soyglobal,vit_b16,0,224,64,/hdd/edwin/results_backbones/ft_ckpts/soyglobal_vit_b16.pth,,,True,2.0,8,head,False,float16,True,True,True,False,False,14.34,0.0,0.625,23.505042,,,,,120.94
server-3090,3200,soyglobal,vit_b16,0,224,64,/hdd/edwin/results_backbones/fz_ckpts/soyglobal_vit_b16_fz.pth,,,True,2.0,8,head,False,float16,True,True,True,False,False,7.96,0.0,0.625,23.505042,,,,,123.44
server-3090,3201,soyglobal,beitv2_base_patch16_224_in22k,0,224,64,/hdd/edwin/results_backbones/cal_ckpts/soyglobal_beitv2_base_patch16_224_in22k_cal.pth,,,True,2.0,32,head,False,float16,True,True,True,False,False,0.77,0.0,1.252,33.937408,,,,,634.78
server-3090,3201,soyglobal,beitv2_base_patch16_224_in22k,0,224,64,/hdd/edwin/results_backbones/ft_ckpts/soyglobal_beitv2_base_patch16_224_in22k.pth,,,True,2.0,32,head,False,float16,True,True,True,False,False,2.39,0.0,0.5332,23.496018,,,,,120.78
server-3090,3201,soyglobal,beitv2_base_patch16_224_in22k,0,224,64,/hdd/edwin/results_backbones/fz_ckpts/soyglobal_beitv2_base_patch16_224_in22k_fz.pth,,,True,2.0,32,head,False,float16,True,True,True,False,False,0.12,0.0,0.5332,23.496018,,,,,123.19
server-3090,3201,soyglobal,swin_base_patch4_window7_224_in22k,0,224,64,/hdd/edwin/results_backbones/cal_ckpts/soyglobal_swin_base_patch4_window7_224_in22k_cal.pth,,,True,2.0,32,head,False,float16,True,True,True,False,False,34.14,0.0,2.0781,37.663224,,,,,773.62
server-3090,3201,soyglobal,swin_base_patch4_window7_224_in22k,0,224,64,/hdd/edwin/results_backbones/ft_ckpts/soyglobal_swin_base_patch4_window7_224_in22k.pth,,,True,2.0,32,head,False,float16,True,True,True,False,False,0.86,0.0,1.4492,23.740746,,,,,124.51
server-3090,3201,soyglobal,swin_base_patch4_window7_224_in22k,0,224,64,/hdd/edwin/results_backbones/fz_ckpts/soyglobal_swin_base_patch4_window7_224_in22k_fz.pth,,,True,2.0,32,head,False,float16,True,True,True,False,False,2.65,0.0,1.4473,23.740746,,,,,126.42
server-3090,3201,soyglobal,vit_b16,0,224,64,/hdd/edwin/results_backbones/cal_ckpts/soyglobal_vit_b16_cal.pth,,,True,2.0,32,head,False,float16,True,True,True,False,False,3.46,0.0,1.248,33.944896,,,,,744.86
server-3090,3201,soyglobal,vit_b16,0,224,64,/hdd/edwin/results_backbones/ft_ckpts/soyglobal_vit_b16.pth,,,True,2.0,32,head,False,float16,True,True,True,False,False,5.93,0.0,0.5938,23.505042,,,,,120.92
server-3090,3201,soyglobal,vit_b16,0,224,64,/hdd/edwin/results_backbones/fz_ckpts/soyglobal_vit_b16_fz.pth,,,True,2.0,32,head,False,float16,True,True,True,False,False,3.04,0.0,0.5938,23.505042,,,,,122.89
server-3090,3202,soyglobal,beitv2_base_patch16_224_in22k,0,224,64,/hdd/edwin/results_backbones/cal_ckpts/soyglobal_beitv2_base_patch16_224_in22k_cal.pth,,,True,2.0,128,head,False,float16,True,True,True,False,False,0.5,0.0,1.2148,33.937408,,,,,673.85
server-3090,3202,soyglobal,beitv2_base_patch16_224_in22k,0,224,64,/hdd/edwin/results_backbones/ft_ckpts/soyglobal_beitv2_base_patch16_224_in22k.pth,,,True,2.0,128,head,False,float16,True,True,True,False,False,1.75,0.0,0.5254,23.496018,,,,,122.65
server-3090,3202,soyglobal,beitv2_base_patch16_224_in22k,0,224,64,/hdd/edwin/results_backbones/fz_ckpts/soyglobal_beitv2_base_patch16_224_in22k_fz.pth,,,True,2.0,128,head,False,float16,True,True,True,False,False,0.05,0.0,0.5254,23.496018,,,,,121.66
server-3090,3202,soyglobal,swin_base_patch4_window7_224_in22k,0,224,64,/hdd/edwin/results_backbones/cal_ckpts/soyglobal_swin_base_patch4_window7_224_in22k_cal.pth,,,True,2.0,128,head,False,float16,True,True,True,False,False,16.49,0.0,2.0547,37.663224,,,,,845.71
server-3090,3202,soyglobal,swin_base_patch4_window7_224_in22k,0,224,64,/hdd/edwin/results_backbones/ft_ckpts/soyglobal_swin_base_patch4_window7_224_in22k.pth,,,True,2.0,128,head,False,float16,True,True,True,False,False,0.1,0.0,1.4395,23.740746,,,,,124.62
server-3090,3202,soyglobal,swin_base_patch4_window7_224_in22k,0,224,64,/hdd/edwin/results_backbones/fz_ckpts/soyglobal_swin_base_patch4_window7_224_in22k_fz.pth,,,True,2.0,128,head,False,float16,True,True,True,False,False,0.31,0.0,1.4395,23.740746,,,,,124.98
server-3090,3202,soyglobal,vit_b16,0,224,64,/hdd/edwin/results_backbones/cal_ckpts/soyglobal_vit_b16_cal.pth,,,True,2.0,128,head,False,float16,True,True,True,False,False,0.62,0.0,1.2109,33.944896,,,,,757.15
server-3090,3202,soyglobal,vit_b16,0,224,64,/hdd/edwin/results_backbones/ft_ckpts/soyglobal_vit_b16.pth,,,True,2.0,128,head,False,float16,True,True,True,False,False,0.34,0.0,0.5859,23.505042,,,,,121.84
server-3090,3202,soyglobal,vit_b16,0,224,64,/hdd/edwin/results_backbones/fz_ckpts/soyglobal_vit_b16_fz.pth,,,True,2.0,128,head,False,float16,True,True,True,False,False,0.26,0.0,0.5859,23.505042,,,,,122.29
server-3090,3203,soyglobal,beitv2_base_patch16_224_in22k,0,224,64,/hdd/edwin/results_backbones/cal_ckpts/soyglobal_beitv2_base_patch16_224_in22k_cal.pth,,,True,2.0,512,head,False,float16,True,True,True,False,False,0.07,0.0,1.2129,33.937408,,,,,659.03
server-3090,3203,soyglobal,beitv2_base_patch16_224_in22k,0,224,64,/hdd/edwin/results_backbones/ft_ckpts/soyglobal_beitv2_base_patch16_224_in22k.pth,,,True,2.0,512,head,False,float16,True,True,True,False,False,0.76,0.0,0.5234,23.496018,,,,,122.99
server-3090,3203,soyglobal,beitv2_base_patch16_224_in22k,0,224,64,/hdd/edwin/results_backbones/fz_ckpts/soyglobal_beitv2_base_patch16_224_in22k_fz.pth,,,True,2.0,512,head,False,float16,True,True,True,False,False,0.03,0.0,0.5234,23.496018,,,,,122.83
server-3090,3203,soyglobal,swin_base_patch4_window7_224_in22k,0,224,64,/hdd/edwin/results_backbones/cal_ckpts/soyglobal_swin_base_patch4_window7_224_in22k_cal.pth,,,True,2.0,512,head,False,float16,True,True,True,False,False,0.96,0.0,2.0508,37.663224,,,,,833.16
server-3090,3203,soyglobal,swin_base_patch4_window7_224_in22k,0,224,64,/hdd/edwin/results_backbones/ft_ckpts/soyglobal_swin_base_patch4_window7_224_in22k.pth,,,True,2.0,512,head,False,float16,True,True,True,False,False,0.1,0.0,1.4375,23.740746,,,,,125.54
server-3090,3203,soyglobal,swin_base_patch4_window7_224_in22k,0,224,64,/hdd/edwin/results_backbones/fz_ckpts/soyglobal_swin_base_patch4_window7_224_in22k_fz.pth,,,True,2.0,512,head,False,float16,True,True,True,False,False,0.07,0.0,1.4375,23.740746,,,,,126.6
server-3090,3203,soyglobal,vit_b16,0,224,64,/hdd/edwin/results_backbones/cal_ckpts/soyglobal_vit_b16_cal.pth,,,True,2.0,512,head,False,float16,True,True,True,False,False,0.02,0.0,1.209,33.944896,,,,,712.05
server-3090,3203,soyglobal,vit_b16,0,224,64,/hdd/edwin/results_backbones/ft_ckpts/soyglobal_vit_b16.pth,,,True,2.0,512,head,False,float16,True,True,True,False,False,0.02,0.0,0.584,23.505042,,,,,122.73
server-3090,3203,soyglobal,vit_b16,0,224,64,/hdd/edwin/results_backbones/fz_ckpts/soyglobal_vit_b16_fz.pth,,,True,2.0,512,head,False,float16,True,True,True,False,False,0.03,0.0,0.584,23.505042,,,,,125.09
server-3090,3300,soyglobal,beitv2_base_patch16_224_in22k,0,224,64,/hdd/edwin/results_backbones/cal_ckpts/soyglobal_beitv2_base_patch16_224_in22k_cal.pth,,,True,3.0,8,head,False,float16,True,True,True,False,False,37.36,0.0,1.4062,14.0532,,,,,660.88
server-3090,3300,soyglobal,beitv2_base_patch16_224_in22k,0,224,64,/hdd/edwin/results_backbones/ft_ckpts/soyglobal_beitv2_base_patch16_224_in22k.pth,,,True,3.0,8,head,False,float16,True,True,True,False,False,2.82,0.0,0.582,10.75605,,,,,125.84
server-3090,3300,soyglobal,beitv2_base_patch16_224_in22k,0,224,64,/hdd/edwin/results_backbones/fz_ckpts/soyglobal_beitv2_base_patch16_224_in22k_fz.pth,,,True,3.0,8,head,False,float16,True,True,True,False,False,3.47,0.0,0.5801,10.75605,,,,,129.37
server-3090,3300,soyglobal,swin_base_patch4_window7_224_in22k,0,224,64,/hdd/edwin/results_backbones/cal_ckpts/soyglobal_swin_base_patch4_window7_224_in22k_cal.pth,,,True,3.0,8,head,False,float16,True,True,True,False,False,50.64,0.0,2.1113,15.161888,,,,,815.99
server-3090,3300,soyglobal,swin_base_patch4_window7_224_in22k,0,224,64,/hdd/edwin/results_backbones/ft_ckpts/soyglobal_swin_base_patch4_window7_224_in22k.pth,,,True,3.0,8,head,False,float16,True,True,True,False,False,7.02,0.0,1.5215,10.765066,,,,,128.09
server-3090,3300,soyglobal,swin_base_patch4_window7_224_in22k,0,224,64,/hdd/edwin/results_backbones/fz_ckpts/soyglobal_swin_base_patch4_window7_224_in22k_fz.pth,,,True,3.0,8,head,False,float16,True,True,True,False,False,17.01,0.0,1.5215,10.765066,,,,,130.26
server-3090,3300,soyglobal,vit_b16,0,224,64,/hdd/edwin/results_backbones/cal_ckpts/soyglobal_vit_b16_cal.pth,,,True,3.0,8,head,False,float16,True,True,True,False,False,18.39,0.0,1.4004,14.060688,,,,,739.86
server-3090,3300,soyglobal,vit_b16,0,224,64,/hdd/edwin/results_backbones/ft_ckpts/soyglobal_vit_b16.pth,,,True,3.0,8,head,False,float16,True,True,True,False,False,17.11,0.0,0.6406,10.765074,,,,,127.34
server-3090,3300,soyglobal,vit_b16,0,224,64,/hdd/edwin/results_backbones/fz_ckpts/soyglobal_vit_b16_fz.pth,,,True,3.0,8,head,False,float16,True,True,True,False,False,11.46,0.0,0.6406,10.765074,,,,,127.82
server-3090,3301,soyglobal,beitv2_base_patch16_224_in22k,0,224,64,/hdd/edwin/results_backbones/cal_ckpts/soyglobal_beitv2_base_patch16_224_in22k_cal.pth,,,True,3.0,32,head,False,float16,True,True,True,False,False,23.17,0.0,1.2676,14.0536,,,,,531.59
server-3090,3301,soyglobal,beitv2_base_patch16_224_in22k,0,224,64,/hdd/edwin/results_backbones/ft_ckpts/soyglobal_beitv2_base_patch16_224_in22k.pth,,,True,3.0,32,head,False,float16,True,True,True,False,False,2.98,0.0,0.5449,10.756434,,,,,131.03
server-3090,3301,soyglobal,beitv2_base_patch16_224_in22k,0,224,64,/hdd/edwin/results_backbones/fz_ckpts/soyglobal_beitv2_base_patch16_224_in22k_fz.pth,,,True,3.0,32,head,False,float16,True,True,True,False,False,3.58,0.0,0.5469,10.756434,,,,,153.4
server-3090,3301,soyglobal,swin_base_patch4_window7_224_in22k,0,224,64,/hdd/edwin/results_backbones/cal_ckpts/soyglobal_swin_base_patch4_window7_224_in22k_cal.pth,,,True,3.0,32,head,False,float16,True,True,True,False,False,48.92,0.0,2.1406,15.16284,,,,,806.12
server-3090,3301,soyglobal,swin_base_patch4_window7_224_in22k,0,224,64,/hdd/edwin/results_backbones/ft_ckpts/soyglobal_swin_base_patch4_window7_224_in22k.pth,,,True,3.0,32,head,False,float16,True,True,True,False,False,5.47,0.0,1.5078,10.765994,,,,,142.43
server-3090,3301,soyglobal,swin_base_patch4_window7_224_in22k,0,224,64,/hdd/edwin/results_backbones/fz_ckpts/soyglobal_swin_base_patch4_window7_224_in22k_fz.pth,,,True,3.0,32,head,False,float16,True,True,True,False,False,12.32,0.0,1.5078,10.765994,,,,,166.6
server-3090,3301,soyglobal,vit_b16,0,224,64,/hdd/edwin/results_backbones/cal_ckpts/soyglobal_vit_b16_cal.pth,,,True,3.0,32,head,False,float16,True,True,True,False,False,12.75,0.0,1.2617,14.061856,,,,,1356.51
server-3090,3301,soyglobal,vit_b16,0,224,64,/hdd/edwin/results_backbones/ft_ckpts/soyglobal_vit_b16.pth,,,True,3.0,32,head,False,float16,True,True,True,False,False,16.56,0.0,0.6055,10.766226,,,,,133.3
server-3090,3301,soyglobal,vit_b16,0,224,64,/hdd/edwin/results_backbones/fz_ckpts/soyglobal_vit_b16_fz.pth,,,True,3.0,32,head,False,float16,True,True,True,False,False,10.2,0.0,0.6055,10.766226,,,,,147.76
server-3090,3302,soyglobal,beitv2_base_patch16_224_in22k,0,224,64,/hdd/edwin/results_backbones/cal_ckpts/soyglobal_beitv2_base_patch16_224_in22k_cal.pth,,,True,3.0,128,head,False,float16,True,True,True,False,False,11.63,0.0,1.2285,14.056704,,,,,608.16
server-3090,3302,soyglobal,beitv2_base_patch16_224_in22k,0,224,64,/hdd/edwin/results_backbones/ft_ckpts/soyglobal_beitv2_base_patch16_224_in22k.pth,,,True,3.0,128,head,False,float16,True,True,True,False,False,2.51,0.0,0.5371,10.759506,,,,,129.24
server-3090,3302,soyglobal,beitv2_base_patch16_224_in22k,0,224,64,/hdd/edwin/results_backbones/fz_ckpts/soyglobal_beitv2_base_patch16_224_in22k_fz.pth,,,True,3.0,128,head,False,float16,True,True,True,False,False,0.12,0.0,0.5371,10.759506,,,,,122.93
server-3090,3302,soyglobal,swin_base_patch4_window7_224_in22k,0,224,64,/hdd/edwin/results_backbones/cal_ckpts/soyglobal_swin_base_patch4_window7_224_in22k_cal.pth,,,True,3.0,128,head,False,float16,True,True,True,False,False,46.97,0.0,2.084,15.168632,,,,,704.7
server-3090,3302,soyglobal,swin_base_patch4_window7_224_in22k,0,224,64,/hdd/edwin/results_backbones/ft_ckpts/soyglobal_swin_base_patch4_window7_224_in22k.pth,,,True,3.0,128,head,False,float16,True,True,True,False,False,3.63,0.0,1.498,10.771786,,,,,136.69
server-3090,3302,soyglobal,swin_base_patch4_window7_224_in22k,0,224,64,/hdd/edwin/results_backbones/fz_ckpts/soyglobal_swin_base_patch4_window7_224_in22k_fz.pth,,,True,3.0,128,head,False,float16,True,True,True,False,False,6.78,0.0,1.498,10.771786,,,,,125.98
server-3090,3302,soyglobal,vit_b16,0,224,64,/hdd/edwin/results_backbones/cal_ckpts/soyglobal_vit_b16_cal.pth,,,True,3.0,128,head,False,float16,True,True,True,False,False,12.02,0.0,1.2344,14.064192,,,,,751.53
server-3090,3302,soyglobal,vit_b16,0,224,64,/hdd/edwin/results_backbones/ft_ckpts/soyglobal_vit_b16.pth,,,True,3.0,128,head,False,float16,True,True,True,False,False,14.12,0.0,0.5996,10.76853,,,,,130.95
server-3090,3302,soyglobal,vit_b16,0,224,64,/hdd/edwin/results_backbones/fz_ckpts/soyglobal_vit_b16_fz.pth,,,True,3.0,128,head,False,float16,True,True,True,False,False,9.24,0.0,0.5977,10.76853,,,,,128.13
server-3090,3303,soyglobal,beitv2_base_patch16_224_in22k,0,224,64,/hdd/edwin/results_backbones/cal_ckpts/soyglobal_beitv2_base_patch16_224_in22k_cal.pth,,,True,3.0,512,head,False,float16,True,True,True,False,False,1.69,0.0,1.2266,14.063104,,,,,855.3
server-3090,3303,soyglobal,beitv2_base_patch16_224_in22k,0,224,64,/hdd/edwin/results_backbones/ft_ckpts/soyglobal_beitv2_base_patch16_224_in22k.pth,,,True,3.0,512,head,False,float16,True,True,True,False,False,2.8,0.0,0.5371,10.76565,,,,,129.24
server-3090,3303,soyglobal,beitv2_base_patch16_224_in22k,0,224,64,/hdd/edwin/results_backbones/fz_ckpts/soyglobal_beitv2_base_patch16_224_in22k_fz.pth,,,True,3.0,512,head,False,float16,True,True,True,False,False,0.12,0.0,0.5371,10.76565,,,,,129.08
server-3090,3303,soyglobal,swin_base_patch4_window7_224_in22k,0,224,64,/hdd/edwin/results_backbones/cal_ckpts/soyglobal_swin_base_patch4_window7_224_in22k_cal.pth,,,True,3.0,512,head,False,float16,True,True,True,False,False,42.38,0.0,2.082,15.183864,,,,,1592.76
server-3090,3303,soyglobal,swin_base_patch4_window7_224_in22k,0,224,64,/hdd/edwin/results_backbones/ft_ckpts/soyglobal_swin_base_patch4_window7_224_in22k.pth,,,True,3.0,512,head,False,float16,True,True,True,False,False,2.25,0.0,1.4961,10.786634,,,,,140.7
server-3090,3303,soyglobal,swin_base_patch4_window7_224_in22k,0,224,64,/hdd/edwin/results_backbones/fz_ckpts/soyglobal_swin_base_patch4_window7_224_in22k_fz.pth,,,True,3.0,512,head,False,float16,True,True,True,False,False,5.42,0.0,1.4961,10.786634,,,,,133.94
server-3090,3303,soyglobal,vit_b16,0,224,64,/hdd/edwin/results_backbones/cal_ckpts/soyglobal_vit_b16_cal.pth,,,True,3.0,512,head,False,float16,True,True,True,False,False,6.43,0.0,1.2324,14.08288,,,,,1398.98
server-3090,3303,soyglobal,vit_b16,0,224,64,/hdd/edwin/results_backbones/ft_ckpts/soyglobal_vit_b16.pth,,,True,3.0,512,head,False,float16,True,True,True,False,False,11.3,0.0,0.5977,10.786962,,,,,132.55
server-3090,3303,soyglobal,vit_b16,0,224,64,/hdd/edwin/results_backbones/fz_ckpts/soyglobal_vit_b16_fz.pth,,,True,3.0,512,head,False,float16,True,True,True,False,False,5.64,0.0,0.5996,10.786962,,,,,131.7
server-3090,3400,soyglobal,beitv2_base_patch16_224_in22k,0,224,64,/hdd/edwin/results_backbones/cal_ckpts/soyglobal_beitv2_base_patch16_224_in22k_cal.pth,,,True,4.0,8,head,False,float16,True,True,True,False,False,39.32,0.0,1.5977,67.078144,,,,,600.96
server-3090,3400,soyglobal,beitv2_base_patch16_224_in22k,0,224,64,/hdd/edwin/results_backbones/ft_ckpts/soyglobal_beitv2_base_patch16_224_in22k.pth,,,True,4.0,8,head,False,float16,True,True,True,False,False,3.01,0.0,0.7734,44.729682,,,,,122.47
server-3090,3400,soyglobal,beitv2_base_patch16_224_in22k,0,224,64,/hdd/edwin/results_backbones/fz_ckpts/soyglobal_beitv2_base_patch16_224_in22k_fz.pth,,,True,4.0,8,head,False,float16,True,True,True,False,False,5.19,0.0,0.7734,44.729682,,,,,123.34
server-3090,3400,soyglobal,swin_base_patch4_window7_224_in22k,0,224,64,/hdd/edwin/results_backbones/cal_ckpts/soyglobal_swin_base_patch4_window7_224_in22k_cal.pth,,,True,4.0,8,head,False,float16,True,True,True,False,False,50.46,0.0,2.1934,75.1662,,,,,804.89
server-3090,3400,soyglobal,swin_base_patch4_window7_224_in22k,0,224,64,/hdd/edwin/results_backbones/ft_ckpts/soyglobal_swin_base_patch4_window7_224_in22k.pth,,,True,4.0,8,head,False,float16,True,True,True,False,False,7.22,0.0,1.5059,45.367626,,,,,126.18
server-3090,3400,soyglobal,swin_base_patch4_window7_224_in22k,0,224,64,/hdd/edwin/results_backbones/fz_ckpts/soyglobal_swin_base_patch4_window7_224_in22k_fz.pth,,,True,4.0,8,head,False,float16,True,True,True,False,False,21.02,0.0,1.5059,45.367626,,,,,129.8
server-3090,3400,soyglobal,vit_b16,0,224,64,/hdd/edwin/results_backbones/cal_ckpts/soyglobal_vit_b16_cal.pth,,,True,4.0,8,head,False,float16,True,True,True,False,False,19.93,0.0,1.5938,67.085632,,,,,867.41
server-3090,3400,soyglobal,vit_b16,0,224,64,/hdd/edwin/results_backbones/ft_ckpts/soyglobal_vit_b16.pth,,,True,4.0,8,head,False,float16,True,True,True,False,False,18.21,0.0,0.832,44.738706,,,,,122.88
server-3090,3400,soyglobal,vit_b16,0,224,64,/hdd/edwin/results_backbones/fz_ckpts/soyglobal_vit_b16_fz.pth,,,True,4.0,8,head,False,float16,True,True,True,False,False,13.0,0.0,0.832,44.738706,,,,,125.59
server-3090,3401,soyglobal,beitv2_base_patch16_224_in22k,0,224,64,/hdd/edwin/results_backbones/cal_ckpts/soyglobal_beitv2_base_patch16_224_in22k_cal.pth,,,True,4.0,32,head,False,float16,True,True,True,False,False,38.72,0.0,1.4492,67.078144,,,,,771.94
server-3090,3401,soyglobal,beitv2_base_patch16_224_in22k,0,224,64,/hdd/edwin/results_backbones/ft_ckpts/soyglobal_beitv2_base_patch16_224_in22k.pth,,,True,4.0,32,head,False,float16,True,True,True,False,False,2.84,0.0,0.7422,44.729682,,,,,126.73
server-3090,3401,soyglobal,beitv2_base_patch16_224_in22k,0,224,64,/hdd/edwin/results_backbones/fz_ckpts/soyglobal_beitv2_base_patch16_224_in22k_fz.pth,,,True,4.0,32,head,False,float16,True,True,True,False,False,5.35,0.0,0.7422,44.729682,,,,,138.26
server-3090,3401,soyglobal,swin_base_patch4_window7_224_in22k,0,224,64,/hdd/edwin/results_backbones/cal_ckpts/soyglobal_swin_base_patch4_window7_224_in22k_cal.pth,,,True,4.0,32,head,False,float16,True,True,True,False,False,50.86,0.0,2.1543,75.1662,,,,,866.63
server-3090,3401,soyglobal,swin_base_patch4_window7_224_in22k,0,224,64,/hdd/edwin/results_backbones/ft_ckpts/soyglobal_swin_base_patch4_window7_224_in22k.pth,,,True,4.0,32,head,False,float16,True,True,True,False,False,6.93,0.0,1.4746,45.367626,,,,,127.54
server-3090,3401,soyglobal,swin_base_patch4_window7_224_in22k,0,224,64,/hdd/edwin/results_backbones/fz_ckpts/soyglobal_swin_base_patch4_window7_224_in22k_fz.pth,,,True,4.0,32,head,False,float16,True,True,True,False,False,18.64,0.0,1.4746,45.367626,,,,,140.91
server-3090,3401,soyglobal,vit_b16,0,224,64,/hdd/edwin/results_backbones/cal_ckpts/soyglobal_vit_b16_cal.pth,,,True,4.0,32,head,False,float16,True,True,True,False,False,20.28,0.0,1.4863,67.085632,,,,,703.22
server-3090,3401,soyglobal,vit_b16,0,224,64,/hdd/edwin/results_backbones/ft_ckpts/soyglobal_vit_b16.pth,,,True,4.0,32,head,False,float16,True,True,True,False,False,19.35,0.0,0.8008,44.738706,,,,,125.12
server-3090,3401,soyglobal,vit_b16,0,224,64,/hdd/edwin/results_backbones/fz_ckpts/soyglobal_vit_b16_fz.pth,,,True,4.0,32,head,False,float16,True,True,True,False,False,13.85,0.0,0.8008,44.738706,,,,,128.85
server-3090,3402,soyglobal,beitv2_base_patch16_224_in22k,0,224,64,/hdd/edwin/results_backbones/cal_ckpts/soyglobal_beitv2_base_patch16_224_in22k_cal.pth,,,True,4.0,128,head,False,float16,True,True,True,False,False,35.57,0.0,1.4414,67.078144,,,,,714.21
server-3090,3402,soyglobal,beitv2_base_patch16_224_in22k,0,224,64,/hdd/edwin/results_backbones/ft_ckpts/soyglobal_beitv2_base_patch16_224_in22k.pth,,,True,4.0,128,head,False,float16,True,True,True,False,False,2.98,0.0,0.7324,44.729682,,,,,134.69
server-3090,3402,soyglobal,beitv2_base_patch16_224_in22k,0,224,64,/hdd/edwin/results_backbones/fz_ckpts/soyglobal_beitv2_base_patch16_224_in22k_fz.pth,,,True,4.0,128,head,False,float16,True,True,True,False,False,1.89,0.0,0.7344,44.729682,,,,,127.17
server-3090,3402,soyglobal,swin_base_patch4_window7_224_in22k,0,224,64,/hdd/edwin/results_backbones/cal_ckpts/soyglobal_swin_base_patch4_window7_224_in22k_cal.pth,,,True,4.0,128,head,False,float16,True,True,True,False,False,50.03,0.0,2.1445,75.1662,,,,,779.99
server-3090,3402,soyglobal,swin_base_patch4_window7_224_in22k,0,224,64,/hdd/edwin/results_backbones/ft_ckpts/soyglobal_swin_base_patch4_window7_224_in22k.pth,,,True,4.0,128,head,False,float16,True,True,True,False,False,6.19,0.0,1.4668,45.367626,,,,,135.93
server-3090,3402,soyglobal,swin_base_patch4_window7_224_in22k,0,224,64,/hdd/edwin/results_backbones/fz_ckpts/soyglobal_swin_base_patch4_window7_224_in22k_fz.pth,,,True,4.0,128,head,False,float16,True,True,True,False,False,19.66,0.0,1.4668,45.367626,,,,,128.12
server-3090,3402,soyglobal,vit_b16,0,224,64,/hdd/edwin/results_backbones/cal_ckpts/soyglobal_vit_b16_cal.pth,,,True,4.0,128,head,False,float16,True,True,True,False,False,19.18,0.0,1.4805,67.085632,,,,,762.89
server-3090,3402,soyglobal,vit_b16,0,224,64,/hdd/edwin/results_backbones/ft_ckpts/soyglobal_vit_b16.pth,,,True,4.0,128,head,False,float16,True,True,True,False,False,18.16,0.0,0.793,44.738706,,,,,135.39
server-3090,3402,soyglobal,vit_b16,0,224,64,/hdd/edwin/results_backbones/fz_ckpts/soyglobal_vit_b16_fz.pth,,,True,4.0,128,head,False,float16,True,True,True,False,False,12.32,0.0,0.793,44.738706,,,,,128.4
server-3090,3403,soyglobal,beitv2_base_patch16_224_in22k,0,224,64,/hdd/edwin/results_backbones/cal_ckpts/soyglobal_beitv2_base_patch16_224_in22k_cal.pth,,,True,4.0,512,head,False,float16,True,True,True,False,False,25.04,0.0,1.4395,67.078144,,,,,648.3
server-3090,3403,soyglobal,beitv2_base_patch16_224_in22k,0,224,64,/hdd/edwin/results_backbones/ft_ckpts/soyglobal_beitv2_base_patch16_224_in22k.pth,,,True,4.0,512,head,False,float16,True,True,True,False,False,2.89,0.0,0.7305,44.729682,,,,,123.31
server-3090,3403,soyglobal,beitv2_base_patch16_224_in22k,0,224,64,/hdd/edwin/results_backbones/fz_ckpts/soyglobal_beitv2_base_patch16_224_in22k_fz.pth,,,True,4.0,512,head,False,float16,True,True,True,False,False,3.41,0.0,0.7305,44.729682,,,,,122.76
server-3090,3403,soyglobal,swin_base_patch4_window7_224_in22k,0,224,64,/hdd/edwin/results_backbones/cal_ckpts/soyglobal_swin_base_patch4_window7_224_in22k_cal.pth,,,True,4.0,512,head,False,float16,True,True,True,False,False,49.21,0.0,2.1406,75.1662,,,,,789.74
server-3090,3403,soyglobal,swin_base_patch4_window7_224_in22k,0,224,64,/hdd/edwin/results_backbones/ft_ckpts/soyglobal_swin_base_patch4_window7_224_in22k.pth,,,True,4.0,512,head,False,float16,True,True,True,False,False,5.56,0.0,1.4648,45.367626,,,,,126.15
server-3090,3403,soyglobal,swin_base_patch4_window7_224_in22k,0,224,64,/hdd/edwin/results_backbones/fz_ckpts/soyglobal_swin_base_patch4_window7_224_in22k_fz.pth,,,True,4.0,512,head,False,float16,True,True,True,False,False,15.62,0.0,1.4648,45.367626,,,,,125.66
server-3090,3403,soyglobal,vit_b16,0,224,64,/hdd/edwin/results_backbones/cal_ckpts/soyglobal_vit_b16_cal.pth,,,True,4.0,512,head,False,float16,True,True,True,False,False,17.22,0.0,1.4785,67.085632,,,,,544.38
server-3090,3403,soyglobal,vit_b16,0,224,64,/hdd/edwin/results_backbones/ft_ckpts/soyglobal_vit_b16.pth,,,True,4.0,512,head,False,float16,True,True,True,False,False,17.13,0.0,0.791,44.738706,,,,,123.99
server-3090,3403,soyglobal,vit_b16,0,224,64,/hdd/edwin/results_backbones/fz_ckpts/soyglobal_vit_b16_fz.pth,,,True,4.0,512,head,False,float16,True,True,True,False,False,10.63,0.0,0.791,44.738706,,,,,127.94
server-3090,3500,soyglobal,beitv2_base_patch16_224_in22k,0,224,64,/hdd/edwin/results_backbones/cal_ckpts/soyglobal_beitv2_base_patch16_224_in22k_cal.pth,,,True,5.0,8,head,False,float16,True,True,True,False,False,40.78,0.0,1.6328,133.359616,,,,,440.22
server-3090,3500,soyglobal,beitv2_base_patch16_224_in22k,0,224,64,/hdd/edwin/results_backbones/ft_ckpts/soyglobal_beitv2_base_patch16_224_in22k.pth,,,True,5.0,8,head,False,float16,True,True,True,False,False,2.84,0.0,0.7891,87.19701,,,,,136.83
server-3090,3500,soyglobal,beitv2_base_patch16_224_in22k,0,224,64,/hdd/edwin/results_backbones/fz_ckpts/soyglobal_beitv2_base_patch16_224_in22k_fz.pth,,,True,5.0,8,head,False,float16,True,True,True,False,False,7.12,0.0,0.7891,87.19701,,,,,123.08
server-3090,3500,soyglobal,swin_base_patch4_window7_224_in22k,0,224,64,/hdd/edwin/results_backbones/cal_ckpts/soyglobal_swin_base_patch4_window7_224_in22k_cal.pth,,,True,5.0,8,head,False,float16,True,True,True,False,False,50.81,0.0,2.2461,150.172152,,,,,827.39
server-3090,3500,soyglobal,swin_base_patch4_window7_224_in22k,0,224,64,/hdd/edwin/results_backbones/ft_ckpts/soyglobal_swin_base_patch4_window7_224_in22k.pth,,,True,5.0,8,head,False,float16,True,True,True,False,False,7.21,0.0,1.5547,88.621386,,,,,143.59
server-3090,3500,soyglobal,swin_base_patch4_window7_224_in22k,0,224,64,/hdd/edwin/results_backbones/fz_ckpts/soyglobal_swin_base_patch4_window7_224_in22k_fz.pth,,,True,5.0,8,head,False,float16,True,True,True,False,False,21.5,0.0,1.5547,88.621386,,,,,125.0
server-3090,3500,soyglobal,vit_b16,0,224,64,/hdd/edwin/results_backbones/cal_ckpts/soyglobal_vit_b16_cal.pth,,,True,5.0,8,head,False,float16,True,True,True,False,False,21.05,0.0,1.5879,133.367104,,,,,798.12
server-3090,3500,soyglobal,vit_b16,0,224,64,/hdd/edwin/results_backbones/ft_ckpts/soyglobal_vit_b16.pth,,,True,5.0,8,head,False,float16,True,True,True,False,False,18.59,0.0,0.7871,87.206034,,,,,131.39
server-3090,3500,soyglobal,vit_b16,0,224,64,/hdd/edwin/results_backbones/fz_ckpts/soyglobal_vit_b16_fz.pth,,,True,5.0,8,head,False,float16,True,True,True,False,False,13.0,0.0,0.7871,87.206034,,,,,131.41
server-3090,3501,soyglobal,beitv2_base_patch16_224_in22k,0,224,64,/hdd/edwin/results_backbones/cal_ckpts/soyglobal_beitv2_base_patch16_224_in22k_cal.pth,,,True,5.0,32,head,False,float16,True,True,True,False,False,40.87,0.0,1.4609,133.359616,,,,,709.46
server-3090,3501,soyglobal,beitv2_base_patch16_224_in22k,0,224,64,/hdd/edwin/results_backbones/ft_ckpts/soyglobal_beitv2_base_patch16_224_in22k.pth,,,True,5.0,32,head,False,float16,True,True,True,False,False,2.86,0.0,0.7539,87.19701,,,,,124.54
server-3090,3501,soyglobal,beitv2_base_patch16_224_in22k,0,224,64,/hdd/edwin/results_backbones/fz_ckpts/soyglobal_beitv2_base_patch16_224_in22k_fz.pth,,,True,5.0,32,head,False,float16,True,True,True,False,False,5.93,0.0,0.7539,87.19701,,,,,123.47
server-3090,3501,soyglobal,swin_base_patch4_window7_224_in22k,0,224,64,/hdd/edwin/results_backbones/cal_ckpts/soyglobal_swin_base_patch4_window7_224_in22k_cal.pth,,,True,5.0,32,head,False,float16,True,True,True,False,False,50.84,0.0,2.2031,150.172152,,,,,841.58
server-3090,3501,soyglobal,swin_base_patch4_window7_224_in22k,0,224,64,/hdd/edwin/results_backbones/ft_ckpts/soyglobal_swin_base_patch4_window7_224_in22k.pth,,,True,5.0,32,head,False,float16,True,True,True,False,False,7.19,0.0,1.5234,88.621386,,,,,126.05
server-3090,3501,soyglobal,swin_base_patch4_window7_224_in22k,0,224,64,/hdd/edwin/results_backbones/fz_ckpts/soyglobal_swin_base_patch4_window7_224_in22k_fz.pth,,,True,5.0,32,head,False,float16,True,True,True,False,False,20.83,0.0,1.5215,88.621386,,,,,127.38
server-3090,3501,soyglobal,vit_b16,0,224,64,/hdd/edwin/results_backbones/cal_ckpts/soyglobal_vit_b16_cal.pth,,,True,5.0,32,head,False,float16,True,True,True,False,False,20.85,0.0,1.4355,133.367104,,,,,691.52
server-3090,3501,soyglobal,vit_b16,0,224,64,/hdd/edwin/results_backbones/ft_ckpts/soyglobal_vit_b16.pth,,,True,5.0,32,head,False,float16,True,True,True,False,False,18.82,0.0,0.7559,87.206034,,,,,123.63
server-3090,3501,soyglobal,vit_b16,0,224,64,/hdd/edwin/results_backbones/fz_ckpts/soyglobal_vit_b16_fz.pth,,,True,5.0,32,head,False,float16,True,True,True,False,False,13.61,0.0,0.7559,87.206034,,,,,127.48
server-3090,3502,soyglobal,beitv2_base_patch16_224_in22k,0,224,64,/hdd/edwin/results_backbones/cal_ckpts/soyglobal_beitv2_base_patch16_224_in22k_cal.pth,,,True,5.0,128,head,False,float16,True,True,True,False,False,39.49,0.0,1.4551,133.359616,,,,,605.27
server-3090,3502,soyglobal,beitv2_base_patch16_224_in22k,0,224,64,/hdd/edwin/results_backbones/ft_ckpts/soyglobal_beitv2_base_patch16_224_in22k.pth,,,True,5.0,128,head,False,float16,True,True,True,False,False,2.84,0.0,0.7461,87.19701,,,,,122.63
server-3090,3502,soyglobal,beitv2_base_patch16_224_in22k,0,224,64,/hdd/edwin/results_backbones/fz_ckpts/soyglobal_beitv2_base_patch16_224_in22k_fz.pth,,,True,5.0,128,head,False,float16,True,True,True,False,False,5.87,0.0,0.7461,87.19701,,,,,126.75
server-3090,3502,soyglobal,swin_base_patch4_window7_224_in22k,0,224,64,/hdd/edwin/results_backbones/cal_ckpts/soyglobal_swin_base_patch4_window7_224_in22k_cal.pth,,,True,5.0,128,head,False,float16,True,True,True,False,False,50.81,0.0,2.1777,150.172152,,,,,813.4
server-3090,3502,soyglobal,swin_base_patch4_window7_224_in22k,0,224,64,/hdd/edwin/results_backbones/ft_ckpts/soyglobal_swin_base_patch4_window7_224_in22k.pth,,,True,5.0,128,head,False,float16,True,True,True,False,False,6.9,0.0,1.5137,88.621386,,,,,125.33
server-3090,3502,soyglobal,swin_base_patch4_window7_224_in22k,0,224,64,/hdd/edwin/results_backbones/fz_ckpts/soyglobal_swin_base_patch4_window7_224_in22k_fz.pth,,,True,5.0,128,head,False,float16,True,True,True,False,False,20.61,0.0,1.5156,88.621386,,,,,125.97
server-3090,3502,soyglobal,vit_b16,0,224,64,/hdd/edwin/results_backbones/cal_ckpts/soyglobal_vit_b16_cal.pth,,,True,5.0,128,head,False,float16,True,True,True,False,False,20.12,0.0,1.4297,133.367104,,,,,852.38
server-3090,3502,soyglobal,vit_b16,0,224,64,/hdd/edwin/results_backbones/ft_ckpts/soyglobal_vit_b16.pth,,,True,5.0,128,head,False,float16,True,True,True,False,False,18.28,0.0,0.75,87.206034,,,,,123.54
server-3090,3502,soyglobal,vit_b16,0,224,64,/hdd/edwin/results_backbones/fz_ckpts/soyglobal_vit_b16_fz.pth,,,True,5.0,128,head,False,float16,True,True,True,False,False,13.59,0.0,0.75,87.206034,,,,,124.1
server-3090,3503,soyglobal,beitv2_base_patch16_224_in22k,0,224,64,/hdd/edwin/results_backbones/cal_ckpts/soyglobal_beitv2_base_patch16_224_in22k_cal.pth,,,True,5.0,512,head,False,float16,True,True,True,False,False,38.96,0.0,1.4531,133.359616,,,,,714.66
server-3090,3503,soyglobal,beitv2_base_patch16_224_in22k,0,224,64,/hdd/edwin/results_backbones/ft_ckpts/soyglobal_beitv2_base_patch16_224_in22k.pth,,,True,5.0,512,head,False,float16,True,True,True,False,False,2.87,0.0,0.7441,87.19701,,,,,125.7
server-3090,3503,soyglobal,beitv2_base_patch16_224_in22k,0,224,64,/hdd/edwin/results_backbones/fz_ckpts/soyglobal_beitv2_base_patch16_224_in22k_fz.pth,,,True,5.0,512,head,False,float16,True,True,True,False,False,5.06,0.0,0.7441,87.19701,,,,,133.92
server-3090,3503,soyglobal,swin_base_patch4_window7_224_in22k,0,224,64,/hdd/edwin/results_backbones/cal_ckpts/soyglobal_swin_base_patch4_window7_224_in22k_cal.pth,,,True,5.0,512,head,False,float16,True,True,True,False,False,50.43,0.0,2.1758,150.172152,,,,,880.59
server-3090,3503,soyglobal,swin_base_patch4_window7_224_in22k,0,224,64,/hdd/edwin/results_backbones/ft_ckpts/soyglobal_swin_base_patch4_window7_224_in22k.pth,,,True,5.0,512,head,False,float16,True,True,True,False,False,7.16,0.0,1.5117,88.621386,,,,,125.82
server-3090,3503,soyglobal,swin_base_patch4_window7_224_in22k,0,224,64,/hdd/edwin/results_backbones/fz_ckpts/soyglobal_swin_base_patch4_window7_224_in22k_fz.pth,,,True,5.0,512,head,False,float16,True,True,True,False,False,20.19,0.0,1.5117,88.621386,,,,,131.1
server-3090,3503,soyglobal,vit_b16,0,224,64,/hdd/edwin/results_backbones/cal_ckpts/soyglobal_vit_b16_cal.pth,,,True,5.0,512,head,False,float16,True,True,True,False,False,18.85,0.0,1.4277,133.367104,,,,,651.85
server-3090,3503,soyglobal,vit_b16,0,224,64,/hdd/edwin/results_backbones/ft_ckpts/soyglobal_vit_b16.pth,,,True,5.0,512,head,False,float16,True,True,True,False,False,17.75,0.0,0.75,87.206034,,,,,123.01
server-3090,3503,soyglobal,vit_b16,0,224,64,/hdd/edwin/results_backbones/fz_ckpts/soyglobal_vit_b16_fz.pth,,,True,5.0,512,head,False,float16,True,True,True,False,False,13.35,0.0,0.75,87.206034,,,,,124.71
server-3090,3600,soyglobal,beitv2_base_patch16_224_in22k,0,224,64,/hdd/edwin/results_backbones/cal_ckpts/soyglobal_beitv2_base_patch16_224_in22k_cal.pth,,,True,6.0,8,head,False,float16,True,True,True,False,False,40.75,0.0,1.6328,133.359616,,,,,642.06
server-3090,3600,soyglobal,beitv2_base_patch16_224_in22k,0,224,64,/hdd/edwin/results_backbones/ft_ckpts/soyglobal_beitv2_base_patch16_224_in22k.pth,,,True,6.0,8,head,False,float16,True,True,True,False,False,2.96,0.0,0.7891,87.19701,,,,,131.23
server-3090,3600,soyglobal,beitv2_base_patch16_224_in22k,0,224,64,/hdd/edwin/results_backbones/fz_ckpts/soyglobal_beitv2_base_patch16_224_in22k_fz.pth,,,True,6.0,8,head,False,float16,True,True,True,False,False,6.71,0.0,0.7891,87.19701,,,,,123.99
server-3090,3600,soyglobal,swin_base_patch4_window7_224_in22k,0,224,64,/hdd/edwin/results_backbones/cal_ckpts/soyglobal_swin_base_patch4_window7_224_in22k_cal.pth,,,True,6.0,8,head,False,float16,True,True,True,False,False,50.58,0.0,2.2461,150.172152,,,,,808.76
server-3090,3600,soyglobal,swin_base_patch4_window7_224_in22k,0,224,64,/hdd/edwin/results_backbones/ft_ckpts/soyglobal_swin_base_patch4_window7_224_in22k.pth,,,True,6.0,8,head,False,float16,True,True,True,False,False,7.48,0.0,1.5547,88.621386,,,,,135.29
server-3090,3600,soyglobal,swin_base_patch4_window7_224_in22k,0,224,64,/hdd/edwin/results_backbones/fz_ckpts/soyglobal_swin_base_patch4_window7_224_in22k_fz.pth,,,True,6.0,8,head,False,float16,True,True,True,False,False,21.83,0.0,1.5547,88.621386,,,,,125.83
server-3090,3600,soyglobal,vit_b16,0,224,64,/hdd/edwin/results_backbones/cal_ckpts/soyglobal_vit_b16_cal.pth,,,True,6.0,8,head,False,float16,True,True,True,False,False,20.74,0.0,1.5879,133.367104,,,,,742.72
server-3090,3600,soyglobal,vit_b16,0,224,64,/hdd/edwin/results_backbones/ft_ckpts/soyglobal_vit_b16.pth,,,True,6.0,8,head,False,float16,True,True,True,False,False,18.63,0.0,0.7871,87.206034,,,,,127.59
server-3090,3600,soyglobal,vit_b16,0,224,64,/hdd/edwin/results_backbones/fz_ckpts/soyglobal_vit_b16_fz.pth,,,True,6.0,8,head,False,float16,True,True,True,False,False,13.54,0.0,0.7871,87.206034,,,,,133.61
server-3090,3601,soyglobal,beitv2_base_patch16_224_in22k,0,224,64,/hdd/edwin/results_backbones/cal_ckpts/soyglobal_beitv2_base_patch16_224_in22k_cal.pth,,,True,6.0,32,head,False,float16,True,True,True,False,False,40.76,0.0,1.4609,133.359616,,,,,672.67
server-3090,3601,soyglobal,beitv2_base_patch16_224_in22k,0,224,64,/hdd/edwin/results_backbones/ft_ckpts/soyglobal_beitv2_base_patch16_224_in22k.pth,,,True,6.0,32,head,False,float16,True,True,True,False,False,2.98,0.0,0.7539,87.19701,,,,,122.3
server-3090,3601,soyglobal,beitv2_base_patch16_224_in22k,0,224,64,/hdd/edwin/results_backbones/fz_ckpts/soyglobal_beitv2_base_patch16_224_in22k_fz.pth,,,True,6.0,32,head,False,float16,True,True,True,False,False,6.5,0.0,0.7539,87.19701,,,,,122.42
server-3090,3601,soyglobal,swin_base_patch4_window7_224_in22k,0,224,64,/hdd/edwin/results_backbones/cal_ckpts/soyglobal_swin_base_patch4_window7_224_in22k_cal.pth,,,True,6.0,32,head,False,float16,True,True,True,False,False,50.58,0.0,2.1836,150.172152,,,,,739.7
server-3090,3601,soyglobal,swin_base_patch4_window7_224_in22k,0,224,64,/hdd/edwin/results_backbones/ft_ckpts/soyglobal_swin_base_patch4_window7_224_in22k.pth,,,True,6.0,32,head,False,float16,True,True,True,False,False,7.57,0.0,1.5234,88.621386,,,,,124.43
server-3090,3601,soyglobal,swin_base_patch4_window7_224_in22k,0,224,64,/hdd/edwin/results_backbones/fz_ckpts/soyglobal_swin_base_patch4_window7_224_in22k_fz.pth,,,True,6.0,32,head,False,float16,True,True,True,False,False,21.76,0.0,1.5234,88.621386,,,,,128.1
server-3090,3601,soyglobal,vit_b16,0,224,64,/hdd/edwin/results_backbones/cal_ckpts/soyglobal_vit_b16_cal.pth,,,True,6.0,32,head,False,float16,True,True,True,False,False,20.59,0.0,1.4355,133.367104,,,,,601.13
server-3090,3601,soyglobal,vit_b16,0,224,64,/hdd/edwin/results_backbones/ft_ckpts/soyglobal_vit_b16.pth,,,True,6.0,32,head,False,float16,True,True,True,False,False,18.47,0.0,0.7559,87.206034,,,,,123.63
server-3090,3601,soyglobal,vit_b16,0,224,64,/hdd/edwin/results_backbones/fz_ckpts/soyglobal_vit_b16_fz.pth,,,True,6.0,32,head,False,float16,True,True,True,False,False,13.57,0.0,0.7559,87.206034,,,,,122.74
server-3090,3602,soyglobal,beitv2_base_patch16_224_in22k,0,224,64,/hdd/edwin/results_backbones/cal_ckpts/soyglobal_beitv2_base_patch16_224_in22k_cal.pth,,,True,6.0,128,head,False,float16,True,True,True,False,False,41.18,0.0,1.4551,133.359616,,,,,500.89
server-3090,3602,soyglobal,beitv2_base_patch16_224_in22k,0,224,64,/hdd/edwin/results_backbones/ft_ckpts/soyglobal_beitv2_base_patch16_224_in22k.pth,,,True,6.0,128,head,False,float16,True,True,True,False,False,2.92,0.0,0.7461,87.19701,,,,,138.07
server-3090,3602,soyglobal,beitv2_base_patch16_224_in22k,0,224,64,/hdd/edwin/results_backbones/fz_ckpts/soyglobal_beitv2_base_patch16_224_in22k_fz.pth,,,True,6.0,128,head,False,float16,True,True,True,False,False,6.3,0.0,0.7461,87.19701,,,,,121.88
server-3090,3602,soyglobal,swin_base_patch4_window7_224_in22k,0,224,64,/hdd/edwin/results_backbones/cal_ckpts/soyglobal_swin_base_patch4_window7_224_in22k_cal.pth,,,True,6.0,128,head,False,float16,True,True,True,False,False,50.62,0.0,2.1797,150.172152,,,,,864.25
server-3090,3602,soyglobal,swin_base_patch4_window7_224_in22k,0,224,64,/hdd/edwin/results_backbones/ft_ckpts/soyglobal_swin_base_patch4_window7_224_in22k.pth,,,True,6.0,128,head,False,float16,True,True,True,False,False,7.33,0.0,1.5156,88.621386,,,,,137.32
server-3090,3602,soyglobal,swin_base_patch4_window7_224_in22k,0,224,64,/hdd/edwin/results_backbones/fz_ckpts/soyglobal_swin_base_patch4_window7_224_in22k_fz.pth,,,True,6.0,128,head,False,float16,True,True,True,False,False,21.52,0.0,1.5156,88.621386,,,,,130.5
server-3090,3602,soyglobal,vit_b16,0,224,64,/hdd/edwin/results_backbones/cal_ckpts/soyglobal_vit_b16_cal.pth,,,True,6.0,128,head,False,float16,True,True,True,False,False,20.69,0.0,1.4297,133.367104,,,,,785.45
server-3090,3602,soyglobal,vit_b16,0,224,64,/hdd/edwin/results_backbones/ft_ckpts/soyglobal_vit_b16.pth,,,True,6.0,128,head,False,float16,True,True,True,False,False,18.54,0.0,0.75,87.206034,,,,,122.04
server-3090,3602,soyglobal,vit_b16,0,224,64,/hdd/edwin/results_backbones/fz_ckpts/soyglobal_vit_b16_fz.pth,,,True,6.0,128,head,False,float16,True,True,True,False,False,13.43,0.0,0.75,87.206034,,,,,132.63
server-3090,3603,soyglobal,beitv2_base_patch16_224_in22k,0,224,64,/hdd/edwin/results_backbones/cal_ckpts/soyglobal_beitv2_base_patch16_224_in22k_cal.pth,,,True,6.0,512,head,False,float16,True,True,True,False,False,40.42,0.0,1.4531,133.359616,,,,,698.95
server-3090,3603,soyglobal,beitv2_base_patch16_224_in22k,0,224,64,/hdd/edwin/results_backbones/ft_ckpts/soyglobal_beitv2_base_patch16_224_in22k.pth,,,True,6.0,512,head,False,float16,True,True,True,False,False,2.98,0.0,0.7441,87.19701,,,,,123.99
server-3090,3603,soyglobal,beitv2_base_patch16_224_in22k,0,224,64,/hdd/edwin/results_backbones/fz_ckpts/soyglobal_beitv2_base_patch16_224_in22k_fz.pth,,,True,6.0,512,head,False,float16,True,True,True,False,False,6.19,0.0,0.7441,87.19701,,,,,123.69
server-3090,3603,soyglobal,swin_base_patch4_window7_224_in22k,0,224,64,/hdd/edwin/results_backbones/cal_ckpts/soyglobal_swin_base_patch4_window7_224_in22k_cal.pth,,,True,6.0,512,head,False,float16,True,True,True,False,False,50.6,0.0,2.1758,150.172152,,,,,830.72
server-3090,3603,soyglobal,swin_base_patch4_window7_224_in22k,0,224,64,/hdd/edwin/results_backbones/ft_ckpts/soyglobal_swin_base_patch4_window7_224_in22k.pth,,,True,6.0,512,head,False,float16,True,True,True,False,False,7.48,0.0,1.5117,88.621386,,,,,126.91
server-3090,3603,soyglobal,swin_base_patch4_window7_224_in22k,0,224,64,/hdd/edwin/results_backbones/fz_ckpts/soyglobal_swin_base_patch4_window7_224_in22k_fz.pth,,,True,6.0,512,head,False,float16,True,True,True,False,False,20.81,0.0,1.5117,88.621386,,,,,126.89
server-3090,3603,soyglobal,vit_b16,0,224,64,/hdd/edwin/results_backbones/cal_ckpts/soyglobal_vit_b16_cal.pth,,,True,6.0,512,head,False,float16,True,True,True,False,False,20.9,0.0,1.4277,133.367104,,,,,709.12
server-3090,3603,soyglobal,vit_b16,0,224,64,/hdd/edwin/results_backbones/ft_ckpts/soyglobal_vit_b16.pth,,,True,6.0,512,head,False,float16,True,True,True,False,False,18.35,0.0,0.75,87.206034,,,,,123.88
server-3090,3603,soyglobal,vit_b16,0,224,64,/hdd/edwin/results_backbones/fz_ckpts/soyglobal_vit_b16_fz.pth,,,True,6.0,512,head,False,float16,True,True,True,False,False,12.93,0.0,0.75,87.206034,,,,,124.88
server-3090,3700,soyglobal,beitv2_base_patch16_224_in22k,0,224,64,/hdd/edwin/results_backbones/cal_ckpts/soyglobal_beitv2_base_patch16_224_in22k_cal.pth,,,True,8.0,8,head,False,float16,True,True,True,False,False,41.23,0.0,1.6328,133.359616,,,,,634.35
server-3090,3700,soyglobal,beitv2_base_patch16_224_in22k,0,224,64,/hdd/edwin/results_backbones/ft_ckpts/soyglobal_beitv2_base_patch16_224_in22k.pth,,,True,8.0,8,head,False,float16,True,True,True,False,False,2.98,0.0,0.7891,87.19701,,,,,122.74
server-3090,3700,soyglobal,beitv2_base_patch16_224_in22k,0,224,64,/hdd/edwin/results_backbones/fz_ckpts/soyglobal_beitv2_base_patch16_224_in22k_fz.pth,,,True,8.0,8,head,False,float16,True,True,True,False,False,6.64,0.0,0.7891,87.19701,,,,,124.35
server-3090,3700,soyglobal,swin_base_patch4_window7_224_in22k,0,224,64,/hdd/edwin/results_backbones/cal_ckpts/soyglobal_swin_base_patch4_window7_224_in22k_cal.pth,,,True,8.0,8,head,False,float16,True,True,True,False,False,50.62,0.0,2.2461,150.172152,,,,,864.04
server-3090,3700,soyglobal,swin_base_patch4_window7_224_in22k,0,224,64,/hdd/edwin/results_backbones/ft_ckpts/soyglobal_swin_base_patch4_window7_224_in22k.pth,,,True,8.0,8,head,False,float16,True,True,True,False,False,7.43,0.0,1.5547,88.621386,,,,,134.11
server-3090,3700,soyglobal,swin_base_patch4_window7_224_in22k,0,224,64,/hdd/edwin/results_backbones/fz_ckpts/soyglobal_swin_base_patch4_window7_224_in22k_fz.pth,,,True,8.0,8,head,False,float16,True,True,True,False,False,21.74,0.0,1.5566,88.621386,,,,,127.08
server-3090,3700,soyglobal,vit_b16,0,224,64,/hdd/edwin/results_backbones/cal_ckpts/soyglobal_vit_b16_cal.pth,,,True,8.0,8,head,False,float16,True,True,True,False,False,20.88,0.0,1.5879,133.367104,,,,,808.58
server-3090,3700,soyglobal,vit_b16,0,224,64,/hdd/edwin/results_backbones/ft_ckpts/soyglobal_vit_b16.pth,,,True,8.0,8,head,False,float16,True,True,True,False,False,18.78,0.0,0.7871,87.206034,,,,,139.08
server-3090,3700,soyglobal,vit_b16,0,224,64,/hdd/edwin/results_backbones/fz_ckpts/soyglobal_vit_b16_fz.pth,,,True,8.0,8,head,False,float16,True,True,True,False,False,13.48,0.0,0.7871,87.206034,,,,,125.95
server-3090,3701,soyglobal,beitv2_base_patch16_224_in22k,0,224,64,/hdd/edwin/results_backbones/cal_ckpts/soyglobal_beitv2_base_patch16_224_in22k_cal.pth,,,True,8.0,32,head,False,float16,True,True,True,False,False,41.18,0.0,1.4609,133.359616,,,,,686.45
server-3090,3701,soyglobal,beitv2_base_patch16_224_in22k,0,224,64,/hdd/edwin/results_backbones/ft_ckpts/soyglobal_beitv2_base_patch16_224_in22k.pth,,,True,8.0,32,head,False,float16,True,True,True,False,False,2.94,0.0,0.7539,87.19701,,,,,123.0
server-3090,3701,soyglobal,beitv2_base_patch16_224_in22k,0,224,64,/hdd/edwin/results_backbones/ft_ckpts/soyglobal_beitv2_base_patch16_224_in22k.pth,,,True,8.0,32,head,False,float16,True,True,True,False,False,2.94,0.0,0.7539,87.19701,,,,,126.75
server-3090,3701,soyglobal,beitv2_base_patch16_224_in22k,0,224,64,/hdd/edwin/results_backbones/fz_ckpts/soyglobal_beitv2_base_patch16_224_in22k_fz.pth,,,True,8.0,32,head,False,float16,True,True,True,False,False,6.64,0.0,0.7539,87.19701,,,,,132.45
server-3090,3701,soyglobal,beitv2_base_patch16_224_in22k,0,224,64,/hdd/edwin/results_backbones/fz_ckpts/soyglobal_beitv2_base_patch16_224_in22k_fz.pth,,,True,8.0,32,head,False,float16,True,True,True,False,False,6.64,0.0,0.7539,87.19701,,,,,128.72
server-3090,3701,soyglobal,swin_base_patch4_window7_224_in22k,0,224,64,/hdd/edwin/results_backbones/cal_ckpts/soyglobal_swin_base_patch4_window7_224_in22k_cal.pth,,,True,8.0,32,head,False,float16,True,True,True,False,False,50.71,0.0,2.2051,150.172152,,,,,838.71
server-3090,3701,soyglobal,swin_base_patch4_window7_224_in22k,0,224,64,/hdd/edwin/results_backbones/ft_ckpts/soyglobal_swin_base_patch4_window7_224_in22k.pth,,,True,8.0,32,head,False,float16,True,True,True,False,False,7.45,0.0,1.5234,88.621386,,,,,128.34
server-3090,3701,soyglobal,swin_base_patch4_window7_224_in22k,0,224,64,/hdd/edwin/results_backbones/ft_ckpts/soyglobal_swin_base_patch4_window7_224_in22k.pth,,,True,8.0,32,head,False,float16,True,True,True,False,False,7.45,0.0,1.5234,88.621386,,,,,124.85
server-3090,3701,soyglobal,swin_base_patch4_window7_224_in22k,0,224,64,/hdd/edwin/results_backbones/ft_ckpts/soyglobal_swin_base_patch4_window7_224_in22k.pth,,,True,8.0,32,head,False,float16,True,True,True,False,False,7.45,0.0,1.5234,88.621386,,,,,125.45
server-3090,3701,soyglobal,swin_base_patch4_window7_224_in22k,0,224,64,/hdd/edwin/results_backbones/fz_ckpts/soyglobal_swin_base_patch4_window7_224_in22k_fz.pth,,,True,8.0,32,head,False,float16,True,True,True,False,False,21.71,0.0,1.5215,88.621386,,,,,125.31
server-3090,3701,soyglobal,swin_base_patch4_window7_224_in22k,0,224,64,/hdd/edwin/results_backbones/fz_ckpts/soyglobal_swin_base_patch4_window7_224_in22k_fz.pth,,,True,8.0,32,head,False,float16,True,True,True,False,False,21.71,0.0,1.5215,88.621386,,,,,126.89
server-3090,3701,soyglobal,vit_b16,0,224,64,/hdd/edwin/results_backbones/cal_ckpts/soyglobal_vit_b16_cal.pth,,,True,8.0,32,head,False,float16,True,True,True,False,False,20.95,0.0,1.4355,133.367104,,,,,679.24
server-3090,3701,soyglobal,vit_b16,0,224,64,/hdd/edwin/results_backbones/ft_ckpts/soyglobal_vit_b16.pth,,,True,8.0,32,head,False,float16,True,True,True,False,False,18.68,0.0,0.7559,87.206034,,,,,124.56
server-3090,3701,soyglobal,vit_b16,0,224,64,/hdd/edwin/results_backbones/ft_ckpts/soyglobal_vit_b16.pth,,,True,8.0,32,head,False,float16,True,True,True,False,False,18.68,0.0,0.7559,87.206034,,,,,129.01
server-3090,3701,soyglobal,vit_b16,0,224,64,/hdd/edwin/results_backbones/ft_ckpts/soyglobal_vit_b16.pth,,,True,8.0,32,head,False,float16,True,True,True,False,False,18.68,0.0,0.7559,87.206034,,,,,128.6
server-3090,3701,soyglobal,vit_b16,0,224,64,/hdd/edwin/results_backbones/fz_ckpts/soyglobal_vit_b16_fz.pth,,,True,8.0,32,head,False,float16,True,True,True,False,False,13.52,0.0,0.7559,87.206034,,,,,127.92
server-3090,3701,soyglobal,vit_b16,0,224,64,/hdd/edwin/results_backbones/fz_ckpts/soyglobal_vit_b16_fz.pth,,,True,8.0,32,head,False,float16,True,True,True,False,False,13.52,0.0,0.7559,87.206034,,,,,124.42
server-3090,3702,soyglobal,beitv2_base_patch16_224_in22k,0,224,64,/hdd/edwin/results_backbones/cal_ckpts/soyglobal_beitv2_base_patch16_224_in22k_cal.pth,,,True,8.0,128,head,False,float16,True,True,True,False,False,41.06,0.0,1.4551,133.359616,,,,,553.58
server-3090,3702,soyglobal,beitv2_base_patch16_224_in22k,0,224,64,/hdd/edwin/results_backbones/ft_ckpts/soyglobal_beitv2_base_patch16_224_in22k.pth,,,True,8.0,128,head,False,float16,True,True,True,False,False,2.94,0.0,0.7461,87.19701,,,,,123.02
server-3090,3702,soyglobal,beitv2_base_patch16_224_in22k,0,224,64,/hdd/edwin/results_backbones/fz_ckpts/soyglobal_beitv2_base_patch16_224_in22k_fz.pth,,,True,8.0,128,head,False,float16,True,True,True,False,False,7.0,0.0,0.7461,87.19701,,,,,133.45
server-3090,3702,soyglobal,swin_base_patch4_window7_224_in22k,0,224,64,/hdd/edwin/results_backbones/cal_ckpts/soyglobal_swin_base_patch4_window7_224_in22k_cal.pth,,,True,8.0,128,head,False,float16,True,True,True,False,False,50.76,0.0,2.1797,150.172152,,,,,838.96
server-3090,3702,soyglobal,swin_base_patch4_window7_224_in22k,0,224,64,/hdd/edwin/results_backbones/ft_ckpts/soyglobal_swin_base_patch4_window7_224_in22k.pth,,,True,8.0,128,head,False,float16,True,True,True,False,False,7.46,0.0,1.5137,88.621386,,,,,125.66
server-3090,3702,soyglobal,swin_base_patch4_window7_224_in22k,0,224,64,/hdd/edwin/results_backbones/fz_ckpts/soyglobal_swin_base_patch4_window7_224_in22k_fz.pth,,,True,8.0,128,head,False,float16,True,True,True,False,False,21.69,0.0,1.5156,88.621386,,,,,137.06
server-3090,3702,soyglobal,vit_b16,0,224,64,/hdd/edwin/results_backbones/cal_ckpts/soyglobal_vit_b16_cal.pth,,,True,8.0,128,head,False,float16,True,True,True,False,False,20.97,0.0,1.4297,133.367104,,,,,638.14
server-3090,3702,soyglobal,vit_b16,0,224,64,/hdd/edwin/results_backbones/ft_ckpts/soyglobal_vit_b16.pth,,,True,8.0,128,head,False,float16,True,True,True,False,False,18.63,0.0,0.75,87.206034,,,,,123.06
server-3090,3702,soyglobal,vit_b16,0,224,64,/hdd/edwin/results_backbones/fz_ckpts/soyglobal_vit_b16_fz.pth,,,True,8.0,128,head,False,float16,True,True,True,False,False,13.42,0.0,0.75,87.206034,,,,,123.24
server-3090,3703,soyglobal,beitv2_base_patch16_224_in22k,0,224,64,/hdd/edwin/results_backbones/cal_ckpts/soyglobal_beitv2_base_patch16_224_in22k_cal.pth,,,True,8.0,512,head,False,float16,True,True,True,False,False,41.19,0.0,1.4531,133.359616,,,,,484.99
server-3090,3703,soyglobal,beitv2_base_patch16_224_in22k,0,224,64,/hdd/edwin/results_backbones/ft_ckpts/soyglobal_beitv2_base_patch16_224_in22k.pth,,,True,8.0,512,head,False,float16,True,True,True,False,False,2.94,0.0,0.7441,87.19701,,,,,121.33
server-3090,3703,soyglobal,beitv2_base_patch16_224_in22k,0,224,64,/hdd/edwin/results_backbones/fz_ckpts/soyglobal_beitv2_base_patch16_224_in22k_fz.pth,,,True,8.0,512,head,False,float16,True,True,True,False,False,6.64,0.0,0.7441,87.19701,,,,,122.16
server-3090,3703,soyglobal,swin_base_patch4_window7_224_in22k,0,224,64,/hdd/edwin/results_backbones/cal_ckpts/soyglobal_swin_base_patch4_window7_224_in22k_cal.pth,,,True,8.0,512,head,False,float16,True,True,True,False,False,50.74,0.0,2.1738,150.172152,,,,,721.94
server-3090,3703,soyglobal,swin_base_patch4_window7_224_in22k,0,224,64,/hdd/edwin/results_backbones/ft_ckpts/soyglobal_swin_base_patch4_window7_224_in22k.pth,,,True,8.0,512,head,False,float16,True,True,True,False,False,7.46,0.0,1.5117,88.621386,,,,,123.79
server-3090,3703,soyglobal,swin_base_patch4_window7_224_in22k,0,224,64,/hdd/edwin/results_backbones/fz_ckpts/soyglobal_swin_base_patch4_window7_224_in22k_fz.pth,,,True,8.0,512,head,False,float16,True,True,True,False,False,21.71,0.0,1.5117,88.621386,,,,,127.43
server-3090,3703,soyglobal,vit_b16,0,224,64,/hdd/edwin/results_backbones/cal_ckpts/soyglobal_vit_b16_cal.pth,,,True,8.0,512,head,False,float16,True,True,True,False,False,20.36,0.0,1.4277,133.367104,,,,,791.69
server-3090,3703,soyglobal,vit_b16,0,224,64,/hdd/edwin/results_backbones/ft_ckpts/soyglobal_vit_b16.pth,,,True,8.0,512,head,False,float16,True,True,True,False,False,18.63,0.0,0.75,87.206034,,,,,131.02
server-3090,3703,soyglobal,vit_b16,0,224,64,/hdd/edwin/results_backbones/fz_ckpts/soyglobal_vit_b16_fz.pth,,,True,8.0,512,head,False,float16,True,True,True,False,False,13.38,0.0,0.75,87.206034,,,,,124.08
server-3090,3999,soyglobal,beitv2_base_patch16_224_in22k,0,224,64,/hdd/edwin/results_backbones/cal_ckpts/soyglobal_beitv2_base_patch16_224_in22k_cal.pth,,,False,4.0,64,head,False,float16,True,True,True,False,False,,,,,41.14,0.0,1.6836,133.414912,277.56
server-3090,3999,soyglobal,beitv2_base_patch16_224_in22k,0,224,64,/hdd/edwin/results_backbones/ft_ckpts/soyglobal_beitv2_base_patch16_224_in22k.pth,,,False,4.0,64,head,False,float16,True,True,True,False,False,,,,,2.96,0.0,0.9062,87.252306,112.03
server-3090,3999,soyglobal,beitv2_base_patch16_224_in22k,0,224,64,/hdd/edwin/results_backbones/fz_ckpts/soyglobal_beitv2_base_patch16_224_in22k_fz.pth,,,False,4.0,64,head,False,float16,True,True,True,False,False,,,,,6.59,0.0,0.9062,87.252306,113.04
server-3090,3999,soyglobal,swin_base_patch4_window7_224_in22k,0,224,64,/hdd/edwin/results_backbones/cal_ckpts/soyglobal_swin_base_patch4_window7_224_in22k_cal.pth,,,False,4.0,64,head,False,float16,True,True,True,False,False,,,,,50.6,0.0,2.8809,150.28044,385.4
server-3090,3999,soyglobal,swin_base_patch4_window7_224_in22k,0,224,64,/hdd/edwin/results_backbones/ft_ckpts/soyglobal_swin_base_patch4_window7_224_in22k.pth,,,False,4.0,64,head,False,float16,True,True,True,False,False,,,,,7.41,0.0,1.7656,88.729674,114.62
server-3090,3999,soyglobal,swin_base_patch4_window7_224_in22k,0,224,64,/hdd/edwin/results_backbones/fz_ckpts/soyglobal_swin_base_patch4_window7_224_in22k_fz.pth,,,False,4.0,64,head,False,float16,True,True,True,False,False,,,,,21.71,0.0,1.7656,88.729674,115.32
server-3090,3999,soyglobal,vit_b16,0,224,64,/hdd/edwin/results_backbones/cal_ckpts/soyglobal_vit_b16_cal.pth,,,False,4.0,64,head,False,float16,True,True,True,False,False,,,,,20.93,0.0,1.8379,133.450048,321.26
server-3090,3999,soyglobal,vit_b16,0,224,64,/hdd/edwin/results_backbones/ft_ckpts/soyglobal_vit_b16.pth,,,False,4.0,64,head,False,float16,True,True,True,False,False,,,,,18.75,0.0,1.0059,87.288978,111.62
server-3090,3999,soyglobal,vit_b16,0,224,64,/hdd/edwin/results_backbones/fz_ckpts/soyglobal_vit_b16_fz.pth,,,False,4.0,64,head,False,float16,True,True,True,False,False,,,,,13.5,0.0,1.0059,87.288978,112.37
server-3090,3000,soylocal,beitv2_base_patch16_224_in22k,0,224,64,/hdd/edwin/results_backbones/cal_ckpts/soylocal_beitv2_base_patch16_224_in22k_cal.pth,,,True,1.0,8,head,False,float16,True,True,True,False,False,0.83,0.0,0.8496,12.027904,,,,,85.55
server-3090,3000,soylocal,beitv2_base_patch16_224_in22k,0,224,64,/hdd/edwin/results_backbones/ft_ckpts/soylocal_beitv2_base_patch16_224_in22k.pth,,,True,1.0,8,head,False,float16,True,True,True,False,False,0.0,0.0,0.5352,11.542664,,,,,23.31
server-3090,3000,soylocal,beitv2_base_patch16_224_in22k,0,224,64,/hdd/edwin/results_backbones/fz_ckpts/soylocal_beitv2_base_patch16_224_in22k_fz.pth,,,True,1.0,8,head,False,float16,True,True,True,False,False,0.5,0.0,0.5352,11.542664,,,,,23.6
server-3090,3000,soylocal,swin_base_patch4_window7_224_in22k,0,224,64,/hdd/edwin/results_backbones/cal_ckpts/soylocal_swin_base_patch4_window7_224_in22k_cal.pth,,,True,1.0,8,head,False,float16,True,True,True,False,False,0.5,0.0,1.8398,11.792888,,,,,107.03
server-3090,3000,soylocal,swin_base_patch4_window7_224_in22k,0,224,64,/hdd/edwin/results_backbones/ft_ckpts/soylocal_swin_base_patch4_window7_224_in22k.pth,,,True,1.0,8,head,False,float16,True,True,True,False,False,0.17,0.0,1.4473,11.145856,,,,,27.23
server-3090,3000,soylocal,swin_base_patch4_window7_224_in22k,0,224,64,/hdd/edwin/results_backbones/fz_ckpts/soylocal_swin_base_patch4_window7_224_in22k_fz.pth,,,True,1.0,8,head,False,float16,True,True,True,False,False,1.17,0.0,1.4473,11.145856,,,,,28.19
server-3090,3000,soylocal,vit_b16,0,224,64,/hdd/edwin/results_backbones/cal_ckpts/soylocal_vit_b16_cal.pth,,,True,1.0,8,head,False,float16,True,True,True,False,False,1.0,0.0,1.002,12.035392,,,,,96.38
server-3090,3000,soylocal,vit_b16,0,224,64,/hdd/edwin/results_backbones/ft_ckpts/soylocal_vit_b16.pth,,,True,1.0,8,head,False,float16,True,True,True,False,False,1.33,0.0,0.5957,11.551688,,,,,25.38
server-3090,3000,soylocal,vit_b16,0,224,64,/hdd/edwin/results_backbones/fz_ckpts/soylocal_vit_b16_fz.pth,,,True,1.0,8,head,False,float16,True,True,True,False,False,0.17,0.0,0.5957,11.551688,,,,,25.09
server-3090,3001,soylocal,beitv2_base_patch16_224_in22k,0,224,64,/hdd/edwin/results_backbones/cal_ckpts/soylocal_beitv2_base_patch16_224_in22k_cal.pth,,,True,1.0,32,head,False,float16,True,True,True,False,False,0.83,0.0,0.8203,12.027904,,,,,86.62
server-3090,3001,soylocal,beitv2_base_patch16_224_in22k,0,224,64,/hdd/edwin/results_backbones/ft_ckpts/soylocal_beitv2_base_patch16_224_in22k.pth,,,True,1.0,32,head,False,float16,True,True,True,False,False,0.5,0.0,0.5039,11.542664,,,,,25.04
server-3090,3001,soylocal,beitv2_base_patch16_224_in22k,0,224,64,/hdd/edwin/results_backbones/fz_ckpts/soylocal_beitv2_base_patch16_224_in22k_fz.pth,,,True,1.0,32,head,False,float16,True,True,True,False,False,0.5,0.0,0.5039,11.542664,,,,,23.96
server-3090,3001,soylocal,swin_base_patch4_window7_224_in22k,0,224,64,/hdd/edwin/results_backbones/cal_ckpts/soylocal_swin_base_patch4_window7_224_in22k_cal.pth,,,True,1.0,32,head,False,float16,True,True,True,False,False,0.17,0.0,1.793,11.792888,,,,,107.93
server-3090,3001,soylocal,swin_base_patch4_window7_224_in22k,0,224,64,/hdd/edwin/results_backbones/ft_ckpts/soylocal_swin_base_patch4_window7_224_in22k.pth,,,True,1.0,32,head,False,float16,True,True,True,False,False,0.17,0.0,1.418,11.145856,,,,,28.26
server-3090,3001,soylocal,swin_base_patch4_window7_224_in22k,0,224,64,/hdd/edwin/results_backbones/fz_ckpts/soylocal_swin_base_patch4_window7_224_in22k_fz.pth,,,True,1.0,32,head,False,float16,True,True,True,False,False,0.83,0.0,1.418,11.145856,,,,,27.85
server-3090,3001,soylocal,vit_b16,0,224,64,/hdd/edwin/results_backbones/cal_ckpts/soylocal_vit_b16_cal.pth,,,True,1.0,32,head,False,float16,True,True,True,False,False,0.5,0.0,0.9746,12.035392,,,,,97.14
server-3090,3001,soylocal,vit_b16,0,224,64,/hdd/edwin/results_backbones/ft_ckpts/soylocal_vit_b16.pth,,,True,1.0,32,head,False,float16,True,True,True,False,False,0.33,0.0,0.5645,11.551688,,,,,25.85
server-3090,3001,soylocal,vit_b16,0,224,64,/hdd/edwin/results_backbones/fz_ckpts/soylocal_vit_b16_fz.pth,,,True,1.0,32,head,False,float16,True,True,True,False,False,0.33,0.0,0.5645,11.551688,,,,,25.98
server-3090,3002,soylocal,beitv2_base_patch16_224_in22k,0,224,64,/hdd/edwin/results_backbones/cal_ckpts/soylocal_beitv2_base_patch16_224_in22k_cal.pth,,,True,1.0,128,head,False,float16,True,True,True,False,False,0.5,0.0,0.8125,12.027904,,,,,85.44
server-3090,3002,soylocal,beitv2_base_patch16_224_in22k,0,224,64,/hdd/edwin/results_backbones/ft_ckpts/soylocal_beitv2_base_patch16_224_in22k.pth,,,True,1.0,128,head,False,float16,True,True,True,False,False,0.5,0.0,0.4961,11.542664,,,,,24.12
server-3090,3002,soylocal,beitv2_base_patch16_224_in22k,0,224,64,/hdd/edwin/results_backbones/fz_ckpts/soylocal_beitv2_base_patch16_224_in22k_fz.pth,,,True,1.0,128,head,False,float16,True,True,True,False,False,0.5,0.0,0.4961,11.542664,,,,,24.28
server-3090,3002,soylocal,swin_base_patch4_window7_224_in22k,0,224,64,/hdd/edwin/results_backbones/cal_ckpts/soylocal_swin_base_patch4_window7_224_in22k_cal.pth,,,True,1.0,128,head,False,float16,True,True,True,False,False,0.33,0.0,1.7852,11.792888,,,,,106.33
server-3090,3002,soylocal,swin_base_patch4_window7_224_in22k,0,224,64,/hdd/edwin/results_backbones/ft_ckpts/soylocal_swin_base_patch4_window7_224_in22k.pth,,,True,1.0,128,head,False,float16,True,True,True,False,False,0.5,0.0,1.4102,11.145856,,,,,27.58
server-3090,3002,soylocal,swin_base_patch4_window7_224_in22k,0,224,64,/hdd/edwin/results_backbones/fz_ckpts/soylocal_swin_base_patch4_window7_224_in22k_fz.pth,,,True,1.0,128,head,False,float16,True,True,True,False,False,0.5,0.0,1.4102,11.145856,,,,,27.81
server-3090,3002,soylocal,vit_b16,0,224,64,/hdd/edwin/results_backbones/cal_ckpts/soylocal_vit_b16_cal.pth,,,True,1.0,128,head,False,float16,True,True,True,False,False,0.5,0.0,0.9648,12.035392,,,,,96.23
server-3090,3002,soylocal,vit_b16,0,224,64,/hdd/edwin/results_backbones/ft_ckpts/soylocal_vit_b16.pth,,,True,1.0,128,head,False,float16,True,True,True,False,False,1.0,0.0,0.5566,11.551688,,,,,25.68
server-3090,3002,soylocal,vit_b16,0,224,64,/hdd/edwin/results_backbones/fz_ckpts/soylocal_vit_b16_fz.pth,,,True,1.0,128,head,False,float16,True,True,True,False,False,0.67,0.0,0.5566,11.551688,,,,,25.02
server-3090,3003,soylocal,beitv2_base_patch16_224_in22k,0,224,64,/hdd/edwin/results_backbones/cal_ckpts/soylocal_beitv2_base_patch16_224_in22k_cal.pth,,,True,1.0,512,head,False,float16,True,True,True,False,False,0.5,0.0,0.8105,12.027904,,,,,86.15
server-3090,3003,soylocal,beitv2_base_patch16_224_in22k,0,224,64,/hdd/edwin/results_backbones/ft_ckpts/soylocal_beitv2_base_patch16_224_in22k.pth,,,True,1.0,512,head,False,float16,True,True,True,False,False,0.5,0.0,0.4941,11.542664,,,,,23.42
server-3090,3003,soylocal,beitv2_base_patch16_224_in22k,0,224,64,/hdd/edwin/results_backbones/fz_ckpts/soylocal_beitv2_base_patch16_224_in22k_fz.pth,,,True,1.0,512,head,False,float16,True,True,True,False,False,0.5,0.0,0.4941,11.542664,,,,,23.53
server-3090,3003,soylocal,swin_base_patch4_window7_224_in22k,0,224,64,/hdd/edwin/results_backbones/cal_ckpts/soylocal_swin_base_patch4_window7_224_in22k_cal.pth,,,True,1.0,512,head,False,float16,True,True,True,False,False,0.5,0.0,1.7832,11.792888,,,,,105.35
server-3090,3003,soylocal,swin_base_patch4_window7_224_in22k,0,224,64,/hdd/edwin/results_backbones/ft_ckpts/soylocal_swin_base_patch4_window7_224_in22k.pth,,,True,1.0,512,head,False,float16,True,True,True,False,False,0.5,0.0,1.4062,11.145856,,,,,27.38
server-3090,3003,soylocal,swin_base_patch4_window7_224_in22k,0,224,64,/hdd/edwin/results_backbones/fz_ckpts/soylocal_swin_base_patch4_window7_224_in22k_fz.pth,,,True,1.0,512,head,False,float16,True,True,True,False,False,0.17,0.0,1.4062,11.145856,,,,,27.22
server-3090,3003,soylocal,vit_b16,0,224,64,/hdd/edwin/results_backbones/cal_ckpts/soylocal_vit_b16_cal.pth,,,True,1.0,512,head,False,float16,True,True,True,False,False,0.5,0.0,0.9629,12.035392,,,,,94.64
server-3090,3003,soylocal,vit_b16,0,224,64,/hdd/edwin/results_backbones/ft_ckpts/soylocal_vit_b16.pth,,,True,1.0,512,head,False,float16,True,True,True,False,False,0.5,0.0,0.5547,11.551688,,,,,26.62
server-3090,3003,soylocal,vit_b16,0,224,64,/hdd/edwin/results_backbones/fz_ckpts/soylocal_vit_b16_fz.pth,,,True,1.0,512,head,False,float16,True,True,True,False,False,0.5,0.0,0.5547,11.551688,,,,,25.22
server-3090,3100,soylocal,beitv2_base_patch16_224_in22k,0,224,64,/hdd/edwin/results_backbones/cal_ckpts/soylocal_beitv2_base_patch16_224_in22k_cal.pth,,,True,1.58,8,head,False,float16,True,True,True,False,False,6.5,0.0,0.8633,23.259136,,,,,132.1
server-3090,3100,soylocal,beitv2_base_patch16_224_in22k,0,224,64,/hdd/edwin/results_backbones/ft_ckpts/soylocal_beitv2_base_patch16_224_in22k.pth,,,True,1.58,8,head,False,float16,True,True,True,False,False,2.0,0.0,0.5469,22.159496,,,,,26.07
server-3090,3100,soylocal,beitv2_base_patch16_224_in22k,0,224,64,/hdd/edwin/results_backbones/fz_ckpts/soylocal_beitv2_base_patch16_224_in22k_fz.pth,,,True,1.58,8,head,False,float16,True,True,True,False,False,0.67,0.0,0.5469,22.159496,,,,,26.28
server-3090,3100,soylocal,swin_base_patch4_window7_224_in22k,0,224,64,/hdd/edwin/results_backbones/cal_ckpts/soylocal_swin_base_patch4_window7_224_in22k_cal.pth,,,True,1.58,8,head,False,float16,True,True,True,False,False,9.5,0.0,1.8516,23.425528,,,,,160.66
server-3090,3100,soylocal,swin_base_patch4_window7_224_in22k,0,224,64,/hdd/edwin/results_backbones/ft_ckpts/soylocal_swin_base_patch4_window7_224_in22k.pth,,,True,1.58,8,head,False,float16,True,True,True,False,False,4.17,0.0,1.457,21.959296,,,,,32.16
server-3090,3100,soylocal,swin_base_patch4_window7_224_in22k,0,224,64,/hdd/edwin/results_backbones/fz_ckpts/soylocal_swin_base_patch4_window7_224_in22k_fz.pth,,,True,1.58,8,head,False,float16,True,True,True,False,False,8.5,0.0,1.457,21.959296,,,,,31.31
server-3090,3100,soylocal,vit_b16,0,224,64,/hdd/edwin/results_backbones/cal_ckpts/soylocal_vit_b16_cal.pth,,,True,1.58,8,head,False,float16,True,True,True,False,False,9.33,0.0,1.0117,23.266624,,,,,148.4
server-3090,3100,soylocal,vit_b16,0,224,64,/hdd/edwin/results_backbones/ft_ckpts/soylocal_vit_b16.pth,,,True,1.58,8,head,False,float16,True,True,True,False,False,11.67,0.0,0.6055,22.16852,,,,,27.93
server-3090,3100,soylocal,vit_b16,0,224,64,/hdd/edwin/results_backbones/fz_ckpts/soylocal_vit_b16_fz.pth,,,True,1.58,8,head,False,float16,True,True,True,False,False,9.5,0.0,0.6055,22.16852,,,,,28.91
server-3090,3101,soylocal,beitv2_base_patch16_224_in22k,0,224,64,/hdd/edwin/results_backbones/cal_ckpts/soylocal_beitv2_base_patch16_224_in22k_cal.pth,,,True,1.58,32,head,False,float16,True,True,True,False,False,0.83,0.0,0.8477,23.259136,,,,,84.64
server-3090,3101,soylocal,beitv2_base_patch16_224_in22k,0,224,64,/hdd/edwin/results_backbones/ft_ckpts/soylocal_beitv2_base_patch16_224_in22k.pth,,,True,1.58,32,head,False,float16,True,True,True,False,False,0.33,0.0,0.5137,22.159496,,,,,24.15
server-3090,3101,soylocal,beitv2_base_patch16_224_in22k,0,224,64,/hdd/edwin/results_backbones/fz_ckpts/soylocal_beitv2_base_patch16_224_in22k_fz.pth,,,True,1.58,32,head,False,float16,True,True,True,False,False,0.0,0.0,0.5137,22.159496,,,,,23.97
server-3090,3101,soylocal,swin_base_patch4_window7_224_in22k,0,224,64,/hdd/edwin/results_backbones/cal_ckpts/soylocal_swin_base_patch4_window7_224_in22k_cal.pth,,,True,1.58,32,head,False,float16,True,True,True,False,False,1.33,0.0,1.8066,23.425528,,,,,105.7
server-3090,3101,soylocal,swin_base_patch4_window7_224_in22k,0,224,64,/hdd/edwin/results_backbones/ft_ckpts/soylocal_swin_base_patch4_window7_224_in22k.pth,,,True,1.58,32,head,False,float16,True,True,True,False,False,0.17,0.0,1.4277,21.959296,,,,,27.26
server-3090,3101,soylocal,swin_base_patch4_window7_224_in22k,0,224,64,/hdd/edwin/results_backbones/fz_ckpts/soylocal_swin_base_patch4_window7_224_in22k_fz.pth,,,True,1.58,32,head,False,float16,True,True,True,False,False,1.0,0.0,1.4277,21.959296,,,,,27.61
server-3090,3101,soylocal,vit_b16,0,224,64,/hdd/edwin/results_backbones/cal_ckpts/soylocal_vit_b16_cal.pth,,,True,1.58,32,head,False,float16,True,True,True,False,False,1.17,0.0,0.9824,23.266624,,,,,95.55
server-3090,3101,soylocal,vit_b16,0,224,64,/hdd/edwin/results_backbones/ft_ckpts/soylocal_vit_b16.pth,,,True,1.58,32,head,False,float16,True,True,True,False,False,1.0,0.0,0.5742,22.16852,,,,,25.18
server-3090,3101,soylocal,vit_b16,0,224,64,/hdd/edwin/results_backbones/fz_ckpts/soylocal_vit_b16_fz.pth,,,True,1.58,32,head,False,float16,True,True,True,False,False,2.17,0.0,0.5742,22.16852,,,,,25.68
server-3090,3102,soylocal,beitv2_base_patch16_224_in22k,0,224,64,/hdd/edwin/results_backbones/cal_ckpts/soylocal_beitv2_base_patch16_224_in22k_cal.pth,,,True,1.58,128,head,False,float16,True,True,True,False,False,0.67,0.0,0.8398,23.259136,,,,,85.82
server-3090,3102,soylocal,beitv2_base_patch16_224_in22k,0,224,64,/hdd/edwin/results_backbones/ft_ckpts/soylocal_beitv2_base_patch16_224_in22k.pth,,,True,1.58,128,head,False,float16,True,True,True,False,False,0.5,0.0,0.5059,22.159496,,,,,23.92
server-3090,3102,soylocal,beitv2_base_patch16_224_in22k,0,224,64,/hdd/edwin/results_backbones/fz_ckpts/soylocal_beitv2_base_patch16_224_in22k_fz.pth,,,True,1.58,128,head,False,float16,True,True,True,False,False,0.67,0.0,0.5059,22.159496,,,,,24.48
server-3090,3102,soylocal,swin_base_patch4_window7_224_in22k,0,224,64,/hdd/edwin/results_backbones/cal_ckpts/soylocal_swin_base_patch4_window7_224_in22k_cal.pth,,,True,1.58,128,head,False,float16,True,True,True,False,False,0.17,0.0,1.7988,23.425528,,,,,106.64
server-3090,3102,soylocal,swin_base_patch4_window7_224_in22k,0,224,64,/hdd/edwin/results_backbones/ft_ckpts/soylocal_swin_base_patch4_window7_224_in22k.pth,,,True,1.58,128,head,False,float16,True,True,True,False,False,0.17,0.0,1.4199,21.959296,,,,,27.9
server-3090,3102,soylocal,swin_base_patch4_window7_224_in22k,0,224,64,/hdd/edwin/results_backbones/fz_ckpts/soylocal_swin_base_patch4_window7_224_in22k_fz.pth,,,True,1.58,128,head,False,float16,True,True,True,False,False,0.5,0.0,1.4199,21.959296,,,,,28.41
server-3090,3102,soylocal,vit_b16,0,224,64,/hdd/edwin/results_backbones/cal_ckpts/soylocal_vit_b16_cal.pth,,,True,1.58,128,head,False,float16,True,True,True,False,False,0.5,0.0,0.9746,23.266624,,,,,96.94
server-3090,3102,soylocal,vit_b16,0,224,64,/hdd/edwin/results_backbones/ft_ckpts/soylocal_vit_b16.pth,,,True,1.58,128,head,False,float16,True,True,True,False,False,0.83,0.0,0.5664,22.16852,,,,,25.09
server-3090,3102,soylocal,vit_b16,0,224,64,/hdd/edwin/results_backbones/fz_ckpts/soylocal_vit_b16_fz.pth,,,True,1.58,128,head,False,float16,True,True,True,False,False,0.17,0.0,0.5664,22.16852,,,,,25.28
server-3090,3103,soylocal,beitv2_base_patch16_224_in22k,0,224,64,/hdd/edwin/results_backbones/cal_ckpts/soylocal_beitv2_base_patch16_224_in22k_cal.pth,,,True,1.58,512,head,False,float16,True,True,True,False,False,0.5,0.0,0.8379,23.259136,,,,,85.19
server-3090,3103,soylocal,beitv2_base_patch16_224_in22k,0,224,64,/hdd/edwin/results_backbones/ft_ckpts/soylocal_beitv2_base_patch16_224_in22k.pth,,,True,1.58,512,head,False,float16,True,True,True,False,False,0.5,0.0,0.5039,22.159496,,,,,23.92
server-3090,3103,soylocal,beitv2_base_patch16_224_in22k,0,224,64,/hdd/edwin/results_backbones/fz_ckpts/soylocal_beitv2_base_patch16_224_in22k_fz.pth,,,True,1.58,512,head,False,float16,True,True,True,False,False,0.5,0.0,0.5039,22.159496,,,,,26.3
server-3090,3103,soylocal,swin_base_patch4_window7_224_in22k,0,224,64,/hdd/edwin/results_backbones/cal_ckpts/soylocal_swin_base_patch4_window7_224_in22k_cal.pth,,,True,1.58,512,head,False,float16,True,True,True,False,False,0.33,0.0,1.7949,23.425528,,,,,105.71
server-3090,3103,soylocal,swin_base_patch4_window7_224_in22k,0,224,64,/hdd/edwin/results_backbones/ft_ckpts/soylocal_swin_base_patch4_window7_224_in22k.pth,,,True,1.58,512,head,False,float16,True,True,True,False,False,1.17,0.0,1.418,21.959296,,,,,27.34
server-3090,3103,soylocal,swin_base_patch4_window7_224_in22k,0,224,64,/hdd/edwin/results_backbones/fz_ckpts/soylocal_swin_base_patch4_window7_224_in22k_fz.pth,,,True,1.58,512,head,False,float16,True,True,True,False,False,0.17,0.0,1.418,21.959296,,,,,27.01
server-3090,3103,soylocal,vit_b16,0,224,64,/hdd/edwin/results_backbones/cal_ckpts/soylocal_vit_b16_cal.pth,,,True,1.58,512,head,False,float16,True,True,True,False,False,0.5,0.0,0.9727,23.266624,,,,,95.84
server-3090,3103,soylocal,vit_b16,0,224,64,/hdd/edwin/results_backbones/ft_ckpts/soylocal_vit_b16.pth,,,True,1.58,512,head,False,float16,True,True,True,False,False,0.33,0.0,0.5645,22.16852,,,,,26.35
server-3090,3103,soylocal,vit_b16,0,224,64,/hdd/edwin/results_backbones/fz_ckpts/soylocal_vit_b16_fz.pth,,,True,1.58,512,head,False,float16,True,True,True,False,False,0.5,0.0,0.5645,22.16852,,,,,25.49
server-3090,3200,soylocal,beitv2_base_patch16_224_in22k,0,224,64,/hdd/edwin/results_backbones/cal_ckpts/soylocal_beitv2_base_patch16_224_in22k_cal.pth,,,True,2.0,8,head,False,float16,True,True,True,False,False,15.67,0.0,0.8633,23.259136,,,,,84.47
server-3090,3200,soylocal,beitv2_base_patch16_224_in22k,0,224,64,/hdd/edwin/results_backbones/ft_ckpts/soylocal_beitv2_base_patch16_224_in22k.pth,,,True,2.0,8,head,False,float16,True,True,True,False,False,3.67,0.0,0.5488,22.159496,,,,,24.03
server-3090,3200,soylocal,beitv2_base_patch16_224_in22k,0,224,64,/hdd/edwin/results_backbones/fz_ckpts/soylocal_beitv2_base_patch16_224_in22k_fz.pth,,,True,2.0,8,head,False,float16,True,True,True,False,False,4.83,0.0,0.5469,22.159496,,,,,24.6
server-3090,3200,soylocal,swin_base_patch4_window7_224_in22k,0,224,64,/hdd/edwin/results_backbones/cal_ckpts/soylocal_swin_base_patch4_window7_224_in22k_cal.pth,,,True,2.0,8,head,False,float16,True,True,True,False,False,15.83,0.0,1.8496,23.425528,,,,,104.66
server-3090,3200,soylocal,swin_base_patch4_window7_224_in22k,0,224,64,/hdd/edwin/results_backbones/ft_ckpts/soylocal_swin_base_patch4_window7_224_in22k.pth,,,True,2.0,8,head,False,float16,True,True,True,False,False,10.67,0.0,1.459,21.959296,,,,,26.85
server-3090,3200,soylocal,swin_base_patch4_window7_224_in22k,0,224,64,/hdd/edwin/results_backbones/fz_ckpts/soylocal_swin_base_patch4_window7_224_in22k_fz.pth,,,True,2.0,8,head,False,float16,True,True,True,False,False,16.67,0.0,1.459,21.959296,,,,,28.25
server-3090,3200,soylocal,vit_b16,0,224,64,/hdd/edwin/results_backbones/cal_ckpts/soylocal_vit_b16_cal.pth,,,True,2.0,8,head,False,float16,True,True,True,False,False,12.5,0.0,1.0137,23.266624,,,,,96.14
server-3090,3200,soylocal,vit_b16,0,224,64,/hdd/edwin/results_backbones/ft_ckpts/soylocal_vit_b16.pth,,,True,2.0,8,head,False,float16,True,True,True,False,False,17.67,0.0,0.6055,22.16852,,,,,25.77
server-3090,3200,soylocal,vit_b16,0,224,64,/hdd/edwin/results_backbones/fz_ckpts/soylocal_vit_b16_fz.pth,,,True,2.0,8,head,False,float16,True,True,True,False,False,14.17,0.0,0.6055,22.16852,,,,,25.44
server-3090,3201,soylocal,beitv2_base_patch16_224_in22k,0,224,64,/hdd/edwin/results_backbones/cal_ckpts/soylocal_beitv2_base_patch16_224_in22k_cal.pth,,,True,2.0,32,head,False,float16,True,True,True,False,False,2.33,0.0,0.8477,23.259136,,,,,84.69
server-3090,3201,soylocal,beitv2_base_patch16_224_in22k,0,224,64,/hdd/edwin/results_backbones/ft_ckpts/soylocal_beitv2_base_patch16_224_in22k.pth,,,True,2.0,32,head,False,float16,True,True,True,False,False,2.33,0.0,0.5156,22.159496,,,,,23.75
server-3090,3201,soylocal,beitv2_base_patch16_224_in22k,0,224,64,/hdd/edwin/results_backbones/fz_ckpts/soylocal_beitv2_base_patch16_224_in22k_fz.pth,,,True,2.0,32,head,False,float16,True,True,True,False,False,0.83,0.0,0.5137,22.159496,,,,,23.87
server-3090,3201,soylocal,swin_base_patch4_window7_224_in22k,0,224,64,/hdd/edwin/results_backbones/cal_ckpts/soylocal_swin_base_patch4_window7_224_in22k_cal.pth,,,True,2.0,32,head,False,float16,True,True,True,False,False,4.17,0.0,1.8066,23.425528,,,,,105.22
server-3090,3201,soylocal,swin_base_patch4_window7_224_in22k,0,224,64,/hdd/edwin/results_backbones/ft_ckpts/soylocal_swin_base_patch4_window7_224_in22k.pth,,,True,2.0,32,head,False,float16,True,True,True,False,False,3.0,0.0,1.4277,21.959296,,,,,27.97
server-3090,3201,soylocal,swin_base_patch4_window7_224_in22k,0,224,64,/hdd/edwin/results_backbones/fz_ckpts/soylocal_swin_base_patch4_window7_224_in22k_fz.pth,,,True,2.0,32,head,False,float16,True,True,True,False,False,5.83,0.0,1.4297,21.959296,,,,,28.18
server-3090,3201,soylocal,vit_b16,0,224,64,/hdd/edwin/results_backbones/cal_ckpts/soylocal_vit_b16_cal.pth,,,True,2.0,32,head,False,float16,True,True,True,False,False,4.83,0.0,0.9824,23.266624,,,,,95.33
server-3090,3201,soylocal,vit_b16,0,224,64,/hdd/edwin/results_backbones/ft_ckpts/soylocal_vit_b16.pth,,,True,2.0,32,head,False,float16,True,True,True,False,False,10.0,0.0,0.5742,22.16852,,,,,25.01
server-3090,3201,soylocal,vit_b16,0,224,64,/hdd/edwin/results_backbones/fz_ckpts/soylocal_vit_b16_fz.pth,,,True,2.0,32,head,False,float16,True,True,True,False,False,7.5,0.0,0.5742,22.16852,,,,,26.69
server-3090,3202,soylocal,beitv2_base_patch16_224_in22k,0,224,64,/hdd/edwin/results_backbones/cal_ckpts/soylocal_beitv2_base_patch16_224_in22k_cal.pth,,,True,2.0,128,head,False,float16,True,True,True,False,False,0.83,0.0,0.8398,23.259136,,,,,86.17
server-3090,3202,soylocal,beitv2_base_patch16_224_in22k,0,224,64,/hdd/edwin/results_backbones/ft_ckpts/soylocal_beitv2_base_patch16_224_in22k.pth,,,True,2.0,128,head,False,float16,True,True,True,False,False,0.5,0.0,0.5059,22.159496,,,,,24.51
server-3090,3202,soylocal,beitv2_base_patch16_224_in22k,0,224,64,/hdd/edwin/results_backbones/fz_ckpts/soylocal_beitv2_base_patch16_224_in22k_fz.pth,,,True,2.0,128,head,False,float16,True,True,True,False,False,0.5,0.0,0.5059,22.159496,,,,,23.94
server-3090,3202,soylocal,swin_base_patch4_window7_224_in22k,0,224,64,/hdd/edwin/results_backbones/cal_ckpts/soylocal_swin_base_patch4_window7_224_in22k_cal.pth,,,True,2.0,128,head,False,float16,True,True,True,False,False,1.5,0.0,1.7988,23.425528,,,,,106.55
server-3090,3202,soylocal,swin_base_patch4_window7_224_in22k,0,224,64,/hdd/edwin/results_backbones/ft_ckpts/soylocal_swin_base_patch4_window7_224_in22k.pth,,,True,2.0,128,head,False,float16,True,True,True,False,False,0.17,0.0,1.4199,21.959296,,,,,27.59
server-3090,3202,soylocal,swin_base_patch4_window7_224_in22k,0,224,64,/hdd/edwin/results_backbones/fz_ckpts/soylocal_swin_base_patch4_window7_224_in22k_fz.pth,,,True,2.0,128,head,False,float16,True,True,True,False,False,2.0,0.0,1.4199,21.959296,,,,,28.0
server-3090,3202,soylocal,vit_b16,0,224,64,/hdd/edwin/results_backbones/cal_ckpts/soylocal_vit_b16_cal.pth,,,True,2.0,128,head,False,float16,True,True,True,False,False,2.17,0.0,0.9746,23.266624,,,,,96.18
server-3090,3202,soylocal,vit_b16,0,224,64,/hdd/edwin/results_backbones/ft_ckpts/soylocal_vit_b16.pth,,,True,2.0,128,head,False,float16,True,True,True,False,False,1.5,0.0,0.5664,22.16852,,,,,25.16
server-3090,3202,soylocal,vit_b16,0,224,64,/hdd/edwin/results_backbones/fz_ckpts/soylocal_vit_b16_fz.pth,,,True,2.0,128,head,False,float16,True,True,True,False,False,2.33,0.0,0.5664,22.16852,,,,,25.53
server-3090,3203,soylocal,beitv2_base_patch16_224_in22k,0,224,64,/hdd/edwin/results_backbones/cal_ckpts/soylocal_beitv2_base_patch16_224_in22k_cal.pth,,,True,2.0,512,head,False,float16,True,True,True,False,False,0.33,0.0,0.8379,23.259136,,,,,63.43
server-3090,3203,soylocal,beitv2_base_patch16_224_in22k,0,224,64,/hdd/edwin/results_backbones/ft_ckpts/soylocal_beitv2_base_patch16_224_in22k.pth,,,True,2.0,512,head,False,float16,True,True,True,False,False,0.5,0.0,0.5039,22.159496,,,,,24.24
server-3090,3203,soylocal,beitv2_base_patch16_224_in22k,0,224,64,/hdd/edwin/results_backbones/fz_ckpts/soylocal_beitv2_base_patch16_224_in22k_fz.pth,,,True,2.0,512,head,False,float16,True,True,True,False,False,0.67,0.0,0.5039,22.159496,,,,,24.09
server-3090,3203,soylocal,swin_base_patch4_window7_224_in22k,0,224,64,/hdd/edwin/results_backbones/cal_ckpts/soylocal_swin_base_patch4_window7_224_in22k_cal.pth,,,True,2.0,512,head,False,float16,True,True,True,False,False,0.5,0.0,1.7949,23.425528,,,,,107.3
server-3090,3203,soylocal,swin_base_patch4_window7_224_in22k,0,224,64,/hdd/edwin/results_backbones/ft_ckpts/soylocal_swin_base_patch4_window7_224_in22k.pth,,,True,2.0,512,head,False,float16,True,True,True,False,False,0.67,0.0,1.418,21.959296,,,,,27.89
server-3090,3203,soylocal,swin_base_patch4_window7_224_in22k,0,224,64,/hdd/edwin/results_backbones/fz_ckpts/soylocal_swin_base_patch4_window7_224_in22k_fz.pth,,,True,2.0,512,head,False,float16,True,True,True,False,False,1.0,0.0,1.418,21.959296,,,,,28.23
server-3090,3203,soylocal,vit_b16,0,224,64,/hdd/edwin/results_backbones/cal_ckpts/soylocal_vit_b16_cal.pth,,,True,2.0,512,head,False,float16,True,True,True,False,False,0.33,0.0,0.9727,23.266624,,,,,96.24
server-3090,3203,soylocal,vit_b16,0,224,64,/hdd/edwin/results_backbones/ft_ckpts/soylocal_vit_b16.pth,,,True,2.0,512,head,False,float16,True,True,True,False,False,0.17,0.0,0.5645,22.16852,,,,,25.68
server-3090,3203,soylocal,vit_b16,0,224,64,/hdd/edwin/results_backbones/fz_ckpts/soylocal_vit_b16_fz.pth,,,True,2.0,512,head,False,float16,True,True,True,False,False,0.67,0.0,0.5645,22.16852,,,,,26.4
server-3090,3300,soylocal,beitv2_base_patch16_224_in22k,0,224,64,/hdd/edwin/results_backbones/cal_ckpts/soylocal_beitv2_base_patch16_224_in22k_cal.pth,,,True,3.0,8,head,False,float16,True,True,True,False,False,20.5,0.0,0.9141,9.781888,,,,,85.53
server-3090,3300,soylocal,beitv2_base_patch16_224_in22k,0,224,64,/hdd/edwin/results_backbones/ft_ckpts/soylocal_beitv2_base_patch16_224_in22k.pth,,,True,3.0,8,head,False,float16,True,True,True,False,False,10.67,0.0,0.5605,9.419528,,,,,24.42
server-3090,3300,soylocal,beitv2_base_patch16_224_in22k,0,224,64,/hdd/edwin/results_backbones/fz_ckpts/soylocal_beitv2_base_patch16_224_in22k_fz.pth,,,True,3.0,8,head,False,float16,True,True,True,False,False,12.0,0.0,0.5625,9.419528,,,,,25.63
server-3090,3300,soylocal,swin_base_patch4_window7_224_in22k,0,224,64,/hdd/edwin/results_backbones/cal_ckpts/soylocal_swin_base_patch4_window7_224_in22k_cal.pth,,,True,3.0,8,head,False,float16,True,True,True,False,False,31.33,0.0,1.8828,9.466808,,,,,109.11
server-3090,3300,soylocal,swin_base_patch4_window7_224_in22k,0,224,64,/hdd/edwin/results_backbones/ft_ckpts/soylocal_swin_base_patch4_window7_224_in22k.pth,,,True,3.0,8,head,False,float16,True,True,True,False,False,22.5,0.0,1.502,8.983616,,,,,28.32
server-3090,3300,soylocal,swin_base_patch4_window7_224_in22k,0,224,64,/hdd/edwin/results_backbones/fz_ckpts/soylocal_swin_base_patch4_window7_224_in22k_fz.pth,,,True,3.0,8,head,False,float16,True,True,True,False,False,29.0,0.0,1.5,8.983616,,,,,27.64
server-3090,3300,soylocal,vit_b16,0,224,64,/hdd/edwin/results_backbones/cal_ckpts/soylocal_vit_b16_cal.pth,,,True,3.0,8,head,False,float16,True,True,True,False,False,22.83,0.0,1.0293,9.789376,,,,,78.7
server-3090,3300,soylocal,vit_b16,0,224,64,/hdd/edwin/results_backbones/ft_ckpts/soylocal_vit_b16.pth,,,True,3.0,8,head,False,float16,True,True,True,False,False,24.33,0.0,0.6211,9.428552,,,,,25.77
server-3090,3300,soylocal,vit_b16,0,224,64,/hdd/edwin/results_backbones/fz_ckpts/soylocal_vit_b16_fz.pth,,,True,3.0,8,head,False,float16,True,True,True,False,False,22.83,0.0,0.6211,9.428552,,,,,26.24
server-3090,3301,soylocal,beitv2_base_patch16_224_in22k,0,224,64,/hdd/edwin/results_backbones/cal_ckpts/soylocal_beitv2_base_patch16_224_in22k_cal.pth,,,True,3.0,32,head,False,float16,True,True,True,False,False,17.33,0.0,0.8438,9.782272,,,,,193.16
server-3090,3301,soylocal,beitv2_base_patch16_224_in22k,0,224,64,/hdd/edwin/results_backbones/ft_ckpts/soylocal_beitv2_base_patch16_224_in22k.pth,,,True,3.0,32,head,False,float16,True,True,True,False,False,10.33,0.0,0.5273,9.419912,,,,,23.81
server-3090,3301,soylocal,beitv2_base_patch16_224_in22k,0,224,64,/hdd/edwin/results_backbones/fz_ckpts/soylocal_beitv2_base_patch16_224_in22k_fz.pth,,,True,3.0,32,head,False,float16,True,True,True,False,False,11.83,0.0,0.5273,9.419912,,,,,23.66
server-3090,3301,soylocal,swin_base_patch4_window7_224_in22k,0,224,64,/hdd/edwin/results_backbones/cal_ckpts/soylocal_swin_base_patch4_window7_224_in22k_cal.pth,,,True,3.0,32,head,False,float16,True,True,True,False,False,22.17,0.0,1.8457,9.467736,,,,,230.89
server-3090,3301,soylocal,swin_base_patch4_window7_224_in22k,0,224,64,/hdd/edwin/results_backbones/ft_ckpts/soylocal_swin_base_patch4_window7_224_in22k.pth,,,True,3.0,32,head,False,float16,True,True,True,False,False,15.17,0.0,1.4863,8.984544,,,,,27.62
server-3090,3301,soylocal,swin_base_patch4_window7_224_in22k,0,224,64,/hdd/edwin/results_backbones/fz_ckpts/soylocal_swin_base_patch4_window7_224_in22k_fz.pth,,,True,3.0,32,head,False,float16,True,True,True,False,False,20.33,0.0,1.4863,8.984544,,,,,27.94
server-3090,3301,soylocal,vit_b16,0,224,64,/hdd/edwin/results_backbones/cal_ckpts/soylocal_vit_b16_cal.pth,,,True,3.0,32,head,False,float16,True,True,True,False,False,17.5,0.0,0.9961,9.790528,,,,,127.28
server-3090,3301,soylocal,vit_b16,0,224,64,/hdd/edwin/results_backbones/ft_ckpts/soylocal_vit_b16.pth,,,True,3.0,32,head,False,float16,True,True,True,False,False,24.33,0.0,0.5879,9.429704,,,,,26.56
server-3090,3301,soylocal,vit_b16,0,224,64,/hdd/edwin/results_backbones/fz_ckpts/soylocal_vit_b16_fz.pth,,,True,3.0,32,head,False,float16,True,True,True,False,False,15.0,0.0,0.5879,9.429704,,,,,25.41
server-3090,3302,soylocal,beitv2_base_patch16_224_in22k,0,224,64,/hdd/edwin/results_backbones/cal_ckpts/soylocal_beitv2_base_patch16_224_in22k_cal.pth,,,True,3.0,128,head,False,float16,True,True,True,False,False,15.33,0.0,0.834,9.785344,,,,,147.46
server-3090,3302,soylocal,beitv2_base_patch16_224_in22k,0,224,64,/hdd/edwin/results_backbones/ft_ckpts/soylocal_beitv2_base_patch16_224_in22k.pth,,,True,3.0,128,head,False,float16,True,True,True,False,False,4.67,0.0,0.5195,9.422984,,,,,31.23
server-3090,3302,soylocal,beitv2_base_patch16_224_in22k,0,224,64,/hdd/edwin/results_backbones/fz_ckpts/soylocal_beitv2_base_patch16_224_in22k_fz.pth,,,True,3.0,128,head,False,float16,True,True,True,False,False,0.83,0.0,0.5195,9.422984,,,,,33.23
server-3090,3302,soylocal,swin_base_patch4_window7_224_in22k,0,224,64,/hdd/edwin/results_backbones/cal_ckpts/soylocal_swin_base_patch4_window7_224_in22k_cal.pth,,,True,3.0,128,head,False,float16,True,True,True,False,False,18.17,0.0,1.8359,9.473528,,,,,179.88
server-3090,3302,soylocal,swin_base_patch4_window7_224_in22k,0,224,64,/hdd/edwin/results_backbones/ft_ckpts/soylocal_swin_base_patch4_window7_224_in22k.pth,,,True,3.0,128,head,False,float16,True,True,True,False,False,11.0,0.0,1.4766,8.990336,,,,,46.53
server-3090,3302,soylocal,swin_base_patch4_window7_224_in22k,0,224,64,/hdd/edwin/results_backbones/fz_ckpts/soylocal_swin_base_patch4_window7_224_in22k_fz.pth,,,True,3.0,128,head,False,float16,True,True,True,False,False,12.5,0.0,1.4766,8.990336,,,,,43.27
server-3090,3302,soylocal,vit_b16,0,224,64,/hdd/edwin/results_backbones/cal_ckpts/soylocal_vit_b16_cal.pth,,,True,3.0,128,head,False,float16,True,True,True,False,False,19.17,0.0,0.9863,9.792832,,,,,141.51
server-3090,3302,soylocal,vit_b16,0,224,64,/hdd/edwin/results_backbones/ft_ckpts/soylocal_vit_b16.pth,,,True,3.0,128,head,False,float16,True,True,True,False,False,19.83,0.0,0.5801,9.432008,,,,,36.11
server-3090,3302,soylocal,vit_b16,0,224,64,/hdd/edwin/results_backbones/fz_ckpts/soylocal_vit_b16_fz.pth,,,True,3.0,128,head,False,float16,True,True,True,False,False,19.17,0.0,0.5801,9.432008,,,,,39.08
server-3090,3303,soylocal,beitv2_base_patch16_224_in22k,0,224,64,/hdd/edwin/results_backbones/cal_ckpts/soylocal_beitv2_base_patch16_224_in22k_cal.pth,,,True,3.0,512,head,False,float16,True,True,True,False,False,7.67,0.0,0.834,9.791488,,,,,160.69
server-3090,3303,soylocal,beitv2_base_patch16_224_in22k,0,224,64,/hdd/edwin/results_backbones/ft_ckpts/soylocal_beitv2_base_patch16_224_in22k.pth,,,True,3.0,512,head,False,float16,True,True,True,False,False,3.17,0.0,0.5176,9.429128,,,,,28.4
server-3090,3303,soylocal,beitv2_base_patch16_224_in22k,0,224,64,/hdd/edwin/results_backbones/fz_ckpts/soylocal_beitv2_base_patch16_224_in22k_fz.pth,,,True,3.0,512,head,False,float16,True,True,True,False,False,0.83,0.0,0.5176,9.429128,,,,,27.9
server-3090,3303,soylocal,swin_base_patch4_window7_224_in22k,0,224,64,/hdd/edwin/results_backbones/cal_ckpts/soylocal_swin_base_patch4_window7_224_in22k_cal.pth,,,True,3.0,512,head,False,float16,True,True,True,False,False,13.33,0.0,1.834,9.488376,,,,,191.44
server-3090,3303,soylocal,swin_base_patch4_window7_224_in22k,0,224,64,/hdd/edwin/results_backbones/ft_ckpts/soylocal_swin_base_patch4_window7_224_in22k.pth,,,True,3.0,512,head,False,float16,True,True,True,False,False,9.17,0.0,1.4746,9.005184,,,,,34.01
server-3090,3303,soylocal,swin_base_patch4_window7_224_in22k,0,224,64,/hdd/edwin/results_backbones/fz_ckpts/soylocal_swin_base_patch4_window7_224_in22k_fz.pth,,,True,3.0,512,head,False,float16,True,True,True,False,False,10.5,0.0,1.4746,9.005184,,,,,34.11
server-3090,3303,soylocal,vit_b16,0,224,64,/hdd/edwin/results_backbones/cal_ckpts/soylocal_vit_b16_cal.pth,,,True,3.0,512,head,False,float16,True,True,True,False,False,14.0,0.0,0.9863,9.811264,,,,,177.03
server-3090,3303,soylocal,vit_b16,0,224,64,/hdd/edwin/results_backbones/ft_ckpts/soylocal_vit_b16.pth,,,True,3.0,512,head,False,float16,True,True,True,False,False,14.17,0.0,0.5801,9.45044,,,,,30.41
server-3090,3303,soylocal,vit_b16,0,224,64,/hdd/edwin/results_backbones/fz_ckpts/soylocal_vit_b16_fz.pth,,,True,3.0,512,head,False,float16,True,True,True,False,False,9.83,0.0,0.5801,9.45044,,,,,30.96
server-3090,3400,soylocal,beitv2_base_patch16_224_in22k,0,224,64,/hdd/edwin/results_backbones/cal_ckpts/soylocal_beitv2_base_patch16_224_in22k_cal.pth,,,True,4.0,8,head,False,float16,True,True,True,False,False,31.0,0.0,1.0332,45.7216,,,,,90.33
server-3090,3400,soylocal,beitv2_base_patch16_224_in22k,0,224,64,/hdd/edwin/results_backbones/ft_ckpts/soylocal_beitv2_base_patch16_224_in22k.pth,,,True,4.0,8,head,False,float16,True,True,True,False,False,13.17,0.0,0.7539,43.39316,,,,,24.55
server-3090,3400,soylocal,beitv2_base_patch16_224_in22k,0,224,64,/hdd/edwin/results_backbones/fz_ckpts/soylocal_beitv2_base_patch16_224_in22k_fz.pth,,,True,4.0,8,head,False,float16,True,True,True,False,False,22.0,0.0,0.7559,43.39316,,,,,22.07
server-3090,3400,soylocal,swin_base_patch4_window7_224_in22k,0,224,64,/hdd/edwin/results_backbones/cal_ckpts/soylocal_swin_base_patch4_window7_224_in22k_cal.pth,,,True,4.0,8,head,False,float16,True,True,True,False,False,37.67,0.0,1.8652,46.690808,,,,,95.45
server-3090,3400,soylocal,swin_base_patch4_window7_224_in22k,0,224,64,/hdd/edwin/results_backbones/ft_ckpts/soylocal_swin_base_patch4_window7_224_in22k.pth,,,True,4.0,8,head,False,float16,True,True,True,False,False,26.17,0.0,1.4863,43.586176,,,,,28.91
server-3090,3400,soylocal,swin_base_patch4_window7_224_in22k,0,224,64,/hdd/edwin/results_backbones/fz_ckpts/soylocal_swin_base_patch4_window7_224_in22k_fz.pth,,,True,4.0,8,head,False,float16,True,True,True,False,False,33.33,0.0,1.4883,43.586176,,,,,31.86
server-3090,3400,soylocal,vit_b16,0,224,64,/hdd/edwin/results_backbones/cal_ckpts/soylocal_vit_b16_cal.pth,,,True,4.0,8,head,False,float16,True,True,True,False,False,24.5,0.0,1.2012,45.729088,,,,,112.93
server-3090,3400,soylocal,vit_b16,0,224,64,/hdd/edwin/results_backbones/ft_ckpts/soylocal_vit_b16.pth,,,True,4.0,8,head,False,float16,True,True,True,False,False,25.67,0.0,0.8125,43.402184,,,,,25.8
server-3090,3400,soylocal,vit_b16,0,224,64,/hdd/edwin/results_backbones/fz_ckpts/soylocal_vit_b16_fz.pth,,,True,4.0,8,head,False,float16,True,True,True,False,False,22.0,0.0,0.8125,43.402184,,,,,27.58
server-3090,3401,soylocal,beitv2_base_patch16_224_in22k,0,224,64,/hdd/edwin/results_backbones/cal_ckpts/soylocal_beitv2_base_patch16_224_in22k_cal.pth,,,True,4.0,32,head,False,float16,True,True,True,False,False,26.5,0.0,1.002,45.7216,,,,,94.92
server-3090,3401,soylocal,beitv2_base_patch16_224_in22k,0,224,64,/hdd/edwin/results_backbones/ft_ckpts/soylocal_beitv2_base_patch16_224_in22k.pth,,,True,4.0,32,head,False,float16,True,True,True,False,False,13.0,0.0,0.7402,43.39316,,,,,23.37
server-3090,3401,soylocal,beitv2_base_patch16_224_in22k,0,224,64,/hdd/edwin/results_backbones/fz_ckpts/soylocal_beitv2_base_patch16_224_in22k_fz.pth,,,True,4.0,32,head,False,float16,True,True,True,False,False,19.67,0.0,0.7422,43.39316,,,,,24.05
server-3090,3401,soylocal,swin_base_patch4_window7_224_in22k,0,224,64,/hdd/edwin/results_backbones/cal_ckpts/soylocal_swin_base_patch4_window7_224_in22k_cal.pth,,,True,4.0,32,head,False,float16,True,True,True,False,False,35.83,0.0,1.8262,46.690808,,,,,85.69
server-3090,3401,soylocal,swin_base_patch4_window7_224_in22k,0,224,64,/hdd/edwin/results_backbones/ft_ckpts/soylocal_swin_base_patch4_window7_224_in22k.pth,,,True,4.0,32,head,False,float16,True,True,True,False,False,23.5,0.0,1.4766,43.586176,,,,,26.19
server-3090,3401,soylocal,swin_base_patch4_window7_224_in22k,0,224,64,/hdd/edwin/results_backbones/fz_ckpts/soylocal_swin_base_patch4_window7_224_in22k_fz.pth,,,True,4.0,32,head,False,float16,True,True,True,False,False,29.0,0.0,1.4766,43.586176,,,,,28.1
server-3090,3401,soylocal,vit_b16,0,224,64,/hdd/edwin/results_backbones/cal_ckpts/soylocal_vit_b16_cal.pth,,,True,4.0,32,head,False,float16,True,True,True,False,False,23.0,0.0,1.1719,45.729088,,,,,100.34
server-3090,3401,soylocal,vit_b16,0,224,64,/hdd/edwin/results_backbones/ft_ckpts/soylocal_vit_b16.pth,,,True,4.0,32,head,False,float16,True,True,True,False,False,24.83,0.0,0.8008,43.402184,,,,,24.64
server-3090,3401,soylocal,vit_b16,0,224,64,/hdd/edwin/results_backbones/fz_ckpts/soylocal_vit_b16_fz.pth,,,True,4.0,32,head,False,float16,True,True,True,False,False,21.67,0.0,0.8027,43.402184,,,,,25.82
server-3090,3402,soylocal,beitv2_base_patch16_224_in22k,0,224,64,/hdd/edwin/results_backbones/cal_ckpts/soylocal_beitv2_base_patch16_224_in22k_cal.pth,,,True,4.0,128,head,False,float16,True,True,True,False,False,23.17,0.0,0.9922,45.7216,,,,,55.33
server-3090,3402,soylocal,beitv2_base_patch16_224_in22k,0,224,64,/hdd/edwin/results_backbones/ft_ckpts/soylocal_beitv2_base_patch16_224_in22k.pth,,,True,4.0,128,head,False,float16,True,True,True,False,False,10.33,0.0,0.7344,43.39316,,,,,24.36
server-3090,3402,soylocal,beitv2_base_patch16_224_in22k,0,224,64,/hdd/edwin/results_backbones/fz_ckpts/soylocal_beitv2_base_patch16_224_in22k_fz.pth,,,True,4.0,128,head,False,float16,True,True,True,False,False,9.67,0.0,0.7344,43.39316,,,,,24.73
server-3090,3402,soylocal,swin_base_patch4_window7_224_in22k,0,224,64,/hdd/edwin/results_backbones/cal_ckpts/soylocal_swin_base_patch4_window7_224_in22k_cal.pth,,,True,4.0,128,head,False,float16,True,True,True,False,False,34.33,0.0,1.8164,46.690808,,,,,104.2
server-3090,3402,soylocal,swin_base_patch4_window7_224_in22k,0,224,64,/hdd/edwin/results_backbones/ft_ckpts/soylocal_swin_base_patch4_window7_224_in22k.pth,,,True,4.0,128,head,False,float16,True,True,True,False,False,19.83,0.0,1.4668,43.586176,,,,,27.51
server-3090,3402,soylocal,swin_base_patch4_window7_224_in22k,0,224,64,/hdd/edwin/results_backbones/fz_ckpts/soylocal_swin_base_patch4_window7_224_in22k_fz.pth,,,True,4.0,128,head,False,float16,True,True,True,False,False,29.5,0.0,1.4688,43.586176,,,,,27.82
server-3090,3402,soylocal,vit_b16,0,224,64,/hdd/edwin/results_backbones/cal_ckpts/soylocal_vit_b16_cal.pth,,,True,4.0,128,head,False,float16,True,True,True,False,False,20.83,0.0,1.1641,45.729088,,,,,94.38
server-3090,3402,soylocal,vit_b16,0,224,64,/hdd/edwin/results_backbones/ft_ckpts/soylocal_vit_b16.pth,,,True,4.0,128,head,False,float16,True,True,True,False,False,23.67,0.0,0.7949,43.402184,,,,,25.13
server-3090,3402,soylocal,vit_b16,0,224,64,/hdd/edwin/results_backbones/fz_ckpts/soylocal_vit_b16_fz.pth,,,True,4.0,128,head,False,float16,True,True,True,False,False,19.5,0.0,0.793,43.402184,,,,,26.05
server-3090,3403,soylocal,beitv2_base_patch16_224_in22k,0,224,64,/hdd/edwin/results_backbones/cal_ckpts/soylocal_beitv2_base_patch16_224_in22k_cal.pth,,,True,4.0,512,head,False,float16,True,True,True,False,False,22.0,0.0,0.9902,45.7216,,,,,96.64
server-3090,3403,soylocal,beitv2_base_patch16_224_in22k,0,224,64,/hdd/edwin/results_backbones/ft_ckpts/soylocal_beitv2_base_patch16_224_in22k.pth,,,True,4.0,512,head,False,float16,True,True,True,False,False,10.5,0.0,0.7324,43.39316,,,,,24.96
server-3090,3403,soylocal,beitv2_base_patch16_224_in22k,0,224,64,/hdd/edwin/results_backbones/fz_ckpts/soylocal_beitv2_base_patch16_224_in22k_fz.pth,,,True,4.0,512,head,False,float16,True,True,True,False,False,14.33,0.0,0.7324,43.39316,,,,,24.29
server-3090,3403,soylocal,swin_base_patch4_window7_224_in22k,0,224,64,/hdd/edwin/results_backbones/cal_ckpts/soylocal_swin_base_patch4_window7_224_in22k_cal.pth,,,True,4.0,512,head,False,float16,True,True,True,False,False,30.67,0.0,1.8145,46.690808,,,,,86.46
server-3090,3403,soylocal,swin_base_patch4_window7_224_in22k,0,224,64,/hdd/edwin/results_backbones/ft_ckpts/soylocal_swin_base_patch4_window7_224_in22k.pth,,,True,4.0,512,head,False,float16,True,True,True,False,False,20.67,0.0,1.4668,43.586176,,,,,28.33
server-3090,3403,soylocal,swin_base_patch4_window7_224_in22k,0,224,64,/hdd/edwin/results_backbones/fz_ckpts/soylocal_swin_base_patch4_window7_224_in22k_fz.pth,,,True,4.0,512,head,False,float16,True,True,True,False,False,23.67,0.0,1.4668,43.586176,,,,,29.29
server-3090,3403,soylocal,vit_b16,0,224,64,/hdd/edwin/results_backbones/cal_ckpts/soylocal_vit_b16_cal.pth,,,True,4.0,512,head,False,float16,True,True,True,False,False,21.67,0.0,1.1621,45.729088,,,,,100.93
server-3090,3403,soylocal,vit_b16,0,224,64,/hdd/edwin/results_backbones/ft_ckpts/soylocal_vit_b16.pth,,,True,4.0,512,head,False,float16,True,True,True,False,False,22.83,0.0,0.793,43.402184,,,,,26.45
server-3090,3403,soylocal,vit_b16,0,224,64,/hdd/edwin/results_backbones/fz_ckpts/soylocal_vit_b16_fz.pth,,,True,4.0,512,head,False,float16,True,True,True,False,False,22.33,0.0,0.793,43.402184,,,,,25.88
server-3090,3500,soylocal,beitv2_base_patch16_224_in22k,0,224,64,/hdd/edwin/results_backbones/cal_ckpts/soylocal_beitv2_base_patch16_224_in22k_cal.pth,,,True,5.0,8,head,False,float16,True,True,True,False,False,33.5,0.0,1.0664,90.646528,,,,,84.69
server-3090,3500,soylocal,beitv2_base_patch16_224_in22k,0,224,64,/hdd/edwin/results_backbones/ft_ckpts/soylocal_beitv2_base_patch16_224_in22k.pth,,,True,5.0,8,head,False,float16,True,True,True,False,False,14.0,0.0,0.7891,85.860488,,,,,24.12
server-3090,3500,soylocal,beitv2_base_patch16_224_in22k,0,224,64,/hdd/edwin/results_backbones/fz_ckpts/soylocal_beitv2_base_patch16_224_in22k_fz.pth,,,True,5.0,8,head,False,float16,True,True,True,False,False,24.0,0.0,0.791,85.860488,,,,,23.94
server-3090,3500,soylocal,swin_base_patch4_window7_224_in22k,0,224,64,/hdd/edwin/results_backbones/cal_ckpts/soylocal_swin_base_patch4_window7_224_in22k_cal.pth,,,True,5.0,8,head,False,float16,True,True,True,False,False,37.33,0.0,1.9141,93.221368,,,,,103.25
server-3090,3500,soylocal,swin_base_patch4_window7_224_in22k,0,224,64,/hdd/edwin/results_backbones/ft_ckpts/soylocal_swin_base_patch4_window7_224_in22k.pth,,,True,5.0,8,head,False,float16,True,True,True,False,False,25.0,0.0,1.5371,86.839936,,,,,27.59
server-3090,3500,soylocal,swin_base_patch4_window7_224_in22k,0,224,64,/hdd/edwin/results_backbones/fz_ckpts/soylocal_swin_base_patch4_window7_224_in22k_fz.pth,,,True,5.0,8,head,False,float16,True,True,True,False,False,35.5,0.0,1.5352,86.839936,,,,,27.79
server-3090,3500,soylocal,vit_b16,0,224,64,/hdd/edwin/results_backbones/cal_ckpts/soylocal_vit_b16_cal.pth,,,True,5.0,8,head,False,float16,True,True,True,False,False,24.17,0.0,1.2305,90.654016,,,,,93.7
server-3090,3500,soylocal,vit_b16,0,224,64,/hdd/edwin/results_backbones/ft_ckpts/soylocal_vit_b16.pth,,,True,5.0,8,head,False,float16,True,True,True,False,False,25.17,0.0,0.8086,85.869512,,,,,25.35
server-3090,3500,soylocal,vit_b16,0,224,64,/hdd/edwin/results_backbones/fz_ckpts/soylocal_vit_b16_fz.pth,,,True,5.0,8,head,False,float16,True,True,True,False,False,23.17,0.0,0.8086,85.869512,,,,,25.66
server-3090,3501,soylocal,beitv2_base_patch16_224_in22k,0,224,64,/hdd/edwin/results_backbones/cal_ckpts/soylocal_beitv2_base_patch16_224_in22k_cal.pth,,,True,5.0,32,head,False,float16,True,True,True,False,False,31.0,0.0,1.0332,90.646528,,,,,96.24
server-3090,3501,soylocal,beitv2_base_patch16_224_in22k,0,224,64,/hdd/edwin/results_backbones/ft_ckpts/soylocal_beitv2_base_patch16_224_in22k.pth,,,True,5.0,32,head,False,float16,True,True,True,False,False,14.0,0.0,0.7539,85.860488,,,,,24.79
server-3090,3501,soylocal,beitv2_base_patch16_224_in22k,0,224,64,/hdd/edwin/results_backbones/fz_ckpts/soylocal_beitv2_base_patch16_224_in22k_fz.pth,,,True,5.0,32,head,False,float16,True,True,True,False,False,23.33,0.0,0.7539,85.860488,,,,,25.34
server-3090,3501,soylocal,swin_base_patch4_window7_224_in22k,0,224,64,/hdd/edwin/results_backbones/cal_ckpts/soylocal_swin_base_patch4_window7_224_in22k_cal.pth,,,True,5.0,32,head,False,float16,True,True,True,False,False,37.67,0.0,1.8828,93.221368,,,,,117.19
server-3090,3501,soylocal,swin_base_patch4_window7_224_in22k,0,224,64,/hdd/edwin/results_backbones/ft_ckpts/soylocal_swin_base_patch4_window7_224_in22k.pth,,,True,5.0,32,head,False,float16,True,True,True,False,False,25.5,0.0,1.5234,86.839936,,,,,27.68
server-3090,3501,soylocal,swin_base_patch4_window7_224_in22k,0,224,64,/hdd/edwin/results_backbones/fz_ckpts/soylocal_swin_base_patch4_window7_224_in22k_fz.pth,,,True,5.0,32,head,False,float16,True,True,True,False,False,35.83,0.0,1.5234,86.839936,,,,,28.65
server-3090,3501,soylocal,vit_b16,0,224,64,/hdd/edwin/results_backbones/cal_ckpts/soylocal_vit_b16_cal.pth,,,True,5.0,32,head,False,float16,True,True,True,False,False,24.0,0.0,1.1992,90.654016,,,,,106.38
server-3090,3501,soylocal,vit_b16,0,224,64,/hdd/edwin/results_backbones/ft_ckpts/soylocal_vit_b16.pth,,,True,5.0,32,head,False,float16,True,True,True,False,False,25.83,0.0,0.7754,85.869512,,,,,25.95
server-3090,3501,soylocal,vit_b16,0,224,64,/hdd/edwin/results_backbones/fz_ckpts/soylocal_vit_b16_fz.pth,,,True,5.0,32,head,False,float16,True,True,True,False,False,23.0,0.0,0.7773,85.869512,,,,,26.61
server-3090,3502,soylocal,beitv2_base_patch16_224_in22k,0,224,64,/hdd/edwin/results_backbones/cal_ckpts/soylocal_beitv2_base_patch16_224_in22k_cal.pth,,,True,5.0,128,head,False,float16,True,True,True,False,False,33.83,0.0,1.0254,90.646528,,,,,74.13
server-3090,3502,soylocal,beitv2_base_patch16_224_in22k,0,224,64,/hdd/edwin/results_backbones/ft_ckpts/soylocal_beitv2_base_patch16_224_in22k.pth,,,True,5.0,128,head,False,float16,True,True,True,False,False,13.83,0.0,0.7461,85.860488,,,,,24.94
server-3090,3502,soylocal,beitv2_base_patch16_224_in22k,0,224,64,/hdd/edwin/results_backbones/fz_ckpts/soylocal_beitv2_base_patch16_224_in22k_fz.pth,,,True,5.0,128,head,False,float16,True,True,True,False,False,22.0,0.0,0.7461,85.860488,,,,,24.83
server-3090,3502,soylocal,swin_base_patch4_window7_224_in22k,0,224,64,/hdd/edwin/results_backbones/cal_ckpts/soylocal_swin_base_patch4_window7_224_in22k_cal.pth,,,True,5.0,128,head,False,float16,True,True,True,False,False,36.83,0.0,1.873,93.221368,,,,,119.87
server-3090,3502,soylocal,swin_base_patch4_window7_224_in22k,0,224,64,/hdd/edwin/results_backbones/ft_ckpts/soylocal_swin_base_patch4_window7_224_in22k.pth,,,True,5.0,128,head,False,float16,True,True,True,False,False,25.83,0.0,1.5156,86.839936,,,,,27.53
server-3090,3502,soylocal,swin_base_patch4_window7_224_in22k,0,224,64,/hdd/edwin/results_backbones/fz_ckpts/soylocal_swin_base_patch4_window7_224_in22k_fz.pth,,,True,5.0,128,head,False,float16,True,True,True,False,False,33.17,0.0,1.5137,86.839936,,,,,29.02
server-3090,3502,soylocal,vit_b16,0,224,64,/hdd/edwin/results_backbones/cal_ckpts/soylocal_vit_b16_cal.pth,,,True,5.0,128,head,False,float16,True,True,True,False,False,24.0,0.0,1.1914,90.654016,,,,,88.46
server-3090,3502,soylocal,vit_b16,0,224,64,/hdd/edwin/results_backbones/ft_ckpts/soylocal_vit_b16.pth,,,True,5.0,128,head,False,float16,True,True,True,False,False,25.67,0.0,0.7695,85.869512,,,,,29.47
server-3090,3502,soylocal,vit_b16,0,224,64,/hdd/edwin/results_backbones/fz_ckpts/soylocal_vit_b16_fz.pth,,,True,5.0,128,head,False,float16,True,True,True,False,False,22.17,0.0,0.7695,85.869512,,,,,27.58
server-3090,3503,soylocal,beitv2_base_patch16_224_in22k,0,224,64,/hdd/edwin/results_backbones/cal_ckpts/soylocal_beitv2_base_patch16_224_in22k_cal.pth,,,True,5.0,512,head,False,float16,True,True,True,False,False,30.83,0.0,1.0234,90.646528,,,,,76.36
server-3090,3503,soylocal,beitv2_base_patch16_224_in22k,0,224,64,/hdd/edwin/results_backbones/ft_ckpts/soylocal_beitv2_base_patch16_224_in22k.pth,,,True,5.0,512,head,False,float16,True,True,True,False,False,12.83,0.0,0.7441,85.860488,,,,,26.23
server-3090,3503,soylocal,beitv2_base_patch16_224_in22k,0,224,64,/hdd/edwin/results_backbones/fz_ckpts/soylocal_beitv2_base_patch16_224_in22k_fz.pth,,,True,5.0,512,head,False,float16,True,True,True,False,False,20.0,0.0,0.7441,85.860488,,,,,24.2
server-3090,3503,soylocal,swin_base_patch4_window7_224_in22k,0,224,64,/hdd/edwin/results_backbones/cal_ckpts/soylocal_swin_base_patch4_window7_224_in22k_cal.pth,,,True,5.0,512,head,False,float16,True,True,True,False,False,35.33,0.0,1.8711,93.221368,,,,,109.62
server-3090,3503,soylocal,swin_base_patch4_window7_224_in22k,0,224,64,/hdd/edwin/results_backbones/ft_ckpts/soylocal_swin_base_patch4_window7_224_in22k.pth,,,True,5.0,512,head,False,float16,True,True,True,False,False,22.83,0.0,1.5117,86.839936,,,,,27.27
server-3090,3503,soylocal,swin_base_patch4_window7_224_in22k,0,224,64,/hdd/edwin/results_backbones/fz_ckpts/soylocal_swin_base_patch4_window7_224_in22k_fz.pth,,,True,5.0,512,head,False,float16,True,True,True,False,False,32.17,0.0,1.5117,86.839936,,,,,26.67
server-3090,3503,soylocal,vit_b16,0,224,64,/hdd/edwin/results_backbones/cal_ckpts/soylocal_vit_b16_cal.pth,,,True,5.0,512,head,False,float16,True,True,True,False,False,25.17,0.0,1.1914,90.654016,,,,,98.65
server-3090,3503,soylocal,vit_b16,0,224,64,/hdd/edwin/results_backbones/ft_ckpts/soylocal_vit_b16.pth,,,True,5.0,512,head,False,float16,True,True,True,False,False,24.17,0.0,0.7695,85.869512,,,,,26.08
server-3090,3503,soylocal,vit_b16,0,224,64,/hdd/edwin/results_backbones/fz_ckpts/soylocal_vit_b16_fz.pth,,,True,5.0,512,head,False,float16,True,True,True,False,False,23.67,0.0,0.7695,85.869512,,,,,25.07
server-3090,3600,soylocal,beitv2_base_patch16_224_in22k,0,224,64,/hdd/edwin/results_backbones/cal_ckpts/soylocal_beitv2_base_patch16_224_in22k_cal.pth,,,True,6.0,8,head,False,float16,True,True,True,False,False,33.67,0.0,1.0684,90.646528,,,,,82.94
server-3090,3600,soylocal,beitv2_base_patch16_224_in22k,0,224,64,/hdd/edwin/results_backbones/ft_ckpts/soylocal_beitv2_base_patch16_224_in22k.pth,,,True,6.0,8,head,False,float16,True,True,True,False,False,14.0,0.0,0.7891,85.860488,,,,,24.52
server-3090,3600,soylocal,beitv2_base_patch16_224_in22k,0,224,64,/hdd/edwin/results_backbones/fz_ckpts/soylocal_beitv2_base_patch16_224_in22k_fz.pth,,,True,6.0,8,head,False,float16,True,True,True,False,False,23.17,0.0,0.7891,85.860488,,,,,23.52
server-3090,3600,soylocal,swin_base_patch4_window7_224_in22k,0,224,64,/hdd/edwin/results_backbones/cal_ckpts/soylocal_swin_base_patch4_window7_224_in22k_cal.pth,,,True,6.0,8,head,False,float16,True,True,True,False,False,37.33,0.0,1.9141,93.221368,,,,,103.0
server-3090,3600,soylocal,swin_base_patch4_window7_224_in22k,0,224,64,/hdd/edwin/results_backbones/ft_ckpts/soylocal_swin_base_patch4_window7_224_in22k.pth,,,True,6.0,8,head,False,float16,True,True,True,False,False,26.0,0.0,1.5371,86.839936,,,,,28.58
server-3090,3600,soylocal,swin_base_patch4_window7_224_in22k,0,224,64,/hdd/edwin/results_backbones/fz_ckpts/soylocal_swin_base_patch4_window7_224_in22k_fz.pth,,,True,6.0,8,head,False,float16,True,True,True,False,False,34.83,0.0,1.5371,86.839936,,,,,26.8
server-3090,3600,soylocal,vit_b16,0,224,64,/hdd/edwin/results_backbones/cal_ckpts/soylocal_vit_b16_cal.pth,,,True,6.0,8,head,False,float16,True,True,True,False,False,24.33,0.0,1.2285,90.654016,,,,,93.25
server-3090,3600,soylocal,vit_b16,0,224,64,/hdd/edwin/results_backbones/ft_ckpts/soylocal_vit_b16.pth,,,True,6.0,8,head,False,float16,True,True,True,False,False,26.33,0.0,0.8086,85.869512,,,,,25.76
server-3090,3600,soylocal,vit_b16,0,224,64,/hdd/edwin/results_backbones/fz_ckpts/soylocal_vit_b16_fz.pth,,,True,6.0,8,head,False,float16,True,True,True,False,False,23.33,0.0,0.8086,85.869512,,,,,24.82
server-3090,3601,soylocal,beitv2_base_patch16_224_in22k,0,224,64,/hdd/edwin/results_backbones/cal_ckpts/soylocal_beitv2_base_patch16_224_in22k_cal.pth,,,True,6.0,32,head,False,float16,True,True,True,False,False,34.5,0.0,1.0332,90.646528,,,,,88.99
server-3090,3601,soylocal,beitv2_base_patch16_224_in22k,0,224,64,/hdd/edwin/results_backbones/ft_ckpts/soylocal_beitv2_base_patch16_224_in22k.pth,,,True,6.0,32,head,False,float16,True,True,True,False,False,14.5,0.0,0.7539,85.860488,,,,,23.77
server-3090,3601,soylocal,beitv2_base_patch16_224_in22k,0,224,64,/hdd/edwin/results_backbones/fz_ckpts/soylocal_beitv2_base_patch16_224_in22k_fz.pth,,,True,6.0,32,head,False,float16,True,True,True,False,False,24.5,0.0,0.7539,85.860488,,,,,24.43
server-3090,3601,soylocal,swin_base_patch4_window7_224_in22k,0,224,64,/hdd/edwin/results_backbones/cal_ckpts/soylocal_swin_base_patch4_window7_224_in22k_cal.pth,,,True,6.0,32,head,False,float16,True,True,True,False,False,38.0,0.0,1.8828,93.221368,,,,,110.09
server-3090,3601,soylocal,swin_base_patch4_window7_224_in22k,0,224,64,/hdd/edwin/results_backbones/ft_ckpts/soylocal_swin_base_patch4_window7_224_in22k.pth,,,True,6.0,32,head,False,float16,True,True,True,False,False,26.67,0.0,1.5234,86.839936,,,,,27.65
server-3090,3601,soylocal,swin_base_patch4_window7_224_in22k,0,224,64,/hdd/edwin/results_backbones/fz_ckpts/soylocal_swin_base_patch4_window7_224_in22k_fz.pth,,,True,6.0,32,head,False,float16,True,True,True,False,False,34.83,0.0,1.5234,86.839936,,,,,28.23
server-3090,3601,soylocal,vit_b16,0,224,64,/hdd/edwin/results_backbones/cal_ckpts/soylocal_vit_b16_cal.pth,,,True,6.0,32,head,False,float16,True,True,True,False,False,24.5,0.0,1.1992,90.654016,,,,,100.07
server-3090,3601,soylocal,vit_b16,0,224,64,/hdd/edwin/results_backbones/ft_ckpts/soylocal_vit_b16.pth,,,True,6.0,32,head,False,float16,True,True,True,False,False,25.17,0.0,0.7754,85.869512,,,,,27.09
server-3090,3601,soylocal,vit_b16,0,224,64,/hdd/edwin/results_backbones/fz_ckpts/soylocal_vit_b16_fz.pth,,,True,6.0,32,head,False,float16,True,True,True,False,False,22.67,0.0,0.7754,85.869512,,,,,25.87
server-3090,3602,soylocal,beitv2_base_patch16_224_in22k,0,224,64,/hdd/edwin/results_backbones/cal_ckpts/soylocal_beitv2_base_patch16_224_in22k_cal.pth,,,True,6.0,128,head,False,float16,True,True,True,False,False,32.0,0.0,1.0254,90.646528,,,,,84.86
server-3090,3602,soylocal,beitv2_base_patch16_224_in22k,0,224,64,/hdd/edwin/results_backbones/ft_ckpts/soylocal_beitv2_base_patch16_224_in22k.pth,,,True,6.0,128,head,False,float16,True,True,True,False,False,13.33,0.0,0.7461,85.860488,,,,,24.47
server-3090,3602,soylocal,beitv2_base_patch16_224_in22k,0,224,64,/hdd/edwin/results_backbones/fz_ckpts/soylocal_beitv2_base_patch16_224_in22k_fz.pth,,,True,6.0,128,head,False,float16,True,True,True,False,False,25.33,0.0,0.7461,85.860488,,,,,23.95
server-3090,3602,soylocal,swin_base_patch4_window7_224_in22k,0,224,64,/hdd/edwin/results_backbones/cal_ckpts/soylocal_swin_base_patch4_window7_224_in22k_cal.pth,,,True,6.0,128,head,False,float16,True,True,True,False,False,38.0,0.0,1.873,93.221368,,,,,103.35
server-3090,3602,soylocal,swin_base_patch4_window7_224_in22k,0,224,64,/hdd/edwin/results_backbones/ft_ckpts/soylocal_swin_base_patch4_window7_224_in22k.pth,,,True,6.0,128,head,False,float16,True,True,True,False,False,25.17,0.0,1.5156,86.839936,,,,,26.53
server-3090,3602,soylocal,swin_base_patch4_window7_224_in22k,0,224,64,/hdd/edwin/results_backbones/fz_ckpts/soylocal_swin_base_patch4_window7_224_in22k_fz.pth,,,True,6.0,128,head,False,float16,True,True,True,False,False,34.67,0.0,1.5137,86.839936,,,,,26.96
server-3090,3602,soylocal,vit_b16,0,224,64,/hdd/edwin/results_backbones/cal_ckpts/soylocal_vit_b16_cal.pth,,,True,6.0,128,head,False,float16,True,True,True,False,False,24.5,0.0,1.1914,90.654016,,,,,93.36
server-3090,3602,soylocal,vit_b16,0,224,64,/hdd/edwin/results_backbones/ft_ckpts/soylocal_vit_b16.pth,,,True,6.0,128,head,False,float16,True,True,True,False,False,25.83,0.0,0.7695,85.869512,,,,,26.08
server-3090,3602,soylocal,vit_b16,0,224,64,/hdd/edwin/results_backbones/fz_ckpts/soylocal_vit_b16_fz.pth,,,True,6.0,128,head,False,float16,True,True,True,False,False,23.67,0.0,0.7695,85.869512,,,,,25.39
server-3090,3603,soylocal,beitv2_base_patch16_224_in22k,0,224,64,/hdd/edwin/results_backbones/cal_ckpts/soylocal_beitv2_base_patch16_224_in22k_cal.pth,,,True,6.0,512,head,False,float16,True,True,True,False,False,31.0,0.0,1.0234,90.646528,,,,,99.76
server-3090,3603,soylocal,beitv2_base_patch16_224_in22k,0,224,64,/hdd/edwin/results_backbones/ft_ckpts/soylocal_beitv2_base_patch16_224_in22k.pth,,,True,6.0,512,head,False,float16,True,True,True,False,False,13.5,0.0,0.7441,85.860488,,,,,23.96
server-3090,3603,soylocal,beitv2_base_patch16_224_in22k,0,224,64,/hdd/edwin/results_backbones/fz_ckpts/soylocal_beitv2_base_patch16_224_in22k_fz.pth,,,True,6.0,512,head,False,float16,True,True,True,False,False,22.67,0.0,0.7441,85.860488,,,,,23.94
server-3090,3603,soylocal,swin_base_patch4_window7_224_in22k,0,224,64,/hdd/edwin/results_backbones/cal_ckpts/soylocal_swin_base_patch4_window7_224_in22k_cal.pth,,,True,6.0,512,head,False,float16,True,True,True,False,False,37.0,0.0,1.8711,93.221368,,,,,116.35
server-3090,3603,soylocal,swin_base_patch4_window7_224_in22k,0,224,64,/hdd/edwin/results_backbones/ft_ckpts/soylocal_swin_base_patch4_window7_224_in22k.pth,,,True,6.0,512,head,False,float16,True,True,True,False,False,25.17,0.0,1.5117,86.839936,,,,,27.62
server-3090,3603,soylocal,swin_base_patch4_window7_224_in22k,0,224,64,/hdd/edwin/results_backbones/fz_ckpts/soylocal_swin_base_patch4_window7_224_in22k_fz.pth,,,True,6.0,512,head,False,float16,True,True,True,False,False,34.17,0.0,1.5117,86.839936,,,,,28.72
server-3090,3603,soylocal,vit_b16,0,224,64,/hdd/edwin/results_backbones/cal_ckpts/soylocal_vit_b16_cal.pth,,,True,6.0,512,head,False,float16,True,True,True,False,False,24.67,0.0,1.1914,90.654016,,,,,96.22
server-3090,3603,soylocal,vit_b16,0,224,64,/hdd/edwin/results_backbones/ft_ckpts/soylocal_vit_b16.pth,,,True,6.0,512,head,False,float16,True,True,True,False,False,26.33,0.0,0.7695,85.869512,,,,,27.22
server-3090,3603,soylocal,vit_b16,0,224,64,/hdd/edwin/results_backbones/fz_ckpts/soylocal_vit_b16_fz.pth,,,True,6.0,512,head,False,float16,True,True,True,False,False,22.0,0.0,0.7695,85.869512,,,,,25.51
server-3090,3700,soylocal,beitv2_base_patch16_224_in22k,0,224,64,/hdd/edwin/results_backbones/cal_ckpts/soylocal_beitv2_base_patch16_224_in22k_cal.pth,,,True,8.0,8,head,False,float16,True,True,True,False,False,33.5,0.0,1.0664,90.646528,,,,,83.19
server-3090,3700,soylocal,beitv2_base_patch16_224_in22k,0,224,64,/hdd/edwin/results_backbones/ft_ckpts/soylocal_beitv2_base_patch16_224_in22k.pth,,,True,8.0,8,head,False,float16,True,True,True,False,False,14.17,0.0,0.7891,85.860488,,,,,25.46
server-3090,3700,soylocal,beitv2_base_patch16_224_in22k,0,224,64,/hdd/edwin/results_backbones/fz_ckpts/soylocal_beitv2_base_patch16_224_in22k_fz.pth,,,True,8.0,8,head,False,float16,True,True,True,False,False,22.67,0.0,0.7891,85.860488,,,,,25.8
server-3090,3700,soylocal,swin_base_patch4_window7_224_in22k,0,224,64,/hdd/edwin/results_backbones/cal_ckpts/soylocal_swin_base_patch4_window7_224_in22k_cal.pth,,,True,8.0,8,head,False,float16,True,True,True,False,False,37.17,0.0,1.9141,93.221368,,,,,81.04
server-3090,3700,soylocal,swin_base_patch4_window7_224_in22k,0,224,64,/hdd/edwin/results_backbones/ft_ckpts/soylocal_swin_base_patch4_window7_224_in22k.pth,,,True,8.0,8,head,False,float16,True,True,True,False,False,26.5,0.0,1.5371,86.839936,,,,,30.33
server-3090,3700,soylocal,swin_base_patch4_window7_224_in22k,0,224,64,/hdd/edwin/results_backbones/fz_ckpts/soylocal_swin_base_patch4_window7_224_in22k_fz.pth,,,True,8.0,8,head,False,float16,True,True,True,False,False,35.0,0.0,1.5352,86.839936,,,,,32.7
server-3090,3700,soylocal,vit_b16,0,224,64,/hdd/edwin/results_backbones/cal_ckpts/soylocal_vit_b16_cal.pth,,,True,8.0,8,head,False,float16,True,True,True,False,False,24.5,0.0,1.2285,90.654016,,,,,75.42
server-3090,3700,soylocal,vit_b16,0,224,64,/hdd/edwin/results_backbones/ft_ckpts/soylocal_vit_b16.pth,,,True,8.0,8,head,False,float16,True,True,True,False,False,25.5,0.0,0.8086,85.869512,,,,,27.61
server-3090,3700,soylocal,vit_b16,0,224,64,/hdd/edwin/results_backbones/fz_ckpts/soylocal_vit_b16_fz.pth,,,True,8.0,8,head,False,float16,True,True,True,False,False,23.17,0.0,0.8086,85.869512,,,,,25.1
server-3090,3701,soylocal,beitv2_base_patch16_224_in22k,0,224,64,/hdd/edwin/results_backbones/cal_ckpts/soylocal_beitv2_base_patch16_224_in22k_cal.pth,,,True,8.0,32,head,False,float16,True,True,True,False,False,33.83,0.0,1.0332,90.646528,,,,,88.98
server-3090,3701,soylocal,beitv2_base_patch16_224_in22k,0,224,64,/hdd/edwin/results_backbones/cal_ckpts/soylocal_beitv2_base_patch16_224_in22k_cal.pth,,,True,8.0,32,head,False,float16,True,True,True,False,False,33.83,0.0,1.0332,90.646528,,,,,67.1
server-3090,3701,soylocal,beitv2_base_patch16_224_in22k,0,224,64,/hdd/edwin/results_backbones/cal_ckpts/soylocal_beitv2_base_patch16_224_in22k_cal.pth,,,True,8.0,32,head,False,float16,True,True,True,False,False,33.83,0.0,1.0332,90.646528,,,,,55.19
server-3090,3701,soylocal,beitv2_base_patch16_224_in22k,0,224,64,/hdd/edwin/results_backbones/ft_ckpts/soylocal_beitv2_base_patch16_224_in22k.pth,,,True,8.0,32,head,False,float16,True,True,True,False,False,14.83,0.0,0.7539,85.860488,,,,,24.56
server-3090,3701,soylocal,beitv2_base_patch16_224_in22k,0,224,64,/hdd/edwin/results_backbones/ft_ckpts/soylocal_beitv2_base_patch16_224_in22k.pth,,,True,8.0,32,head,False,float16,True,True,True,False,False,14.83,0.0,0.7539,85.860488,,,,,23.79
server-3090,3701,soylocal,beitv2_base_patch16_224_in22k,0,224,64,/hdd/edwin/results_backbones/ft_ckpts/soylocal_beitv2_base_patch16_224_in22k.pth,,,True,8.0,32,head,False,float16,True,True,True,False,False,14.83,0.0,0.7539,85.860488,,,,,24.1
server-3090,3701,soylocal,beitv2_base_patch16_224_in22k,0,224,64,/hdd/edwin/results_backbones/fz_ckpts/soylocal_beitv2_base_patch16_224_in22k_fz.pth,,,True,8.0,32,head,False,float16,True,True,True,False,False,23.67,0.0,0.7539,85.860488,,,,,24.91
server-3090,3701,soylocal,beitv2_base_patch16_224_in22k,0,224,64,/hdd/edwin/results_backbones/fz_ckpts/soylocal_beitv2_base_patch16_224_in22k_fz.pth,,,True,8.0,32,head,False,float16,True,True,True,False,False,23.67,0.0,0.7539,85.860488,,,,,23.74
server-3090,3701,soylocal,beitv2_base_patch16_224_in22k,0,224,64,/hdd/edwin/results_backbones/fz_ckpts/soylocal_beitv2_base_patch16_224_in22k_fz.pth,,,True,8.0,32,head,False,float16,True,True,True,False,False,23.67,0.0,0.7539,85.860488,,,,,23.11
server-3090,3701,soylocal,swin_base_patch4_window7_224_in22k,0,224,64,/hdd/edwin/results_backbones/cal_ckpts/soylocal_swin_base_patch4_window7_224_in22k_cal.pth,,,True,8.0,32,head,False,float16,True,True,True,False,False,37.0,0.0,1.8828,93.221368,,,,,89.11
server-3090,3701,soylocal,swin_base_patch4_window7_224_in22k,0,224,64,/hdd/edwin/results_backbones/cal_ckpts/soylocal_swin_base_patch4_window7_224_in22k_cal.pth,,,True,8.0,32,head,False,float16,True,True,True,False,False,37.0,0.0,1.8828,93.221368,,,,,82.28
server-3090,3701,soylocal,swin_base_patch4_window7_224_in22k,0,224,64,/hdd/edwin/results_backbones/cal_ckpts/soylocal_swin_base_patch4_window7_224_in22k_cal.pth,,,True,8.0,32,head,False,float16,True,True,True,False,False,37.0,0.0,1.8828,93.221368,,,,,79.27
server-3090,3701,soylocal,swin_base_patch4_window7_224_in22k,0,224,64,/hdd/edwin/results_backbones/ft_ckpts/soylocal_swin_base_patch4_window7_224_in22k.pth,,,True,8.0,32,head,False,float16,True,True,True,False,False,26.83,0.0,1.5254,86.839936,,,,,28.74
server-3090,3701,soylocal,swin_base_patch4_window7_224_in22k,0,224,64,/hdd/edwin/results_backbones/ft_ckpts/soylocal_swin_base_patch4_window7_224_in22k.pth,,,True,8.0,32,head,False,float16,True,True,True,False,False,26.83,0.0,1.5254,86.839936,,,,,31.23
server-3090,3701,soylocal,swin_base_patch4_window7_224_in22k,0,224,64,/hdd/edwin/results_backbones/ft_ckpts/soylocal_swin_base_patch4_window7_224_in22k.pth,,,True,8.0,32,head,False,float16,True,True,True,False,False,26.83,0.0,1.5254,86.839936,,,,,24.46
server-3090,3701,soylocal,swin_base_patch4_window7_224_in22k,0,224,64,/hdd/edwin/results_backbones/fz_ckpts/soylocal_swin_base_patch4_window7_224_in22k_fz.pth,,,True,8.0,32,head,False,float16,True,True,True,False,False,35.67,0.0,1.5254,86.839936,,,,,28.65
server-3090,3701,soylocal,swin_base_patch4_window7_224_in22k,0,224,64,/hdd/edwin/results_backbones/fz_ckpts/soylocal_swin_base_patch4_window7_224_in22k_fz.pth,,,True,8.0,32,head,False,float16,True,True,True,False,False,35.67,0.0,1.5254,86.839936,,,,,26.27
server-3090,3701,soylocal,swin_base_patch4_window7_224_in22k,0,224,64,/hdd/edwin/results_backbones/fz_ckpts/soylocal_swin_base_patch4_window7_224_in22k_fz.pth,,,True,8.0,32,head,False,float16,True,True,True,False,False,35.67,0.0,1.5254,86.839936,,,,,25.93
server-3090,3701,soylocal,vit_b16,0,224,64,/hdd/edwin/results_backbones/cal_ckpts/soylocal_vit_b16_cal.pth,,,True,8.0,32,head,False,float16,True,True,True,False,False,24.33,0.0,1.1992,90.654016,,,,,67.75
server-3090,3701,soylocal,vit_b16,0,224,64,/hdd/edwin/results_backbones/cal_ckpts/soylocal_vit_b16_cal.pth,,,True,8.0,32,head,False,float16,True,True,True,False,False,24.33,0.0,1.1992,90.654016,,,,,63.4
server-3090,3701,soylocal,vit_b16,0,224,64,/hdd/edwin/results_backbones/ft_ckpts/soylocal_vit_b16.pth,,,True,8.0,32,head,False,float16,True,True,True,False,False,25.5,0.0,0.7754,85.869512,,,,,24.88
server-3090,3701,soylocal,vit_b16,0,224,64,/hdd/edwin/results_backbones/ft_ckpts/soylocal_vit_b16.pth,,,True,8.0,32,head,False,float16,True,True,True,False,False,25.5,0.0,0.7754,85.869512,,,,,25.22
server-3090,3701,soylocal,vit_b16,0,224,64,/hdd/edwin/results_backbones/ft_ckpts/soylocal_vit_b16.pth,,,True,8.0,32,head,False,float16,True,True,True,False,False,25.5,0.0,0.7754,85.869512,,,,,25.23
server-3090,3701,soylocal,vit_b16,0,224,64,/hdd/edwin/results_backbones/fz_ckpts/soylocal_vit_b16_fz.pth,,,True,8.0,32,head,False,float16,True,True,True,False,False,24.0,0.0,0.7754,85.869512,,,,,24.15
server-3090,3701,soylocal,vit_b16,0,224,64,/hdd/edwin/results_backbones/fz_ckpts/soylocal_vit_b16_fz.pth,,,True,8.0,32,head,False,float16,True,True,True,False,False,24.0,0.0,0.7754,85.869512,,,,,23.77
server-3090,3701,soylocal,vit_b16,0,224,64,/hdd/edwin/results_backbones/fz_ckpts/soylocal_vit_b16_fz.pth,,,True,8.0,32,head,False,float16,True,True,True,False,False,24.0,0.0,0.7754,85.869512,,,,,27.26
server-3090,3702,soylocal,beitv2_base_patch16_224_in22k,0,224,64,/hdd/edwin/results_backbones/cal_ckpts/soylocal_beitv2_base_patch16_224_in22k_cal.pth,,,True,8.0,128,head,False,float16,True,True,True,False,False,32.67,0.0,1.0254,90.646528,,,,,98.25
server-3090,3702,soylocal,beitv2_base_patch16_224_in22k,0,224,64,/hdd/edwin/results_backbones/ft_ckpts/soylocal_beitv2_base_patch16_224_in22k.pth,,,True,8.0,128,head,False,float16,True,True,True,False,False,14.67,0.0,0.7461,85.860488,,,,,24.46
server-3090,3702,soylocal,beitv2_base_patch16_224_in22k,0,224,64,/hdd/edwin/results_backbones/fz_ckpts/soylocal_beitv2_base_patch16_224_in22k_fz.pth,,,True,8.0,128,head,False,float16,True,True,True,False,False,23.0,0.0,0.7461,85.860488,,,,,24.7
server-3090,3702,soylocal,swin_base_patch4_window7_224_in22k,0,224,64,/hdd/edwin/results_backbones/cal_ckpts/soylocal_swin_base_patch4_window7_224_in22k_cal.pth,,,True,8.0,128,head,False,float16,True,True,True,False,False,37.5,0.0,1.873,93.221368,,,,,117.62
server-3090,3702,soylocal,swin_base_patch4_window7_224_in22k,0,224,64,/hdd/edwin/results_backbones/ft_ckpts/soylocal_swin_base_patch4_window7_224_in22k.pth,,,True,8.0,128,head,False,float16,True,True,True,False,False,26.67,0.0,1.5156,86.839936,,,,,27.23
server-3090,3702,soylocal,swin_base_patch4_window7_224_in22k,0,224,64,/hdd/edwin/results_backbones/fz_ckpts/soylocal_swin_base_patch4_window7_224_in22k_fz.pth,,,True,8.0,128,head,False,float16,True,True,True,False,False,35.0,0.0,1.5156,86.839936,,,,,28.33
server-3090,3702,soylocal,vit_b16,0,224,64,/hdd/edwin/results_backbones/cal_ckpts/soylocal_vit_b16_cal.pth,,,True,8.0,128,head,False,float16,True,True,True,False,False,24.83,0.0,1.1914,90.654016,,,,,107.0
server-3090,3702,soylocal,vit_b16,0,224,64,/hdd/edwin/results_backbones/ft_ckpts/soylocal_vit_b16.pth,,,True,8.0,128,head,False,float16,True,True,True,False,False,25.67,0.0,0.7695,85.869512,,,,,26.18
server-3090,3702,soylocal,vit_b16,0,224,64,/hdd/edwin/results_backbones/fz_ckpts/soylocal_vit_b16_fz.pth,,,True,8.0,128,head,False,float16,True,True,True,False,False,23.33,0.0,0.7695,85.869512,,,,,26.22
server-3090,3703,soylocal,beitv2_base_patch16_224_in22k,0,224,64,/hdd/edwin/results_backbones/cal_ckpts/soylocal_beitv2_base_patch16_224_in22k_cal.pth,,,True,8.0,512,head,False,float16,True,True,True,False,False,33.33,0.0,1.0234,90.646528,,,,,86.26
server-3090,3703,soylocal,beitv2_base_patch16_224_in22k,0,224,64,/hdd/edwin/results_backbones/ft_ckpts/soylocal_beitv2_base_patch16_224_in22k.pth,,,True,8.0,512,head,False,float16,True,True,True,False,False,14.67,0.0,0.7441,85.860488,,,,,23.87
server-3090,3703,soylocal,beitv2_base_patch16_224_in22k,0,224,64,/hdd/edwin/results_backbones/fz_ckpts/soylocal_beitv2_base_patch16_224_in22k_fz.pth,,,True,8.0,512,head,False,float16,True,True,True,False,False,23.33,0.0,0.7441,85.860488,,,,,28.84
server-3090,3703,soylocal,swin_base_patch4_window7_224_in22k,0,224,64,/hdd/edwin/results_backbones/cal_ckpts/soylocal_swin_base_patch4_window7_224_in22k_cal.pth,,,True,8.0,512,head,False,float16,True,True,True,False,False,37.17,0.0,1.8711,93.221368,,,,,105.08
server-3090,3703,soylocal,swin_base_patch4_window7_224_in22k,0,224,64,/hdd/edwin/results_backbones/ft_ckpts/soylocal_swin_base_patch4_window7_224_in22k.pth,,,True,8.0,512,head,False,float16,True,True,True,False,False,26.17,0.0,1.5117,86.839936,,,,,26.73
server-3090,3703,soylocal,swin_base_patch4_window7_224_in22k,0,224,64,/hdd/edwin/results_backbones/fz_ckpts/soylocal_swin_base_patch4_window7_224_in22k_fz.pth,,,True,8.0,512,head,False,float16,True,True,True,False,False,35.0,0.0,1.5117,86.839936,,,,,26.72
server-3090,3703,soylocal,vit_b16,0,224,64,/hdd/edwin/results_backbones/cal_ckpts/soylocal_vit_b16_cal.pth,,,True,8.0,512,head,False,float16,True,True,True,False,False,24.83,0.0,1.1914,90.654016,,,,,104.9
server-3090,3703,soylocal,vit_b16,0,224,64,/hdd/edwin/results_backbones/ft_ckpts/soylocal_vit_b16.pth,,,True,8.0,512,head,False,float16,True,True,True,False,False,25.33,0.0,0.7695,85.869512,,,,,25.86
server-3090,3703,soylocal,vit_b16,0,224,64,/hdd/edwin/results_backbones/fz_ckpts/soylocal_vit_b16_fz.pth,,,True,8.0,512,head,False,float16,True,True,True,False,False,23.67,0.0,0.7695,85.869512,,,,,25.79
server-3090,3999,soylocal,beitv2_base_patch16_224_in22k,0,224,64,/hdd/edwin/results_backbones/cal_ckpts/soylocal_beitv2_base_patch16_224_in22k_cal.pth,,,False,4.0,64,head,False,float16,True,True,True,False,False,,,,,34.17,0.0,1.293,90.701824,40.99
server-3090,3999,soylocal,beitv2_base_patch16_224_in22k,0,224,64,/hdd/edwin/results_backbones/ft_ckpts/soylocal_beitv2_base_patch16_224_in22k.pth,,,False,4.0,64,head,False,float16,True,True,True,False,False,,,,,14.33,0.0,0.9062,85.915784,21.6
server-3090,3999,soylocal,beitv2_base_patch16_224_in22k,0,224,64,/hdd/edwin/results_backbones/fz_ckpts/soylocal_beitv2_base_patch16_224_in22k_fz.pth,,,False,4.0,64,head,False,float16,True,True,True,False,False,,,,,22.5,0.0,0.9062,85.915784,20.85
server-3090,3999,soylocal,swin_base_patch4_window7_224_in22k,0,224,64,/hdd/edwin/results_backbones/cal_ckpts/soylocal_swin_base_patch4_window7_224_in22k_cal.pth,,,False,4.0,64,head,False,float16,True,True,True,False,False,,,,,37.83,0.0,2.334,93.329656,55.81
server-3090,3999,soylocal,swin_base_patch4_window7_224_in22k,0,224,64,/hdd/edwin/results_backbones/ft_ckpts/soylocal_swin_base_patch4_window7_224_in22k.pth,,,False,4.0,64,head,False,float16,True,True,True,False,False,,,,,26.33,0.0,1.7461,86.948224,26.19
server-3090,3999,soylocal,swin_base_patch4_window7_224_in22k,0,224,64,/hdd/edwin/results_backbones/fz_ckpts/soylocal_swin_base_patch4_window7_224_in22k_fz.pth,,,False,4.0,64,head,False,float16,True,True,True,False,False,,,,,35.0,0.0,1.7461,86.948224,24.0
server-3090,3999,soylocal,vit_b16,0,224,64,/hdd/edwin/results_backbones/cal_ckpts/soylocal_vit_b16_cal.pth,,,False,4.0,64,head,False,float16,True,True,True,False,False,,,,,24.5,0.0,1.4512,90.73696,49.82
server-3090,3999,soylocal,vit_b16,0,224,64,/hdd/edwin/results_backbones/ft_ckpts/soylocal_vit_b16.pth,,,False,4.0,64,head,False,float16,True,True,True,False,False,,,,,25.67,0.0,1.0059,85.952456,20.56
server-3090,3999,soylocal,vit_b16,0,224,64,/hdd/edwin/results_backbones/fz_ckpts/soylocal_vit_b16_fz.pth,,,False,4.0,64,head,False,float16,True,True,True,False,False,,,,,23.33,0.0,1.0059,85.952456,22.15
