dataset_name,model_name,ckpt_path,ckpt_kind,hqq_nbits,hqq_group_size,hqq_top1,hqq_vram_gb,hqq_params_m,time_total_s,n_runs,time_min_s,time_max_s,time_range_s,log2_group_size,fp32_top1,fp32_vram_gb,fp32_params_m,fp32_time_total_s,baseline_source,baseline_matched,accuracy_ratio,vram_reduction_pct,params_reduction_pct,time_delta_pct
aircraft,beitv2_base_patch16_224_in22k,/hdd/edwin/results_backbones/cal_ckpts/aircraft_beitv2_base_patch16_224_in22k_cal.pth,cal,1.0,8,1.32,0.834,11.720704,229.65,1,229.65,229.65,0.0,3.0,91.21,1.2559,88.244224,440.9,raw_4999,True,0.014472097357745862,33.59343896807071,86.71787968808022,-47.91335903833068
aircraft,beitv2_base_patch16_224_in22k,/hdd/edwin/results_backbones/cal_ckpts/aircraft_beitv2_base_patch16_224_in22k_cal.pth,cal,1.0,32,0.87,0.8008,11.720704,372.8,1,372.8,372.8,0.0,5.0,91.21,1.2559,88.244224,440.9,raw_4999,True,0.009538427803968864,36.23696154152401,86.71787968808022,-15.445679292356536
aircraft,beitv2_base_patch16_224_in22k,/hdd/edwin/results_backbones/cal_ckpts/aircraft_beitv2_base_patch16_224_in22k_cal.pth,cal,1.0,128,1.02,0.793,11.720704,240.28,1,240.28,240.28,0.0,7.0,91.21,1.2559,88.244224,440.9,raw_4999,True,0.01118298432189453,36.858030097937736,86.71787968808022,-45.5023814924019
aircraft,beitv2_base_patch16_224_in22k,/hdd/edwin/results_backbones/cal_ckpts/aircraft_beitv2_base_patch16_224_in22k_cal.pth,cal,1.0,512,1.05,0.7891,11.720704,377.75,1,377.75,377.75,0.0,9.0,91.21,1.2559,88.244224,440.9,raw_4999,True,0.011511895625479664,37.168564376144595,86.71787968808022,-14.322975731458378
aircraft,beitv2_base_patch16_224_in22k,/hdd/edwin/results_backbones/cal_ckpts/aircraft_beitv2_base_patch16_224_in22k_cal.pth,cal,1.58,8,57.64,0.8457,22.644736,365.89,1,365.89,365.89,0.0,3.0,91.21,1.2559,88.244224,440.9,raw_4999,True,0.631948251288236,32.661836133450116,74.33856294095804,-17.012928101610342
aircraft,beitv2_base_patch16_224_in22k,/hdd/edwin/results_backbones/cal_ckpts/aircraft_beitv2_base_patch16_224_in22k_cal.pth,cal,1.58,32,1.86,0.8105,22.644736,407.87,1,407.87,407.87,0.0,5.0,91.21,1.2559,88.244224,440.9,raw_4999,True,0.02039250082227826,35.46460705470181,74.33856294095804,-7.49149466999319
aircraft,beitv2_base_patch16_224_in22k,/hdd/edwin/results_backbones/cal_ckpts/aircraft_beitv2_base_patch16_224_in22k_cal.pth,cal,1.58,128,1.11,0.8027,22.644736,346.2,1,346.2,346.2,0.0,7.0,91.21,1.2559,88.244224,440.9,raw_4999,True,0.01216971823264993,36.08567561111554,74.33856294095804,-21.47879337718303
aircraft,beitv2_base_patch16_224_in22k,/hdd/edwin/results_backbones/cal_ckpts/aircraft_beitv2_base_patch16_224_in22k_cal.pth,cal,1.58,512,1.26,0.8008,22.644736,240.41,1,240.41,240.41,0.0,9.0,91.21,1.2559,88.244224,440.9,raw_4999,True,0.013814274750575596,36.23696154152401,74.33856294095804,-45.47289634837831
aircraft,beitv2_base_patch16_224_in22k,/hdd/edwin/results_backbones/cal_ckpts/aircraft_beitv2_base_patch16_224_in22k_cal.pth,cal,2.0,8,81.31,0.8438,22.644736,382.76,1,382.76,382.76,0.0,3.0,91.21,1.2559,88.244224,440.9,raw_4999,True,0.8914592698169062,32.813122063858586,74.33856294095804,-13.186663642549327
aircraft,beitv2_base_patch16_224_in22k,/hdd/edwin/results_backbones/cal_ckpts/aircraft_beitv2_base_patch16_224_in22k_cal.pth,cal,2.0,32,24.9,0.8125,22.644736,298.31,1,298.31,298.31,0.0,5.0,91.21,1.2559,88.244224,440.9,raw_4999,True,0.27299638197566056,35.30535870690342,74.33856294095804,-32.34066681787253
aircraft,beitv2_base_patch16_224_in22k,/hdd/edwin/results_backbones/cal_ckpts/aircraft_beitv2_base_patch16_224_in22k_cal.pth,cal,2.0,128,1.05,0.8027,22.644736,409.63,1,409.63,409.63,0.0,7.0,91.21,1.2559,88.244224,440.9,raw_4999,True,0.011511895625479664,36.08567561111554,74.33856294095804,-7.092311181673845
aircraft,beitv2_base_patch16_224_in22k,/hdd/edwin/results_backbones/cal_ckpts/aircraft_beitv2_base_patch16_224_in22k_cal.pth,cal,2.0,512,1.17,0.8008,22.644736,374.86,1,374.86,374.86,0.0,9.0,91.21,1.2559,88.244224,440.9,raw_4999,True,0.012827540839820194,36.23696154152401,74.33856294095804,-14.978453163982755
aircraft,beitv2_base_patch16_224_in22k,/hdd/edwin/results_backbones/cal_ckpts/aircraft_beitv2_base_patch16_224_in22k_cal.pth,cal,3.0,8,89.95,0.8613,9.536128,300.385,2,250.18,350.59,100.40999999999997,3.0,91.21,1.2559,88.244224,440.9,raw_4999,True,0.9861857252494245,31.419699020622666,89.1934819439287,-31.870038557496027
aircraft,beitv2_base_patch16_224_in22k,/hdd/edwin/results_backbones/cal_ckpts/aircraft_beitv2_base_patch16_224_in22k_cal.pth,cal,3.0,32,88.03,0.8242,9.536512,385.58,1,385.58,385.58,0.0,5.0,91.21,1.2559,88.244224,440.9,raw_4999,True,0.9651354018199759,34.37375587228282,89.19304678796881,-12.54706282603765
aircraft,beitv2_base_patch16_224_in22k,/hdd/edwin/results_backbones/cal_ckpts/aircraft_beitv2_base_patch16_224_in22k_cal.pth,cal,3.0,128,86.8,0.8164,9.539584,234.45,1,234.45,234.45,0.0,7.0,91.21,1.2559,88.244224,440.9,raw_4999,True,0.9516500383729855,34.99482442869655,89.18956554028964,-46.824676797459745
aircraft,beitv2_base_patch16_224_in22k,/hdd/edwin/results_backbones/cal_ckpts/aircraft_beitv2_base_patch16_224_in22k_cal.pth,cal,3.0,512,55.36,0.8145,9.545728,172.08,1,172.08,172.08,0.0,9.0,91.21,1.2559,88.244224,440.9,raw_4999,True,0.6069509922157659,35.14611035910502,89.18260304493131,-60.97074166477658
aircraft,beitv2_base_patch16_224_in22k,/hdd/edwin/results_backbones/cal_ckpts/aircraft_beitv2_base_patch16_224_in22k_cal.pth,cal,4.0,8,91.42,1.0332,44.4928,168.0,1,168.0,168.0,0.0,3.0,91.21,1.2559,88.244224,440.9,raw_4999,True,1.002302379125096,17.73230352735091,49.5799294467137,-61.89612156951689
aircraft,beitv2_base_patch16_224_in22k,/hdd/edwin/results_backbones/cal_ckpts/aircraft_beitv2_base_patch16_224_in22k_cal.pth,cal,4.0,32,90.82,0.9824,44.4928,167.59,1,167.59,167.59,0.0,5.0,91.21,1.2559,88.244224,440.9,raw_4999,True,0.9957241530533932,21.777211561430047,49.5799294467137,-61.98911317759128
aircraft,beitv2_base_patch16_224_in22k,/hdd/edwin/results_backbones/cal_ckpts/aircraft_beitv2_base_patch16_224_in22k_cal.pth,cal,4.0,128,90.52,0.9727,44.4928,167.51,1,167.51,167.51,0.0,7.0,91.21,1.2559,88.244224,440.9,raw_4999,True,0.992435040017542,22.54956604825225,49.5799294467137,-62.00725788160581
aircraft,beitv2_base_patch16_224_in22k,/hdd/edwin/results_backbones/cal_ckpts/aircraft_beitv2_base_patch16_224_in22k_cal.pth,cal,4.0,512,89.35,0.9707,44.4928,167.09,1,167.09,167.09,0.0,9.0,91.21,1.2559,88.244224,440.9,raw_4999,True,0.9796074991777217,22.70881439605064,49.5799294467137,-62.102517577682
aircraft,beitv2_base_patch16_224_in22k,/hdd/edwin/results_backbones/cal_ckpts/aircraft_beitv2_base_patch16_224_in22k_cal.pth,cal,5.0,8,91.24,1.0684,88.188928,167.09,1,167.09,167.09,0.0,3.0,91.21,1.2559,88.244224,440.9,raw_4999,True,1.0003289113035851,14.929532606099212,0.0626624582250261,-62.102517577682
aircraft,beitv2_base_patch16_224_in22k,/hdd/edwin/results_backbones/cal_ckpts/aircraft_beitv2_base_patch16_224_in22k_cal.pth,cal,5.0,32,91.21,1.0332,88.188928,168.15,1,168.15,168.15,0.0,5.0,91.21,1.2559,88.244224,440.9,raw_4999,True,1.0,17.73230352735091,0.0626624582250261,-61.862100249489686
aircraft,beitv2_base_patch16_224_in22k,/hdd/edwin/results_backbones/cal_ckpts/aircraft_beitv2_base_patch16_224_in22k_cal.pth,cal,5.0,128,91.18,1.0254,88.188928,167.97,1,167.97,167.97,0.0,7.0,91.21,1.2559,88.244224,440.9,raw_4999,True,0.999671088696415,18.353372083764626,0.0626624582250261,-61.90292583352234
aircraft,beitv2_base_patch16_224_in22k,/hdd/edwin/results_backbones/cal_ckpts/aircraft_beitv2_base_patch16_224_in22k_cal.pth,cal,5.0,512,90.94,1.0234,88.188928,166.97,1,166.97,166.97,0.0,9.0,91.21,1.2559,88.244224,440.9,raw_4999,True,0.9970397982677338,18.51262043156302,0.0626624582250261,-62.129734633703784
aircraft,beitv2_base_patch16_224_in22k,/hdd/edwin/results_backbones/cal_ckpts/aircraft_beitv2_base_patch16_224_in22k_cal.pth,cal,6.0,8,91.18,1.0703,88.188928,167.34,1,167.34,167.34,0.0,3.0,91.21,1.2559,88.244224,440.9,raw_4999,True,0.999671088696415,14.778246675690738,0.0626624582250261,-62.045815377636636
aircraft,beitv2_base_patch16_224_in22k,/hdd/edwin/results_backbones/cal_ckpts/aircraft_beitv2_base_patch16_224_in22k_cal.pth,cal,6.0,32,91.21,1.0332,88.188928,166.86,1,166.86,166.86,0.0,5.0,91.21,1.2559,88.244224,440.9,raw_4999,True,1.0,17.73230352735091,0.0626624582250261,-62.15468360172374
aircraft,beitv2_base_patch16_224_in22k,/hdd/edwin/results_backbones/cal_ckpts/aircraft_beitv2_base_patch16_224_in22k_cal.pth,cal,6.0,128,91.24,1.0254,88.188928,167.45,1,167.45,167.45,0.0,7.0,91.21,1.2559,88.244224,440.9,raw_4999,True,1.0003289113035851,18.353372083764626,0.0626624582250261,-62.020866409616694
aircraft,beitv2_base_patch16_224_in22k,/hdd/edwin/results_backbones/cal_ckpts/aircraft_beitv2_base_patch16_224_in22k_cal.pth,cal,6.0,512,91.12,1.0234,88.188928,167.1,1,167.1,167.1,0.0,9.0,91.21,1.2559,88.244224,440.9,raw_4999,True,0.9990132660892447,18.51262043156302,0.0626624582250261,-62.100249489680195
aircraft,beitv2_base_patch16_224_in22k,/hdd/edwin/results_backbones/cal_ckpts/aircraft_beitv2_base_patch16_224_in22k_cal.pth,cal,8.0,8,91.18,1.0703,88.188928,167.64,1,167.64,167.64,0.0,3.0,91.21,1.2559,88.244224,440.9,raw_4999,True,0.999671088696415,14.778246675690738,0.0626624582250261,-61.97777273758222
aircraft,beitv2_base_patch16_224_in22k,/hdd/edwin/results_backbones/cal_ckpts/aircraft_beitv2_base_patch16_224_in22k_cal.pth,cal,8.0,32,91.12,1.0332,88.188928,167.61,1,167.61,167.61,0.0,5.0,91.21,1.2559,88.244224,440.9,raw_4999,True,0.9990132660892447,17.73230352735091,0.0626624582250261,-61.98457700158766
aircraft,beitv2_base_patch16_224_in22k,/hdd/edwin/results_backbones/cal_ckpts/aircraft_beitv2_base_patch16_224_in22k_cal.pth,cal,8.0,128,91.21,1.0254,88.188928,167.61,1,167.61,167.61,0.0,7.0,91.21,1.2559,88.244224,440.9,raw_4999,True,1.0,18.353372083764626,0.0626624582250261,-61.98457700158766
aircraft,beitv2_base_patch16_224_in22k,/hdd/edwin/results_backbones/cal_ckpts/aircraft_beitv2_base_patch16_224_in22k_cal.pth,cal,8.0,512,91.39,1.0234,88.188928,167.02,1,167.02,167.02,0.0,9.0,91.21,1.2559,88.244224,440.9,raw_4999,True,1.0019734678215109,18.51262043156302,0.0626624582250261,-62.11839419369472
aircraft,beitv2_base_patch16_224_in22k,/hdd/edwin/results_backbones/ft_ckpts/aircraft_beitv2_base_patch16_224_in22k.pth,ft,1.0,8,0.81,0.5352,11.465764,73.39,1,73.39,73.39,0.0,3.0,85.45,0.9062,85.838884,92.88,raw_4999,True,0.009479227618490346,40.94018980357537,86.64269213938057,-20.984065460809642
aircraft,beitv2_base_patch16_224_in22k,/hdd/edwin/results_backbones/ft_ckpts/aircraft_beitv2_base_patch16_224_in22k.pth,ft,1.0,32,0.99,0.5039,11.465764,76.97,1,76.97,76.97,0.0,5.0,85.45,0.9062,85.838884,92.88,raw_4999,True,0.011585722644821533,44.39417347163981,86.64269213938057,-17.129629629629626
aircraft,beitv2_base_patch16_224_in22k,/hdd/edwin/results_backbones/ft_ckpts/aircraft_beitv2_base_patch16_224_in22k.pth,ft,1.0,128,0.99,0.4961,11.465764,74.54,1,74.54,74.54,0.0,7.0,85.45,0.9062,85.838884,92.88,raw_4999,True,0.011585722644821533,45.254910615758114,86.64269213938057,-19.74590869939706
aircraft,beitv2_base_patch16_224_in22k,/hdd/edwin/results_backbones/ft_ckpts/aircraft_beitv2_base_patch16_224_in22k.pth,ft,1.0,512,1.02,0.4941,11.465764,76.97,1,76.97,76.97,0.0,9.0,85.45,0.9062,85.838884,92.88,raw_4999,True,0.011936805149210064,45.475612447583316,86.64269213938057,-17.129629629629626
aircraft,beitv2_base_patch16_224_in22k,/hdd/edwin/results_backbones/ft_ckpts/aircraft_beitv2_base_patch16_224_in22k.pth,ft,1.58,8,18.48,0.5469,22.082596,73.15,1,73.15,73.15,0.0,3.0,85.45,0.9062,85.838884,92.88,raw_4999,True,0.21626682270333528,39.64908408739792,74.2743673135359,-21.242463393626174
aircraft,beitv2_base_patch16_224_in22k,/hdd/edwin/results_backbones/ft_ckpts/aircraft_beitv2_base_patch16_224_in22k.pth,ft,1.58,32,1.11,0.5137,22.082596,73.94,1,73.94,73.94,0.0,5.0,85.45,0.9062,85.838884,92.88,raw_4999,True,0.01299005266237566,43.312734495696304,74.2743673135359,-20.391903531438413
aircraft,beitv2_base_patch16_224_in22k,/hdd/edwin/results_backbones/ft_ckpts/aircraft_beitv2_base_patch16_224_in22k.pth,ft,1.58,128,0.96,0.5059,22.082596,74.01,1,74.01,74.01,0.0,7.0,85.45,0.9062,85.838884,92.88,raw_4999,True,0.011234640140433001,44.173471639814615,74.2743673135359,-20.31653746770025
aircraft,beitv2_base_patch16_224_in22k,/hdd/edwin/results_backbones/ft_ckpts/aircraft_beitv2_base_patch16_224_in22k.pth,ft,1.58,512,1.08,0.5039,22.082596,72.65,1,72.65,72.65,0.0,9.0,85.45,0.9062,85.838884,92.88,raw_4999,True,0.012638970157987128,44.39417347163981,74.2743673135359,-21.780792420327295
aircraft,beitv2_base_patch16_224_in22k,/hdd/edwin/results_backbones/ft_ckpts/aircraft_beitv2_base_patch16_224_in22k.pth,ft,2.0,8,55.99,0.5469,22.082596,75.7,1,75.7,75.7,0.0,3.0,85.45,0.9062,85.838884,92.88,raw_4999,True,0.6552369806904622,39.64908408739792,74.2743673135359,-18.496985357450466
aircraft,beitv2_base_patch16_224_in22k,/hdd/edwin/results_backbones/ft_ckpts/aircraft_beitv2_base_patch16_224_in22k.pth,ft,2.0,32,8.25,0.5137,22.082596,72.72,1,72.72,72.72,0.0,5.0,85.45,0.9062,85.838884,92.88,raw_4999,True,0.0965476887068461,43.312734495696304,74.2743673135359,-21.705426356589143
aircraft,beitv2_base_patch16_224_in22k,/hdd/edwin/results_backbones/ft_ckpts/aircraft_beitv2_base_patch16_224_in22k.pth,ft,2.0,128,1.35,0.5059,22.082596,76.55,1,76.55,76.55,0.0,7.0,85.45,0.9062,85.838884,92.88,raw_4999,True,0.01579871269748391,44.173471639814615,74.2743673135359,-17.581826012058567
aircraft,beitv2_base_patch16_224_in22k,/hdd/edwin/results_backbones/ft_ckpts/aircraft_beitv2_base_patch16_224_in22k.pth,ft,2.0,512,0.93,0.5039,22.082596,74.11,1,74.11,74.11,0.0,9.0,85.45,0.9062,85.838884,92.88,raw_4999,True,0.01088355763604447,44.39417347163981,74.2743673135359,-20.208871662360032
aircraft,beitv2_base_patch16_224_in22k,/hdd/edwin/results_backbones/ft_ckpts/aircraft_beitv2_base_patch16_224_in22k.pth,ft,3.0,8,83.56,0.5605,9.342628,77.13,3,75.77,78.08,2.3100000000000023,3.0,85.45,0.9062,85.838884,92.88,raw_4999,True,0.9778818022235225,38.148311630986534,89.11608869472254,-16.957364341085274
aircraft,beitv2_base_patch16_224_in22k,/hdd/edwin/results_backbones/ft_ckpts/aircraft_beitv2_base_patch16_224_in22k.pth,ft,3.0,32,75.37,0.5273,9.343012,73.99,1,73.99,73.99,0.0,5.0,85.45,0.9062,85.838884,92.88,raw_4999,True,0.8820362785254535,41.81196203928493,89.11564134501096,-20.338070628768303
aircraft,beitv2_base_patch16_224_in22k,/hdd/edwin/results_backbones/ft_ckpts/aircraft_beitv2_base_patch16_224_in22k.pth,ft,3.0,128,62.14,0.5176,9.346084,73.94,1,73.94,73.94,0.0,7.0,85.45,0.9062,85.838884,92.88,raw_4999,True,0.7272088940901111,42.882365923637174,89.11206254731829,-20.391903531438413
aircraft,beitv2_base_patch16_224_in22k,/hdd/edwin/results_backbones/ft_ckpts/aircraft_beitv2_base_patch16_224_in22k.pth,ft,3.0,512,6.99,0.5176,9.352228,68.19,1,68.19,68.19,0.0,9.0,85.45,0.9062,85.838884,92.88,raw_4999,True,0.08180222352252779,42.882365923637174,89.10490495193297,-26.582687338501295
aircraft,beitv2_base_patch16_224_in22k,/hdd/edwin/results_backbones/ft_ckpts/aircraft_beitv2_base_patch16_224_in22k.pth,ft,4.0,8,84.82,0.7539,43.31626,68.23,1,68.23,68.23,0.0,3.0,85.45,0.9062,85.838884,92.88,raw_4999,True,0.9926272674078407,16.806444493489295,49.537717661846585,-26.539621016365192
aircraft,beitv2_base_patch16_224_in22k,/hdd/edwin/results_backbones/ft_ckpts/aircraft_beitv2_base_patch16_224_in22k.pth,ft,4.0,32,83.89,0.7422,43.31626,66.79,1,66.79,66.79,0.0,5.0,85.45,0.9062,85.838884,92.88,raw_4999,True,0.9817437097717964,18.097550209666743,49.537717661846585,-28.09000861326442
aircraft,beitv2_base_patch16_224_in22k,/hdd/edwin/results_backbones/ft_ckpts/aircraft_beitv2_base_patch16_224_in22k.pth,ft,4.0,128,82.39,0.7344,43.31626,66.84,1,66.84,66.84,0.0,7.0,85.45,0.9062,85.838884,92.88,raw_4999,True,0.9641895845523698,18.958287353785032,49.537717661846585,-28.036175710594307
aircraft,beitv2_base_patch16_224_in22k,/hdd/edwin/results_backbones/ft_ckpts/aircraft_beitv2_base_patch16_224_in22k.pth,ft,4.0,512,78.55,0.7324,43.31626,68.99,1,68.99,68.99,0.0,9.0,85.45,0.9062,85.838884,92.88,raw_4999,True,0.9192510239906377,19.178989185610234,49.537717661846585,-25.7213608957795
aircraft,beitv2_base_patch16_224_in22k,/hdd/edwin/results_backbones/ft_ckpts/aircraft_beitv2_base_patch16_224_in22k.pth,ft,5.0,8,85.36,0.7891,85.783588,68.22,1,68.22,68.22,0.0,3.0,85.45,0.9062,85.838884,92.88,raw_4999,True,0.9989467524868344,12.9220922533657,0.06441835846793914,-26.55038759689922
aircraft,beitv2_base_patch16_224_in22k,/hdd/edwin/results_backbones/ft_ckpts/aircraft_beitv2_base_patch16_224_in22k.pth,ft,5.0,32,84.76,0.7539,85.783588,67.67,1,67.67,67.67,0.0,5.0,85.45,0.9062,85.838884,92.88,raw_4999,True,0.9919251023990638,16.806444493489295,0.06441835846793914,-27.142549526270454
aircraft,beitv2_base_patch16_224_in22k,/hdd/edwin/results_backbones/ft_ckpts/aircraft_beitv2_base_patch16_224_in22k.pth,ft,5.0,128,84.91,0.7461,85.783588,67.4,1,67.4,67.4,0.0,7.0,85.45,0.9062,85.838884,92.88,raw_4999,True,0.9936805149210064,17.667181637607595,0.06441835846793914,-27.433247200689053
aircraft,beitv2_base_patch16_224_in22k,/hdd/edwin/results_backbones/ft_ckpts/aircraft_beitv2_base_patch16_224_in22k.pth,ft,5.0,512,84.13,0.7441,85.783588,67.4,1,67.4,67.4,0.0,9.0,85.45,0.9062,85.838884,92.88,raw_4999,True,0.9845523698069045,17.887883469432797,0.06441835846793914,-27.433247200689053
aircraft,beitv2_base_patch16_224_in22k,/hdd/edwin/results_backbones/ft_ckpts/aircraft_beitv2_base_patch16_224_in22k.pth,ft,6.0,8,85.51,0.7891,85.783588,68.74,1,68.74,68.74,0.0,3.0,85.45,0.9062,85.838884,92.88,raw_4999,True,1.000702165008777,12.9220922533657,0.06441835846793914,-25.99052540913006
aircraft,beitv2_base_patch16_224_in22k,/hdd/edwin/results_backbones/ft_ckpts/aircraft_beitv2_base_patch16_224_in22k.pth,ft,6.0,32,85.54,0.7539,85.783588,67.6,1,67.6,67.6,0.0,5.0,85.45,0.9062,85.838884,92.88,raw_4999,True,1.0010532475131657,16.806444493489295,0.06441835846793914,-27.217915590008616
aircraft,beitv2_base_patch16_224_in22k,/hdd/edwin/results_backbones/ft_ckpts/aircraft_beitv2_base_patch16_224_in22k.pth,ft,6.0,128,85.33,0.7461,85.783588,67.64,1,67.64,67.64,0.0,7.0,85.45,0.9062,85.838884,92.88,raw_4999,True,0.9985956699824459,17.667181637607595,0.06441835846793914,-27.17484926787252
aircraft,beitv2_base_patch16_224_in22k,/hdd/edwin/results_backbones/ft_ckpts/aircraft_beitv2_base_patch16_224_in22k.pth,ft,6.0,512,85.33,0.7441,85.783588,67.92,1,67.92,67.92,0.0,9.0,85.45,0.9062,85.838884,92.88,raw_4999,True,0.9985956699824459,17.887883469432797,0.06441835846793914,-26.873385012919893
aircraft,beitv2_base_patch16_224_in22k,/hdd/edwin/results_backbones/ft_ckpts/aircraft_beitv2_base_patch16_224_in22k.pth,ft,8.0,8,85.39,0.791,85.783588,67.32,1,67.32,67.32,0.0,3.0,85.45,0.9062,85.838884,92.88,raw_4999,True,0.9992978349912229,12.712425513131755,0.06441835846793914,-27.519379844961243
aircraft,beitv2_base_patch16_224_in22k,/hdd/edwin/results_backbones/ft_ckpts/aircraft_beitv2_base_patch16_224_in22k.pth,ft,8.0,32,85.39,0.7539,85.783588,67.85,1,67.85,67.85,0.0,5.0,85.45,0.9062,85.838884,92.88,raw_4999,True,0.9992978349912229,16.806444493489295,0.06441835846793914,-26.948751076658056
aircraft,beitv2_base_patch16_224_in22k,/hdd/edwin/results_backbones/ft_ckpts/aircraft_beitv2_base_patch16_224_in22k.pth,ft,8.0,128,85.39,0.7461,85.783588,67.7,1,67.7,67.7,0.0,7.0,85.45,0.9062,85.838884,92.88,raw_4999,True,0.9992978349912229,17.667181637607595,0.06441835846793914,-27.11024978466838
aircraft,beitv2_base_patch16_224_in22k,/hdd/edwin/results_backbones/ft_ckpts/aircraft_beitv2_base_patch16_224_in22k.pth,ft,8.0,512,85.36,0.7441,85.783588,67.92,1,67.92,67.92,0.0,9.0,85.45,0.9062,85.838884,92.88,raw_4999,True,0.9989467524868344,17.887883469432797,0.06441835846793914,-26.873385012919893
aircraft,beitv2_base_patch16_224_in22k,/hdd/edwin/results_backbones/fz_ckpts/aircraft_beitv2_base_patch16_224_in22k_fz.pth,fz,1.0,8,0.69,0.5352,11.465764,73.74,1,73.74,73.74,0.0,3.0,55.51,0.9062,85.838884,79.61,raw_4999,True,0.01243019275806161,40.94018980357537,86.64269213938057,-7.373445547041834
aircraft,beitv2_base_patch16_224_in22k,/hdd/edwin/results_backbones/fz_ckpts/aircraft_beitv2_base_patch16_224_in22k_fz.pth,fz,1.0,32,0.96,0.5039,11.465764,73.21,1,73.21,73.21,0.0,5.0,55.51,0.9062,85.838884,79.61,raw_4999,True,0.017294181228607458,44.39417347163981,86.64269213938057,-8.039191056399957
aircraft,beitv2_base_patch16_224_in22k,/hdd/edwin/results_backbones/fz_ckpts/aircraft_beitv2_base_patch16_224_in22k_fz.pth,fz,1.0,128,1.11,0.4961,11.465764,81.0,1,81.0,81.0,0.0,7.0,55.51,0.9062,85.838884,79.61,raw_4999,True,0.019996397045577374,45.254910615758114,86.64269213938057,1.746011807561865
aircraft,beitv2_base_patch16_224_in22k,/hdd/edwin/results_backbones/fz_ckpts/aircraft_beitv2_base_patch16_224_in22k_fz.pth,fz,1.0,512,0.99,0.4941,11.465764,75.54,1,75.54,75.54,0.0,9.0,55.51,0.9062,85.838884,79.61,raw_4999,True,0.017834624392001442,45.475612447583316,86.64269213938057,-5.112423062429334
aircraft,beitv2_base_patch16_224_in22k,/hdd/edwin/results_backbones/fz_ckpts/aircraft_beitv2_base_patch16_224_in22k_fz.pth,fz,1.58,8,3.36,0.5469,22.082596,73.6,1,73.6,73.6,0.0,3.0,55.51,0.9062,85.838884,79.61,raw_4999,True,0.0605296343001261,39.64908408739792,74.2743673135359,-7.549302851400584
aircraft,beitv2_base_patch16_224_in22k,/hdd/edwin/results_backbones/fz_ckpts/aircraft_beitv2_base_patch16_224_in22k_fz.pth,fz,1.58,32,1.02,0.5137,22.082596,78.45,1,78.45,78.45,0.0,5.0,55.51,0.9062,85.838884,79.61,raw_4999,True,0.018375067555395426,43.312734495696304,74.2743673135359,-1.4571033789724865
aircraft,beitv2_base_patch16_224_in22k,/hdd/edwin/results_backbones/fz_ckpts/aircraft_beitv2_base_patch16_224_in22k_fz.pth,fz,1.58,128,1.11,0.5059,22.082596,73.64,1,73.64,73.64,0.0,7.0,55.51,0.9062,85.838884,79.61,raw_4999,True,0.019996397045577374,44.173471639814615,74.2743673135359,-7.499057907298077
aircraft,beitv2_base_patch16_224_in22k,/hdd/edwin/results_backbones/fz_ckpts/aircraft_beitv2_base_patch16_224_in22k_fz.pth,fz,1.58,512,1.02,0.5039,22.082596,77.41,1,77.41,77.41,0.0,9.0,55.51,0.9062,85.838884,79.61,raw_4999,True,0.018375067555395426,44.39417347163981,74.2743673135359,-2.7634719256374862
aircraft,beitv2_base_patch16_224_in22k,/hdd/edwin/results_backbones/fz_ckpts/aircraft_beitv2_base_patch16_224_in22k_fz.pth,fz,2.0,8,21.39,0.5488,22.082596,73.59,1,73.59,73.59,0.0,3.0,55.51,0.9062,85.838884,79.61,raw_4999,True,0.38533597549990994,39.43941734716398,74.2743673135359,-7.561864087426197
aircraft,beitv2_base_patch16_224_in22k,/hdd/edwin/results_backbones/fz_ckpts/aircraft_beitv2_base_patch16_224_in22k_fz.pth,fz,2.0,32,2.85,0.5137,22.082596,73.61,1,73.61,73.61,0.0,5.0,55.51,0.9062,85.838884,79.61,raw_4999,True,0.051342100522428394,43.312734495696304,74.2743673135359,-7.536741615374953
aircraft,beitv2_base_patch16_224_in22k,/hdd/edwin/results_backbones/fz_ckpts/aircraft_beitv2_base_patch16_224_in22k_fz.pth,fz,2.0,128,1.8,0.5059,22.082596,75.32,1,75.32,75.32,0.0,7.0,55.51,0.9062,85.838884,79.61,raw_4999,True,0.03242658980363899,44.173471639814615,74.2743673135359,-5.3887702549931
aircraft,beitv2_base_patch16_224_in22k,/hdd/edwin/results_backbones/fz_ckpts/aircraft_beitv2_base_patch16_224_in22k_fz.pth,fz,2.0,512,0.84,0.5039,22.082596,73.88,1,73.88,73.88,0.0,9.0,55.51,0.9062,85.838884,79.61,raw_4999,True,0.015132408575031526,44.39417347163981,74.2743673135359,-7.197588242683086
aircraft,beitv2_base_patch16_224_in22k,/hdd/edwin/results_backbones/fz_ckpts/aircraft_beitv2_base_patch16_224_in22k_fz.pth,fz,3.0,8,39.24,0.5605,9.342628,75.61,3,74.84,76.33,1.4899999999999949,3.0,55.51,0.9062,85.838884,79.61,raw_4999,True,0.7068996577193299,38.148311630986534,89.11608869472254,-5.024494410249969
aircraft,beitv2_base_patch16_224_in22k,/hdd/edwin/results_backbones/fz_ckpts/aircraft_beitv2_base_patch16_224_in22k_fz.pth,fz,3.0,32,37.83,0.5273,9.343012,72.75,1,72.75,72.75,0.0,5.0,55.51,0.9062,85.838884,79.61,raw_4999,True,0.6814988290398126,41.81196203928493,89.11564134501096,-8.617007913578696
aircraft,beitv2_base_patch16_224_in22k,/hdd/edwin/results_backbones/fz_ckpts/aircraft_beitv2_base_patch16_224_in22k_fz.pth,fz,3.0,128,6.93,0.5176,9.346084,73.18,1,73.18,73.18,0.0,7.0,55.51,0.9062,85.838884,79.61,raw_4999,True,0.12484237074401008,42.882365923637174,89.11206254731829,-8.076874764476816
aircraft,beitv2_base_patch16_224_in22k,/hdd/edwin/results_backbones/fz_ckpts/aircraft_beitv2_base_patch16_224_in22k_fz.pth,fz,3.0,512,7.86,0.5176,9.352228,67.86,1,67.86,67.86,0.0,9.0,55.51,0.9062,85.838884,79.61,raw_4999,True,0.14159610880922358,42.882365923637174,89.10490495193297,-14.759452330109283
aircraft,beitv2_base_patch16_224_in22k,/hdd/edwin/results_backbones/fz_ckpts/aircraft_beitv2_base_patch16_224_in22k_fz.pth,fz,4.0,8,53.65,0.7559,43.31626,66.22,1,66.22,66.22,0.0,3.0,55.51,0.9062,85.838884,79.61,raw_4999,True,0.9664925238695731,16.585742661664092,49.537717661846585,-16.81949503831177
aircraft,beitv2_base_patch16_224_in22k,/hdd/edwin/results_backbones/fz_ckpts/aircraft_beitv2_base_patch16_224_in22k_fz.pth,fz,4.0,32,50.68,0.7422,43.31626,67.27,1,67.27,67.27,0.0,5.0,55.51,0.9062,85.838884,79.61,raw_4999,True,0.9129886506935687,18.097550209666743,49.537717661846585,-15.50056525562116
aircraft,beitv2_base_patch16_224_in22k,/hdd/edwin/results_backbones/fz_ckpts/aircraft_beitv2_base_patch16_224_in22k_fz.pth,fz,4.0,128,31.74,0.7344,43.31626,68.4,1,68.4,68.4,0.0,7.0,55.51,0.9062,85.838884,79.61,raw_4999,True,0.5717888668708341,18.958287353785032,49.537717661846585,-14.081145584725528
aircraft,beitv2_base_patch16_224_in22k,/hdd/edwin/results_backbones/fz_ckpts/aircraft_beitv2_base_patch16_224_in22k_fz.pth,fz,4.0,512,42.09,0.7324,43.31626,66.61,1,66.61,66.61,0.0,9.0,55.51,0.9062,85.838884,79.61,raw_4999,True,0.7582417582417583,19.178989185610234,49.537717661846585,-16.329606833312397
aircraft,beitv2_base_patch16_224_in22k,/hdd/edwin/results_backbones/fz_ckpts/aircraft_beitv2_base_patch16_224_in22k_fz.pth,fz,5.0,8,55.42,0.7891,85.783588,68.31,1,68.31,68.31,0.0,3.0,55.51,0.9062,85.838884,79.61,raw_4999,True,0.9983786705098181,12.9220922533657,0.06441835846793914,-14.19419670895616
aircraft,beitv2_base_patch16_224_in22k,/hdd/edwin/results_backbones/fz_ckpts/aircraft_beitv2_base_patch16_224_in22k_fz.pth,fz,5.0,32,55.03,0.7539,85.783588,66.82,1,66.82,66.82,0.0,5.0,55.51,0.9062,85.838884,79.61,raw_4999,True,0.9913529093856963,16.806444493489295,0.06441835846793914,-16.065820876774282
aircraft,beitv2_base_patch16_224_in22k,/hdd/edwin/results_backbones/fz_ckpts/aircraft_beitv2_base_patch16_224_in22k_fz.pth,fz,5.0,128,54.16,0.7461,85.783588,65.93,1,65.93,65.93,0.0,7.0,55.51,0.9062,85.838884,79.61,raw_4999,True,0.9756800576472707,17.667181637607595,0.06441835846793914,-17.183770883054883
aircraft,beitv2_base_patch16_224_in22k,/hdd/edwin/results_backbones/fz_ckpts/aircraft_beitv2_base_patch16_224_in22k_fz.pth,fz,5.0,512,52.12,0.7441,85.783588,67.68,1,67.68,67.68,0.0,9.0,55.51,0.9062,85.838884,79.61,raw_4999,True,0.9389299225364799,17.887883469432797,0.06441835846793914,-14.985554578570524
aircraft,beitv2_base_patch16_224_in22k,/hdd/edwin/results_backbones/fz_ckpts/aircraft_beitv2_base_patch16_224_in22k_fz.pth,fz,6.0,8,55.54,0.7891,85.783588,67.85,1,67.85,67.85,0.0,3.0,55.51,0.9062,85.838884,79.61,raw_4999,True,1.000540443163394,12.9220922533657,0.06441835846793914,-14.772013566134914
aircraft,beitv2_base_patch16_224_in22k,/hdd/edwin/results_backbones/fz_ckpts/aircraft_beitv2_base_patch16_224_in22k_fz.pth,fz,6.0,32,55.03,0.7539,85.783588,67.6,1,67.6,67.6,0.0,5.0,55.51,0.9062,85.838884,79.61,raw_4999,True,0.9913529093856963,16.806444493489295,0.06441835846793914,-15.086044466775537
aircraft,beitv2_base_patch16_224_in22k,/hdd/edwin/results_backbones/fz_ckpts/aircraft_beitv2_base_patch16_224_in22k_fz.pth,fz,6.0,128,54.73,0.7461,85.783588,66.43,1,66.43,66.43,0.0,7.0,55.51,0.9062,85.838884,79.61,raw_4999,True,0.9859484777517564,17.667181637607595,0.06441835846793914,-16.55570908177364
aircraft,beitv2_base_patch16_224_in22k,/hdd/edwin/results_backbones/fz_ckpts/aircraft_beitv2_base_patch16_224_in22k_fz.pth,fz,6.0,512,55.27,0.7441,85.783588,67.26,1,67.26,67.26,0.0,9.0,55.51,0.9062,85.838884,79.61,raw_4999,True,0.9956764546928483,17.887883469432797,0.06441835846793914,-15.513126491646773
aircraft,beitv2_base_patch16_224_in22k,/hdd/edwin/results_backbones/fz_ckpts/aircraft_beitv2_base_patch16_224_in22k_fz.pth,fz,8.0,8,55.51,0.7891,85.783588,69.18,1,69.18,69.18,0.0,3.0,55.51,0.9062,85.838884,79.61,raw_4999,True,1.0,12.9220922533657,0.06441835846793914,-13.101369174726784
aircraft,beitv2_base_patch16_224_in22k,/hdd/edwin/results_backbones/fz_ckpts/aircraft_beitv2_base_patch16_224_in22k_fz.pth,fz,8.0,32,55.48,0.7539,85.783588,66.93,1,66.93,66.93,0.0,5.0,55.51,0.9062,85.838884,79.61,raw_4999,True,0.999459556836606,16.806444493489295,0.06441835846793914,-15.927647280492392
aircraft,beitv2_base_patch16_224_in22k,/hdd/edwin/results_backbones/fz_ckpts/aircraft_beitv2_base_patch16_224_in22k_fz.pth,fz,8.0,128,55.21,0.7461,85.783588,67.38,1,67.38,67.38,0.0,7.0,55.51,0.9062,85.838884,79.61,raw_4999,True,0.9945955683660602,17.667181637607595,0.06441835846793914,-15.362391659339284
aircraft,beitv2_base_patch16_224_in22k,/hdd/edwin/results_backbones/fz_ckpts/aircraft_beitv2_base_patch16_224_in22k_fz.pth,fz,8.0,512,55.0,0.7441,85.783588,68.99,1,68.99,68.99,0.0,9.0,55.51,0.9062,85.838884,79.61,raw_4999,True,0.9908124662223023,17.887883469432797,0.06441835846793914,-13.340032659213673
aircraft,swin_base_patch4_window7_224_in22k,/hdd/edwin/results_backbones/cal_ckpts/aircraft_swin_base_patch4_window7_224_in22k_cal.pth,cal,1.0,8,1.08,1.7988,11.383288,376.8,1,376.8,376.8,0.0,3.0,91.78,2.3105,90.052856,469.13,raw_4999,True,0.01176726955763783,22.14672148885524,87.35932594964005,-19.681111845330715
aircraft,swin_base_patch4_window7_224_in22k,/hdd/edwin/results_backbones/cal_ckpts/aircraft_swin_base_patch4_window7_224_in22k_cal.pth,cal,1.0,32,1.14,1.7676,11.383288,563.06,1,563.06,563.06,0.0,5.0,91.78,2.3105,90.052856,469.13,raw_4999,True,0.012421006755284375,23.497078554425453,87.35932594964005,20.02216869524438
aircraft,swin_base_patch4_window7_224_in22k,/hdd/edwin/results_backbones/cal_ckpts/aircraft_swin_base_patch4_window7_224_in22k_cal.pth,cal,1.0,128,1.02,1.7578,11.383288,388.21,1,388.21,388.21,0.0,7.0,91.78,2.3105,90.052856,469.13,raw_4999,True,0.011113532359991284,23.921229171175074,87.35932594964005,-17.248950184383865
aircraft,swin_base_patch4_window7_224_in22k,/hdd/edwin/results_backbones/cal_ckpts/aircraft_swin_base_patch4_window7_224_in22k_cal.pth,cal,1.0,512,1.02,1.7559,11.383288,477.83,1,477.83,477.83,0.0,9.0,91.78,2.3105,90.052856,469.13,raw_4999,True,0.011113532359991284,24.00346245401429,87.35932594964005,1.854496621405578
aircraft,swin_base_patch4_window7_224_in22k,/hdd/edwin/results_backbones/cal_ckpts/aircraft_swin_base_patch4_window7_224_in22k_cal.pth,cal,1.58,8,70.0,1.8086,22.606328,480.3,1,480.3,480.3,0.0,3.0,91.78,2.3105,90.052856,469.13,raw_4999,True,0.7626933972543037,21.722570872105614,74.89660072524518,2.381003133459812
aircraft,swin_base_patch4_window7_224_in22k,/hdd/edwin/results_backbones/cal_ckpts/aircraft_swin_base_patch4_window7_224_in22k_cal.pth,cal,1.58,32,4.68,1.7793,22.606328,330.55,1,330.55,330.55,0.0,5.0,91.78,2.3105,90.052856,469.13,raw_4999,True,0.05099150141643059,22.99069465483662,74.89660072524518,-29.539786413147738
aircraft,swin_base_patch4_window7_224_in22k,/hdd/edwin/results_backbones/cal_ckpts/aircraft_swin_base_patch4_window7_224_in22k_cal.pth,cal,1.58,128,0.96,1.7695,22.606328,546.49,1,546.49,546.49,0.0,7.0,91.78,2.3105,90.052856,469.13,raw_4999,True,0.010459795162344738,23.41484527158624,74.89660072524518,16.490098693325947
aircraft,swin_base_patch4_window7_224_in22k,/hdd/edwin/results_backbones/cal_ckpts/aircraft_swin_base_patch4_window7_224_in22k_cal.pth,cal,1.58,512,0.93,1.7676,22.606328,364.24,1,364.24,364.24,0.0,9.0,91.78,2.3105,90.052856,469.13,raw_4999,True,0.010132926563521464,23.497078554425453,74.89660072524518,-22.358408117153026
aircraft,swin_base_patch4_window7_224_in22k,/hdd/edwin/results_backbones/cal_ckpts/aircraft_swin_base_patch4_window7_224_in22k_cal.pth,cal,2.0,8,87.37,1.8125,22.606328,514.48,1,514.48,514.48,0.0,3.0,91.78,2.3105,90.052856,469.13,raw_4999,True,0.9519503159729789,21.553776238909336,74.89660072524518,9.666830089740587
aircraft,swin_base_patch4_window7_224_in22k,/hdd/edwin/results_backbones/cal_ckpts/aircraft_swin_base_patch4_window7_224_in22k_cal.pth,cal,2.0,32,66.4,1.7793,22.606328,471.48,1,471.48,471.48,0.0,5.0,91.78,2.3105,90.052856,469.13,raw_4999,True,0.7234691653955111,22.99069465483662,74.89660072524518,0.5009272483107077
aircraft,swin_base_patch4_window7_224_in22k,/hdd/edwin/results_backbones/cal_ckpts/aircraft_swin_base_patch4_window7_224_in22k_cal.pth,cal,2.0,128,5.37,1.7695,22.606328,373.16,1,373.16,373.16,0.0,7.0,91.78,2.3105,90.052856,469.13,raw_4999,True,0.05850947918936587,23.41484527158624,74.89660072524518,-20.45701617888431
aircraft,swin_base_patch4_window7_224_in22k,/hdd/edwin/results_backbones/cal_ckpts/aircraft_swin_base_patch4_window7_224_in22k_cal.pth,cal,2.0,512,0.87,1.7676,22.606328,494.49,1,494.49,494.49,0.0,9.0,91.78,2.3105,90.052856,469.13,raw_4999,True,0.009479189365874918,23.497078554425453,74.89660072524518,5.4057510711316725
aircraft,swin_base_patch4_window7_224_in22k,/hdd/edwin/results_backbones/cal_ckpts/aircraft_swin_base_patch4_window7_224_in22k_cal.pth,cal,3.0,8,91.54,1.8164,9.139128,361.28,3,329.58,370.09,40.50999999999999,3.0,91.78,2.3105,90.052856,469.13,raw_4999,True,0.9973850512094139,21.384981605713055,89.85137350890903,-22.989363289493323
aircraft,swin_base_patch4_window7_224_in22k,/hdd/edwin/results_backbones/cal_ckpts/aircraft_swin_base_patch4_window7_224_in22k_cal.pth,cal,3.0,32,90.4,1.8008,9.140056,558.07,1,558.07,558.07,0.0,5.0,91.78,2.3105,90.052856,469.13,raw_4999,True,0.9849640444541294,22.06016013849817,89.85034300300259,18.95849764457614
aircraft,swin_base_patch4_window7_224_in22k,/hdd/edwin/results_backbones/cal_ckpts/aircraft_swin_base_patch4_window7_224_in22k_cal.pth,cal,3.0,128,88.51,1.791,9.145848,354.32,1,354.32,354.32,0.0,7.0,91.78,2.3105,90.052856,469.13,raw_4999,True,0.9643713227282633,22.484310755247794,89.84391122475894,-24.47296058661778
aircraft,swin_base_patch4_window7_224_in22k,/hdd/edwin/results_backbones/cal_ckpts/aircraft_swin_base_patch4_window7_224_in22k_cal.pth,cal,3.0,512,84.07,1.7891,9.160696,260.8,1,260.8,260.8,0.0,9.0,91.78,2.3105,90.052856,469.13,raw_4999,True,0.9159947701024187,22.566544038087006,89.82742313025585,-44.4077334640718
aircraft,swin_base_patch4_window7_224_in22k,/hdd/edwin/results_backbones/cal_ckpts/aircraft_swin_base_patch4_window7_224_in22k_cal.pth,cal,4.0,8,91.81,1.8379,45.052408,248.79,1,248.79,248.79,0.0,3.0,91.78,2.3105,90.052856,469.13,raw_4999,True,1.0003268685988234,20.454447089374597,49.971150276455425,-46.96779144373628
aircraft,swin_base_patch4_window7_224_in22k,/hdd/edwin/results_backbones/cal_ckpts/aircraft_swin_base_patch4_window7_224_in22k_cal.pth,cal,4.0,32,91.69,1.8066,45.052408,247.47,1,247.47,247.47,0.0,5.0,91.78,2.3105,90.052856,469.13,raw_4999,True,0.9990193942035301,21.80913222246268,49.971150276455425,-47.249163344915054
aircraft,swin_base_patch4_window7_224_in22k,/hdd/edwin/results_backbones/cal_ckpts/aircraft_swin_base_patch4_window7_224_in22k_cal.pth,cal,4.0,128,91.36,1.7969,45.052408,249.5,1,249.5,249.5,0.0,7.0,91.78,2.3105,90.052856,469.13,raw_4999,True,0.9954238396164742,22.228954771694447,49.971150276455425,-46.816447466587086
aircraft,swin_base_patch4_window7_224_in22k,/hdd/edwin/results_backbones/cal_ckpts/aircraft_swin_base_patch4_window7_224_in22k_cal.pth,cal,4.0,512,90.85,1.7949,45.052408,248.17,1,248.17,248.17,0.0,9.0,91.78,2.3105,90.052856,469.13,raw_4999,True,0.9898670734364785,22.315516122051516,49.971150276455425,-47.099950973077824
aircraft,swin_base_patch4_window7_224_in22k,/hdd/edwin/results_backbones/cal_ckpts/aircraft_swin_base_patch4_window7_224_in22k_cal.pth,cal,5.0,8,91.54,1.8867,89.944568,246.51,1,246.51,246.51,0.0,3.0,91.78,2.3105,90.052856,469.13,raw_4999,True,0.9973850512094139,18.3423501406622,0.1202493788758923,-47.453797454863256
aircraft,swin_base_patch4_window7_224_in22k,/hdd/edwin/results_backbones/cal_ckpts/aircraft_swin_base_patch4_window7_224_in22k_cal.pth,cal,5.0,32,91.72,1.8438,89.944568,245.99,1,245.99,245.99,0.0,5.0,91.78,2.3105,90.052856,469.13,raw_4999,True,0.9993462628023534,20.199091105821253,0.1202493788758923,-47.5646409310852
aircraft,swin_base_patch4_window7_224_in22k,/hdd/edwin/results_backbones/cal_ckpts/aircraft_swin_base_patch4_window7_224_in22k_cal.pth,cal,5.0,128,91.6,1.834,89.944568,246.59,1,246.59,246.59,0.0,7.0,91.78,2.3105,90.052856,469.13,raw_4999,True,0.9980387884070603,20.623241722570874,0.1202493788758923,-47.436744612367576
aircraft,swin_base_patch4_window7_224_in22k,/hdd/edwin/results_backbones/cal_ckpts/aircraft_swin_base_patch4_window7_224_in22k_cal.pth,cal,5.0,512,91.27,1.832,89.944568,246.81,1,246.81,246.81,0.0,9.0,91.78,2.3105,90.052856,469.13,raw_4999,True,0.9944432338200043,20.709803072927944,0.1202493788758923,-47.38984929550445
aircraft,swin_base_patch4_window7_224_in22k,/hdd/edwin/results_backbones/cal_ckpts/aircraft_swin_base_patch4_window7_224_in22k_cal.pth,cal,6.0,8,91.72,1.8867,89.944568,247.09,1,247.09,247.09,0.0,3.0,91.78,2.3105,90.052856,469.13,raw_4999,True,0.9993462628023534,18.3423501406622,0.1202493788758923,-47.33016434676955
aircraft,swin_base_patch4_window7_224_in22k,/hdd/edwin/results_backbones/cal_ckpts/aircraft_swin_base_patch4_window7_224_in22k_cal.pth,cal,6.0,32,91.69,1.8438,89.944568,247.42,1,247.42,247.42,0.0,5.0,91.78,2.3105,90.052856,469.13,raw_4999,True,0.9990193942035301,20.199091105821253,0.1202493788758923,-47.25982137147486
aircraft,swin_base_patch4_window7_224_in22k,/hdd/edwin/results_backbones/cal_ckpts/aircraft_swin_base_patch4_window7_224_in22k_cal.pth,cal,6.0,128,91.51,1.834,89.944568,246.81,1,246.81,246.81,0.0,7.0,91.78,2.3105,90.052856,469.13,raw_4999,True,0.9970581826105905,20.623241722570874,0.1202493788758923,-47.38984929550445
aircraft,swin_base_patch4_window7_224_in22k,/hdd/edwin/results_backbones/cal_ckpts/aircraft_swin_base_patch4_window7_224_in22k_cal.pth,cal,6.0,512,91.6,1.832,89.944568,247.25,1,247.25,247.25,0.0,9.0,91.78,2.3105,90.052856,469.13,raw_4999,True,0.9980387884070603,20.709803072927944,0.1202493788758923,-47.29605866177818
aircraft,swin_base_patch4_window7_224_in22k,/hdd/edwin/results_backbones/cal_ckpts/aircraft_swin_base_patch4_window7_224_in22k_cal.pth,cal,8.0,8,91.75,1.8867,89.944568,247.07,1,247.07,247.07,0.0,3.0,91.78,2.3105,90.052856,469.13,raw_4999,True,0.9996731314011768,18.3423501406622,0.1202493788758923,-47.334427557393475
aircraft,swin_base_patch4_window7_224_in22k,/hdd/edwin/results_backbones/cal_ckpts/aircraft_swin_base_patch4_window7_224_in22k_cal.pth,cal,8.0,32,91.78,1.8438,89.944568,245.82,1,245.82,245.82,0.0,5.0,91.78,2.3105,90.052856,469.13,raw_4999,True,1.0,20.199091105821253,0.1202493788758923,-47.60087822138853
aircraft,swin_base_patch4_window7_224_in22k,/hdd/edwin/results_backbones/cal_ckpts/aircraft_swin_base_patch4_window7_224_in22k_cal.pth,cal,8.0,128,91.69,1.834,89.944568,246.91,1,246.91,246.91,0.0,7.0,91.78,2.3105,90.052856,469.13,raw_4999,True,0.9990193942035301,20.623241722570874,0.1202493788758923,-47.36853324238484
aircraft,swin_base_patch4_window7_224_in22k,/hdd/edwin/results_backbones/cal_ckpts/aircraft_swin_base_patch4_window7_224_in22k_cal.pth,cal,8.0,512,91.81,1.832,89.944568,246.72,1,246.72,246.72,0.0,9.0,91.78,2.3105,90.052856,469.13,raw_4999,True,1.0003268685988234,20.709803072927944,0.1202493788758923,-47.40903374331209
aircraft,swin_base_patch4_window7_224_in22k,/hdd/edwin/results_backbones/ft_ckpts/aircraft_swin_base_patch4_window7_224_in22k.pth,ft,1.0,8,1.29,1.4473,11.043356,77.86,1,77.86,77.86,0.0,3.0,87.79,1.7461,86.845724,91.61,raw_4999,True,0.014694156509853057,17.112421968959392,87.28393812457594,-15.009278463049885
aircraft,swin_base_patch4_window7_224_in22k,/hdd/edwin/results_backbones/ft_ckpts/aircraft_swin_base_patch4_window7_224_in22k.pth,ft,1.0,32,1.08,1.418,11.043356,79.88,1,79.88,79.88,0.0,5.0,87.79,1.7461,86.845724,91.61,raw_4999,True,0.01230208451987698,18.79044728251532,87.28393812457594,-12.804279008841835
aircraft,swin_base_patch4_window7_224_in22k,/hdd/edwin/results_backbones/ft_ckpts/aircraft_swin_base_patch4_window7_224_in22k.pth,ft,1.0,128,1.26,1.4102,11.043356,77.06,1,77.06,77.06,0.0,7.0,87.79,1.7461,86.845724,91.61,raw_4999,True,0.014352431939856474,19.23715709295001,87.28393812457594,-15.88254557362733
aircraft,swin_base_patch4_window7_224_in22k,/hdd/edwin/results_backbones/ft_ckpts/aircraft_swin_base_patch4_window7_224_in22k.pth,ft,1.0,512,1.02,1.4062,11.043356,78.2,1,78.2,78.2,0.0,9.0,87.79,1.7461,86.845724,91.61,raw_4999,True,0.011618635379883812,19.466239047019076,87.28393812457594,-14.638139941054465
aircraft,swin_base_patch4_window7_224_in22k,/hdd/edwin/results_backbones/ft_ckpts/aircraft_swin_base_patch4_window7_224_in22k.pth,ft,1.58,8,50.29,1.457,21.856796,75.97,1,75.97,75.97,0.0,3.0,87.79,1.7461,86.845724,91.61,raw_4999,True,0.5728442875042715,16.5568982303419,74.83261697490138,-17.072372011789106
aircraft,swin_base_patch4_window7_224_in22k,/hdd/edwin/results_backbones/ft_ckpts/aircraft_swin_base_patch4_window7_224_in22k.pth,ft,1.58,32,1.23,1.4277,21.856796,77.01,1,77.01,77.01,0.0,5.0,87.79,1.7461,86.845724,91.61,raw_4999,True,0.014010707369859892,18.234923543897832,74.83261697490138,-15.93712476803842
aircraft,swin_base_patch4_window7_224_in22k,/hdd/edwin/results_backbones/ft_ckpts/aircraft_swin_base_patch4_window7_224_in22k.pth,ft,1.58,128,1.26,1.418,21.856796,80.88,1,80.88,80.88,0.0,7.0,87.79,1.7461,86.845724,91.61,raw_4999,True,0.014352431939856474,18.79044728251532,74.83261697490138,-11.712695120620024
aircraft,swin_base_patch4_window7_224_in22k,/hdd/edwin/results_backbones/ft_ckpts/aircraft_swin_base_patch4_window7_224_in22k.pth,ft,1.58,512,0.99,1.416,21.856796,76.43,1,76.43,76.43,0.0,9.0,87.79,1.7461,86.845724,91.61,raw_4999,True,0.01127691080988723,18.904988259549857,74.83261697490138,-16.570243423207067
aircraft,swin_base_patch4_window7_224_in22k,/hdd/edwin/results_backbones/ft_ckpts/aircraft_swin_base_patch4_window7_224_in22k.pth,ft,2.0,8,76.81,1.457,21.856796,78.7,1,78.7,78.7,0.0,3.0,87.79,1.7461,86.845724,91.61,raw_4999,True,0.8749288073812507,16.5568982303419,74.83261697490138,-14.09234799694356
aircraft,swin_base_patch4_window7_224_in22k,/hdd/edwin/results_backbones/ft_ckpts/aircraft_swin_base_patch4_window7_224_in22k.pth,ft,2.0,32,31.98,1.4277,21.856796,76.06,1,76.06,76.06,0.0,5.0,87.79,1.7461,86.845724,91.61,raw_4999,True,0.3642783916163572,18.234923543897832,74.83261697490138,-16.97412946184914
aircraft,swin_base_patch4_window7_224_in22k,/hdd/edwin/results_backbones/ft_ckpts/aircraft_swin_base_patch4_window7_224_in22k.pth,ft,2.0,128,2.64,1.418,21.856796,77.09,1,77.09,77.09,0.0,7.0,87.79,1.7461,86.845724,91.61,raw_4999,True,0.03007176215969928,18.79044728251532,74.83261697490138,-15.849798056980674
aircraft,swin_base_patch4_window7_224_in22k,/hdd/edwin/results_backbones/ft_ckpts/aircraft_swin_base_patch4_window7_224_in22k.pth,ft,2.0,512,1.02,1.416,21.856796,80.74,1,80.74,80.74,0.0,9.0,87.79,1.7461,86.845724,91.61,raw_4999,True,0.011618635379883812,18.904988259549857,74.83261697490138,-11.865516864971077
aircraft,swin_base_patch4_window7_224_in22k,/hdd/edwin/results_backbones/ft_ckpts/aircraft_swin_base_patch4_window7_224_in22k.pth,ft,3.0,8,85.81,1.5,8.881116,80.16,3,77.07,85.34,8.27000000000001,3.0,87.79,1.7461,86.845724,91.61,raw_4999,True,0.9774461783802255,14.094267224099422,89.7736864972189,-12.498635520139725
aircraft,swin_base_patch4_window7_224_in22k,/hdd/edwin/results_backbones/ft_ckpts/aircraft_swin_base_patch4_window7_224_in22k.pth,ft,3.0,32,80.74,1.4863,8.882044,79.66,1,79.66,79.66,0.0,5.0,87.79,1.7461,86.845724,91.61,raw_4999,True,0.9196947260508029,14.878872916785983,89.77261793568559,-13.04442746425063
aircraft,swin_base_patch4_window7_224_in22k,/hdd/edwin/results_backbones/ft_ckpts/aircraft_swin_base_patch4_window7_224_in22k.pth,ft,3.0,128,76.33,1.4766,8.887836,78.92,1,78.92,78.92,0.0,7.0,87.79,1.7461,86.845724,91.61,raw_4999,True,0.8694612142613053,15.434396655403475,89.76594863783966,-13.852199541534764
aircraft,swin_base_patch4_window7_224_in22k,/hdd/edwin/results_backbones/ft_ckpts/aircraft_swin_base_patch4_window7_224_in22k.pth,ft,3.0,512,66.7,1.4746,8.902684,71.84,1,71.84,71.84,0.0,9.0,87.79,1.7461,86.845724,91.61,raw_4999,True,0.7597676272924023,15.548937632438008,89.7488516533065,-21.580613470145178
aircraft,swin_base_patch4_window7_224_in22k,/hdd/edwin/results_backbones/ft_ckpts/aircraft_swin_base_patch4_window7_224_in22k.pth,ft,4.0,8,87.85,1.4863,43.483676,70.82,1,70.82,70.82,0.0,3.0,87.79,1.7461,86.845724,91.61,raw_4999,True,1.000683449139993,14.878872916785983,49.92997467555225,-22.694029036131433
aircraft,swin_base_patch4_window7_224_in22k,/hdd/edwin/results_backbones/ft_ckpts/aircraft_swin_base_patch4_window7_224_in22k.pth,ft,4.0,32,86.86,1.4746,43.483676,70.87,1,70.87,70.87,0.0,5.0,87.79,1.7461,86.845724,91.61,raw_4999,True,0.9894065383301058,15.548937632438008,49.92997467555225,-22.63944984172033
aircraft,swin_base_patch4_window7_224_in22k,/hdd/edwin/results_backbones/ft_ckpts/aircraft_swin_base_patch4_window7_224_in22k.pth,ft,4.0,128,86.41,1.4668,43.483676,70.59,1,70.59,70.59,0.0,7.0,87.79,1.7461,86.845724,91.61,raw_4999,True,0.984280669780157,15.99564744287268,49.92997467555225,-22.945093330422438
aircraft,swin_base_patch4_window7_224_in22k,/hdd/edwin/results_backbones/ft_ckpts/aircraft_swin_base_patch4_window7_224_in22k.pth,ft,4.0,512,84.01,1.4648,43.483676,71.61,1,71.61,71.61,0.0,9.0,87.79,1.7461,86.845724,91.61,raw_4999,True,0.9569427041804306,16.110188419907214,49.92997467555225,-21.831677764436197
aircraft,swin_base_patch4_window7_224_in22k,/hdd/edwin/results_backbones/ft_ckpts/aircraft_swin_base_patch4_window7_224_in22k.pth,ft,5.0,8,87.61,1.5352,86.737436,69.91,1,69.91,69.91,0.0,3.0,87.79,1.7461,86.845724,91.61,raw_4999,True,0.9979496525800204,12.078346028291627,0.12469007685398732,-23.68737037441328
aircraft,swin_base_patch4_window7_224_in22k,/hdd/edwin/results_backbones/ft_ckpts/aircraft_swin_base_patch4_window7_224_in22k.pth,ft,5.0,32,87.55,1.5234,86.737436,70.7,1,70.7,70.7,0.0,5.0,87.79,1.7461,86.845724,91.61,raw_4999,True,0.9972662034400273,12.754137792795367,0.12469007685398732,-22.825019102718038
aircraft,swin_base_patch4_window7_224_in22k,/hdd/edwin/results_backbones/ft_ckpts/aircraft_swin_base_patch4_window7_224_in22k.pth,ft,5.0,128,87.49,1.5137,86.737436,71.04,1,71.04,71.04,0.0,7.0,87.79,1.7461,86.845724,91.61,raw_4999,True,0.9965827543000341,13.30966153141286,0.12469007685398732,-22.45388058072262
aircraft,swin_base_patch4_window7_224_in22k,/hdd/edwin/results_backbones/ft_ckpts/aircraft_swin_base_patch4_window7_224_in22k.pth,ft,5.0,512,87.31,1.5117,86.737436,71.7,1,71.7,71.7,0.0,9.0,87.79,1.7461,86.845724,91.61,raw_4999,True,0.9945324068800546,13.424202508447394,0.12469007685398732,-21.73343521449623
aircraft,swin_base_patch4_window7_224_in22k,/hdd/edwin/results_backbones/ft_ckpts/aircraft_swin_base_patch4_window7_224_in22k.pth,ft,6.0,8,87.73,1.5352,86.737436,71.74,1,71.74,71.74,0.0,3.0,87.79,1.7461,86.845724,91.61,raw_4999,True,0.9993165508600068,12.078346028291627,0.12469007685398732,-21.689771858967365
aircraft,swin_base_patch4_window7_224_in22k,/hdd/edwin/results_backbones/ft_ckpts/aircraft_swin_base_patch4_window7_224_in22k.pth,ft,6.0,32,87.73,1.5234,86.737436,71.53,1,71.53,71.53,0.0,5.0,87.79,1.7461,86.845724,91.61,raw_4999,True,0.9993165508600068,12.754137792795367,0.12469007685398732,-21.91900447549394
aircraft,swin_base_patch4_window7_224_in22k,/hdd/edwin/results_backbones/ft_ckpts/aircraft_swin_base_patch4_window7_224_in22k.pth,ft,6.0,128,87.58,1.5137,86.737436,71.57,1,71.57,71.57,0.0,7.0,87.79,1.7461,86.845724,91.61,raw_4999,True,0.9976079280100238,13.30966153141286,0.12469007685398732,-21.87534111996508
aircraft,swin_base_patch4_window7_224_in22k,/hdd/edwin/results_backbones/ft_ckpts/aircraft_swin_base_patch4_window7_224_in22k.pth,ft,6.0,512,87.64,1.5117,86.737436,71.61,1,71.61,71.61,0.0,9.0,87.79,1.7461,86.845724,91.61,raw_4999,True,0.998291377150017,13.424202508447394,0.12469007685398732,-21.831677764436197
aircraft,swin_base_patch4_window7_224_in22k,/hdd/edwin/results_backbones/ft_ckpts/aircraft_swin_base_patch4_window7_224_in22k.pth,ft,8.0,8,87.79,1.5352,86.737436,70.28,1,70.28,70.28,0.0,3.0,87.79,1.7461,86.845724,91.61,raw_4999,True,1.0,12.078346028291627,0.12469007685398732,-23.283484335771202
aircraft,swin_base_patch4_window7_224_in22k,/hdd/edwin/results_backbones/ft_ckpts/aircraft_swin_base_patch4_window7_224_in22k.pth,ft,8.0,32,87.79,1.5234,86.737436,70.21,1,70.21,70.21,0.0,5.0,87.79,1.7461,86.845724,91.61,raw_4999,True,1.0,12.754137792795367,0.12469007685398732,-23.359895207946735
aircraft,swin_base_patch4_window7_224_in22k,/hdd/edwin/results_backbones/ft_ckpts/aircraft_swin_base_patch4_window7_224_in22k.pth,ft,8.0,128,87.7,1.5137,86.737436,70.73,1,70.73,70.73,0.0,7.0,87.79,1.7461,86.845724,91.61,raw_4999,True,0.9989748262900102,13.30966153141286,0.12469007685398732,-22.792271586071386
aircraft,swin_base_patch4_window7_224_in22k,/hdd/edwin/results_backbones/ft_ckpts/aircraft_swin_base_patch4_window7_224_in22k.pth,ft,8.0,512,87.7,1.5117,86.737436,69.07,1,69.07,69.07,0.0,9.0,87.79,1.7461,86.845724,91.61,raw_4999,True,0.9989748262900102,13.424202508447394,0.12469007685398732,-24.6043008405196
aircraft,swin_base_patch4_window7_224_in22k,/hdd/edwin/results_backbones/fz_ckpts/aircraft_swin_base_patch4_window7_224_in22k_fz.pth,fz,1.0,8,1.08,1.4473,11.043356,78.06,1,78.06,78.06,0.0,3.0,68.29,1.7461,86.845724,92.66,raw_4999,True,0.01581490701420413,17.112421968959392,87.28393812457594,-15.756529246708393
aircraft,swin_base_patch4_window7_224_in22k,/hdd/edwin/results_backbones/fz_ckpts/aircraft_swin_base_patch4_window7_224_in22k_fz.pth,fz,1.0,32,0.96,1.418,11.043356,78.54,1,78.54,78.54,0.0,5.0,68.29,1.7461,86.845724,92.66,raw_4999,True,0.014057695123737002,18.79044728251532,87.28393812457594,-15.238506367364549
aircraft,swin_base_patch4_window7_224_in22k,/hdd/edwin/results_backbones/fz_ckpts/aircraft_swin_base_patch4_window7_224_in22k_fz.pth,fz,1.0,128,0.99,1.4102,11.043356,77.96,1,77.96,77.96,0.0,7.0,68.29,1.7461,86.845724,92.66,raw_4999,True,0.014496998096353783,19.23715709295001,87.28393812457594,-15.864450679905032
aircraft,swin_base_patch4_window7_224_in22k,/hdd/edwin/results_backbones/fz_ckpts/aircraft_swin_base_patch4_window7_224_in22k_fz.pth,fz,1.0,512,0.99,1.4062,11.043356,78.29,1,78.29,78.29,0.0,9.0,68.29,1.7461,86.845724,92.66,raw_4999,True,0.014496998096353783,19.466239047019076,87.28393812457594,-15.508309950356132
aircraft,swin_base_patch4_window7_224_in22k,/hdd/edwin/results_backbones/fz_ckpts/aircraft_swin_base_patch4_window7_224_in22k_fz.pth,fz,1.58,8,41.43,1.459,21.856796,76.74,1,76.74,76.74,0.0,3.0,68.29,1.7461,86.845724,92.66,raw_4999,True,0.606677405183775,16.442357253307364,74.83261697490138,-17.18109216490395
aircraft,swin_base_patch4_window7_224_in22k,/hdd/edwin/results_backbones/fz_ckpts/aircraft_swin_base_patch4_window7_224_in22k_fz.pth,fz,1.58,32,2.01,1.4277,21.856796,77.76,1,77.76,77.76,0.0,5.0,68.29,1.7461,86.845724,92.66,raw_4999,True,0.029433299165324348,18.234923543897832,74.83261697490138,-16.080293546298286
aircraft,swin_base_patch4_window7_224_in22k,/hdd/edwin/results_backbones/fz_ckpts/aircraft_swin_base_patch4_window7_224_in22k_fz.pth,fz,1.58,128,1.26,1.4199,21.856796,75.72,1,75.72,75.72,0.0,7.0,68.29,1.7461,86.845724,92.66,raw_4999,True,0.018450724849904815,18.681633354332515,74.83261697490138,-18.281890783509603
aircraft,swin_base_patch4_window7_224_in22k,/hdd/edwin/results_backbones/fz_ckpts/aircraft_swin_base_patch4_window7_224_in22k_fz.pth,fz,1.58,512,0.96,1.416,21.856796,82.92,1,82.92,82.92,0.0,9.0,68.29,1.7461,86.845724,92.66,raw_4999,True,0.014057695123737002,18.904988259549857,74.83261697490138,-10.511547593352034
aircraft,swin_base_patch4_window7_224_in22k,/hdd/edwin/results_backbones/fz_ckpts/aircraft_swin_base_patch4_window7_224_in22k_fz.pth,fz,2.0,8,58.0,1.459,21.856796,78.75,1,78.75,78.75,0.0,3.0,68.29,1.7461,86.845724,92.66,raw_4999,True,0.8493190803924439,16.442357253307364,74.83261697490138,-15.011871357651625
aircraft,swin_base_patch4_window7_224_in22k,/hdd/edwin/results_backbones/fz_ckpts/aircraft_swin_base_patch4_window7_224_in22k_fz.pth,fz,2.0,32,31.26,1.4277,21.856796,77.08,1,77.08,77.08,0.0,5.0,68.29,1.7461,86.845724,92.66,raw_4999,True,0.45775369746668615,18.234923543897832,74.83261697490138,-16.814159292035395
aircraft,swin_base_patch4_window7_224_in22k,/hdd/edwin/results_backbones/fz_ckpts/aircraft_swin_base_patch4_window7_224_in22k_fz.pth,fz,2.0,128,4.62,1.418,21.856796,79.56,1,79.56,79.56,0.0,7.0,68.29,1.7461,86.845724,92.66,raw_4999,True,0.06765265778298432,18.79044728251532,74.83261697490138,-14.1377077487589
aircraft,swin_base_patch4_window7_224_in22k,/hdd/edwin/results_backbones/fz_ckpts/aircraft_swin_base_patch4_window7_224_in22k_fz.pth,fz,2.0,512,1.14,1.416,21.856796,78.08,1,78.08,78.08,0.0,9.0,68.29,1.7461,86.845724,92.66,raw_4999,True,0.01669351295943769,18.904988259549857,74.83261697490138,-15.734944960069068
aircraft,swin_base_patch4_window7_224_in22k,/hdd/edwin/results_backbones/fz_ckpts/aircraft_swin_base_patch4_window7_224_in22k_fz.pth,fz,3.0,8,67.42,1.5,8.881116,77.92,3,74.78,81.12,6.340000000000003,3.0,68.29,1.7461,86.845724,92.66,raw_4999,True,0.9872602137941133,14.094267224099422,89.7736864972189,-15.907619253183677
aircraft,swin_base_patch4_window7_224_in22k,/hdd/edwin/results_backbones/fz_ckpts/aircraft_swin_base_patch4_window7_224_in22k_fz.pth,fz,3.0,32,62.74,1.4844,8.882044,77.13,1,77.13,77.13,0.0,5.0,68.29,1.7461,86.845724,92.66,raw_4999,True,0.9187289500658954,14.98768684496879,89.77261793568559,-16.760198575437084
aircraft,swin_base_patch4_window7_224_in22k,/hdd/edwin/results_backbones/fz_ckpts/aircraft_swin_base_patch4_window7_224_in22k_fz.pth,fz,3.0,128,54.34,1.4766,8.887836,77.24,1,77.24,77.24,0.0,7.0,68.29,1.7461,86.845724,92.66,raw_4999,True,0.7957241177331966,15.434396655403475,89.76594863783966,-16.641484998920788
aircraft,swin_base_patch4_window7_224_in22k,/hdd/edwin/results_backbones/fz_ckpts/aircraft_swin_base_patch4_window7_224_in22k_fz.pth,fz,3.0,512,48.72,1.4746,8.902684,72.6,1,72.6,72.6,0.0,9.0,68.29,1.7461,86.845724,92.66,raw_4999,True,0.7134280275296528,15.548937632438008,89.7488516533065,-21.64903949924455
aircraft,swin_base_patch4_window7_224_in22k,/hdd/edwin/results_backbones/fz_ckpts/aircraft_swin_base_patch4_window7_224_in22k_fz.pth,fz,4.0,8,67.99,1.4863,43.483676,70.15,1,70.15,70.15,0.0,3.0,68.29,1.7461,86.845724,92.66,raw_4999,True,0.995606970273832,14.878872916785983,49.92997467555225,-24.293114612562047
aircraft,swin_base_patch4_window7_224_in22k,/hdd/edwin/results_backbones/fz_ckpts/aircraft_swin_base_patch4_window7_224_in22k_fz.pth,fz,4.0,32,68.56,1.4766,43.483676,70.82,1,70.82,70.82,0.0,5.0,68.29,1.7461,86.845724,92.66,raw_4999,True,1.003953726753551,15.434396655403475,49.92997467555225,-23.57004101014462
aircraft,swin_base_patch4_window7_224_in22k,/hdd/edwin/results_backbones/fz_ckpts/aircraft_swin_base_patch4_window7_224_in22k_fz.pth,fz,4.0,128,66.46,1.4668,43.483676,70.99,1,70.99,70.99,0.0,7.0,68.29,1.7461,86.845724,92.66,raw_4999,True,0.9732025186703761,15.99564744287268,49.92997467555225,-23.38657457371034
aircraft,swin_base_patch4_window7_224_in22k,/hdd/edwin/results_backbones/fz_ckpts/aircraft_swin_base_patch4_window7_224_in22k_fz.pth,fz,4.0,512,64.69,1.4648,43.483676,69.76,1,69.76,69.76,0.0,9.0,68.29,1.7461,86.845724,92.66,raw_4999,True,0.9472836432859861,16.110188419907214,49.92997467555225,-24.714008202028914
aircraft,swin_base_patch4_window7_224_in22k,/hdd/edwin/results_backbones/fz_ckpts/aircraft_swin_base_patch4_window7_224_in22k_fz.pth,fz,5.0,8,68.32,1.5352,86.737436,71.24,1,71.24,71.24,0.0,3.0,68.29,1.7461,86.845724,92.66,raw_4999,True,1.0004393029726166,12.078346028291627,0.12469007685398732,-23.11677099071876
aircraft,swin_base_patch4_window7_224_in22k,/hdd/edwin/results_backbones/fz_ckpts/aircraft_swin_base_patch4_window7_224_in22k_fz.pth,fz,5.0,32,68.26,1.5234,86.737436,71.49,1,71.49,71.49,0.0,5.0,68.29,1.7461,86.845724,92.66,raw_4999,True,0.9995606970273831,12.754137792795367,0.12469007685398732,-22.846967407727174
aircraft,swin_base_patch4_window7_224_in22k,/hdd/edwin/results_backbones/fz_ckpts/aircraft_swin_base_patch4_window7_224_in22k_fz.pth,fz,5.0,128,68.11,1.5137,86.737436,70.51,1,70.51,70.51,0.0,7.0,68.29,1.7461,86.845724,92.66,raw_4999,True,0.9973641821642992,13.30966153141286,0.12469007685398732,-23.90459745305417
aircraft,swin_base_patch4_window7_224_in22k,/hdd/edwin/results_backbones/fz_ckpts/aircraft_swin_base_patch4_window7_224_in22k_fz.pth,fz,5.0,512,67.57,1.5117,86.737436,70.8,1,70.8,70.8,0.0,9.0,68.29,1.7461,86.845724,92.66,raw_4999,True,0.989456728657197,13.424202508447394,0.12469007685398732,-23.591625296783942
aircraft,swin_base_patch4_window7_224_in22k,/hdd/edwin/results_backbones/fz_ckpts/aircraft_swin_base_patch4_window7_224_in22k_fz.pth,fz,6.0,8,68.26,1.5371,86.737436,70.41,1,70.41,70.41,0.0,3.0,68.29,1.7461,86.845724,92.66,raw_4999,True,0.9995606970273831,11.969532100108816,0.12469007685398732,-24.01251888625081
aircraft,swin_base_patch4_window7_224_in22k,/hdd/edwin/results_backbones/fz_ckpts/aircraft_swin_base_patch4_window7_224_in22k_fz.pth,fz,6.0,32,68.2,1.5234,86.737436,70.24,1,70.24,70.24,0.0,5.0,68.29,1.7461,86.845724,92.66,raw_4999,True,0.9986820910821496,12.754137792795367,0.12469007685398732,-24.195985322685086
aircraft,swin_base_patch4_window7_224_in22k,/hdd/edwin/results_backbones/fz_ckpts/aircraft_swin_base_patch4_window7_224_in22k_fz.pth,fz,6.0,128,68.05,1.5137,86.737436,71.28,1,71.28,71.28,0.0,7.0,68.29,1.7461,86.845724,92.66,raw_4999,True,0.9964855762190656,13.30966153141286,0.12469007685398732,-23.0736024174401
aircraft,swin_base_patch4_window7_224_in22k,/hdd/edwin/results_backbones/fz_ckpts/aircraft_swin_base_patch4_window7_224_in22k_fz.pth,fz,6.0,512,68.14,1.5117,86.737436,70.83,1,70.83,70.83,0.0,9.0,68.29,1.7461,86.845724,92.66,raw_4999,True,0.997803485136916,13.424202508447394,0.12469007685398732,-23.55924886682495
aircraft,swin_base_patch4_window7_224_in22k,/hdd/edwin/results_backbones/fz_ckpts/aircraft_swin_base_patch4_window7_224_in22k_fz.pth,fz,8.0,8,68.23,1.5371,86.737436,69.89,1,69.89,69.89,0.0,3.0,68.29,1.7461,86.845724,92.66,raw_4999,True,0.9991213940547664,11.969532100108816,0.12469007685398732,-24.573710338873298
aircraft,swin_base_patch4_window7_224_in22k,/hdd/edwin/results_backbones/fz_ckpts/aircraft_swin_base_patch4_window7_224_in22k_fz.pth,fz,8.0,32,68.2,1.5234,86.737436,70.94,1,70.94,70.94,0.0,5.0,68.29,1.7461,86.845724,92.66,raw_4999,True,0.9986820910821496,12.754137792795367,0.12469007685398732,-23.440535290308656
aircraft,swin_base_patch4_window7_224_in22k,/hdd/edwin/results_backbones/fz_ckpts/aircraft_swin_base_patch4_window7_224_in22k_fz.pth,fz,8.0,128,68.14,1.5137,86.737436,70.04,1,70.04,70.04,0.0,7.0,68.29,1.7461,86.845724,92.66,raw_4999,True,0.997803485136916,13.30966153141286,0.12469007685398732,-24.411828189078342
aircraft,swin_base_patch4_window7_224_in22k,/hdd/edwin/results_backbones/fz_ckpts/aircraft_swin_base_patch4_window7_224_in22k_fz.pth,fz,8.0,512,68.2,1.5117,86.737436,71.44,1,71.44,71.44,0.0,9.0,68.29,1.7461,86.845724,92.66,raw_4999,True,0.9986820910821496,13.424202508447394,0.12469007685398732,-22.900928124325493
aircraft,vit_b16,/hdd/edwin/results_backbones/cal_ckpts/aircraft_vit_b16_cal.pth,cal,1.0,8,6.09,1.0137,11.728192,438.24,1,438.24,438.24,0.0,3.0,85.18,1.4453,88.27936,1001.24,raw_4999,True,0.07149565625733739,29.862312322701165,86.71468393064924,-56.23027445967001
aircraft,vit_b16,/hdd/edwin/results_backbones/cal_ckpts/aircraft_vit_b16_cal.pth,cal,1.0,32,1.59,0.9805,11.728192,445.98,1,445.98,445.98,0.0,5.0,85.18,1.4453,88.27936,1001.24,raw_4999,True,0.018666353604132425,32.159413270601256,86.71468393064924,-55.45723303104151
aircraft,vit_b16,/hdd/edwin/results_backbones/cal_ckpts/aircraft_vit_b16_cal.pth,cal,1.0,128,1.08,0.9727,11.728192,308.78,1,308.78,308.78,0.0,7.0,85.18,1.4453,88.27936,1001.24,raw_4999,True,0.012679032636769194,32.69909361378261,86.71468393064924,-69.16024130078702
aircraft,vit_b16,/hdd/edwin/results_backbones/cal_ckpts/aircraft_vit_b16_cal.pth,cal,1.0,512,0.99,0.9707,11.728192,310.88,1,310.88,310.88,0.0,9.0,85.18,1.4453,88.27936,1001.24,raw_4999,True,0.011622446583705094,32.83747318895731,86.71468393064924,-68.95050137829092
aircraft,vit_b16,/hdd/edwin/results_backbones/cal_ckpts/aircraft_vit_b16_cal.pth,cal,1.58,8,78.31,1.0215,22.652224,498.17,1,498.17,498.17,0.0,3.0,85.18,1.4453,88.27936,1001.24,raw_4999,True,0.919347264616107,29.32263197951982,74.3402942658397,-50.24469657624545
aircraft,vit_b16,/hdd/edwin/results_backbones/cal_ckpts/aircraft_vit_b16_cal.pth,cal,1.58,32,30.87,0.9922,22.652224,276.39,1,276.39,276.39,0.0,5.0,85.18,1.4453,88.27936,1001.24,raw_4999,True,0.36240901620098614,31.34989275582924,74.3402942658397,-72.39522991490551
aircraft,vit_b16,/hdd/edwin/results_backbones/cal_ckpts/aircraft_vit_b16_cal.pth,cal,1.58,128,1.14,0.9824,22.652224,433.41,1,433.41,433.41,0.0,7.0,85.18,1.4453,88.27936,1001.24,raw_4999,True,0.013383423338811925,32.027952674185286,74.3402942658397,-56.71267628141104
aircraft,vit_b16,/hdd/edwin/results_backbones/cal_ckpts/aircraft_vit_b16_cal.pth,cal,1.58,512,1.02,0.9805,22.652224,340.72,1,340.72,340.72,0.0,9.0,85.18,1.4453,88.27936,1001.24,raw_4999,True,0.01197464193472646,32.159413270601256,74.3402942658397,-65.97019695577484
aircraft,vit_b16,/hdd/edwin/results_backbones/cal_ckpts/aircraft_vit_b16_cal.pth,cal,2.0,8,82.15,1.0215,22.652224,302.93,1,302.93,302.93,0.0,3.0,85.18,1.4453,88.27936,1001.24,raw_4999,True,0.964428269546842,29.32263197951982,74.3402942658397,-69.74451679916903
aircraft,vit_b16,/hdd/edwin/results_backbones/cal_ckpts/aircraft_vit_b16_cal.pth,cal,2.0,32,72.58,0.9902,22.652224,497.19,1,497.19,497.19,0.0,5.0,85.18,1.4453,88.27936,1001.24,raw_4999,True,0.8520779525710259,31.488272331003948,74.3402942658397,-50.34257520674364
aircraft,vit_b16,/hdd/edwin/results_backbones/cal_ckpts/aircraft_vit_b16_cal.pth,cal,2.0,128,38.01,0.9824,22.652224,272.16,1,272.16,272.16,0.0,7.0,85.18,1.4453,88.27936,1001.24,raw_4999,True,0.44623150974407133,32.027952674185286,74.3402942658397,-72.81770604450482
aircraft,vit_b16,/hdd/edwin/results_backbones/cal_ckpts/aircraft_vit_b16_cal.pth,cal,2.0,512,1.71,0.9805,22.652224,453.32,1,453.32,453.32,0.0,9.0,85.18,1.4453,88.27936,1001.24,raw_4999,True,0.02007513500821789,32.159413270601256,74.3402942658397,-54.724142063840844
aircraft,vit_b16,/hdd/edwin/results_backbones/cal_ckpts/aircraft_vit_b16_cal.pth,cal,3.0,8,85.18,1.0371,9.543616,317.865,2,309.41,326.32,16.909999999999968,3.0,85.18,1.4453,88.27936,1001.24,raw_4999,True,1.0,28.24327129315714,89.18930087395287,-68.25286644560745
aircraft,vit_b16,/hdd/edwin/results_backbones/cal_ckpts/aircraft_vit_b16_cal.pth,cal,3.0,32,84.43,1.0039,9.544768,437.37,1,437.37,437.37,0.0,5.0,85.18,1.4453,88.27936,1001.24,raw_4999,True,0.9911951162244659,30.54037224105722,89.18799592566144,-56.31716671327554
aircraft,vit_b16,/hdd/edwin/results_backbones/cal_ckpts/aircraft_vit_b16_cal.pth,cal,3.0,128,82.24,0.9961,9.547072,359.62,1,359.62,359.62,0.0,7.0,85.18,1.4453,88.27936,1001.24,raw_4999,True,0.9654848555999059,31.080052584238565,89.1853860290786,-64.0825376533099
aircraft,vit_b16,/hdd/edwin/results_backbones/cal_ckpts/aircraft_vit_b16_cal.pth,cal,3.0,512,80.83,0.9961,9.565504,216.52,1,216.52,216.52,0.0,9.0,85.18,1.4453,88.27936,1001.24,raw_4999,True,0.9489316741019017,31.080052584238565,89.16450685641581,-78.3748152291159
aircraft,vit_b16,/hdd/edwin/results_backbones/cal_ckpts/aircraft_vit_b16_cal.pth,cal,4.0,8,85.48,1.2363,44.500288,208.29,1,208.29,208.29,0.0,3.0,85.18,1.4453,88.27936,1001.24,raw_4999,True,1.0035219535102136,14.460665605756594,49.59151493622065,-79.19679597299348
aircraft,vit_b16,/hdd/edwin/results_backbones/cal_ckpts/aircraft_vit_b16_cal.pth,cal,4.0,32,85.06,1.1523,44.500288,209.02,1,209.02,209.02,0.0,5.0,85.18,1.4453,88.27936,1001.24,raw_4999,True,0.9985912185959145,20.27260776309416,49.59151493622065,-79.1238863808877
aircraft,vit_b16,/hdd/edwin/results_backbones/cal_ckpts/aircraft_vit_b16_cal.pth,cal,4.0,128,84.94,1.1426,44.500288,208.21,1,208.21,208.21,0.0,7.0,85.18,1.4453,88.27936,1001.24,raw_4999,True,0.997182437191829,20.94374870269148,49.59151493622065,-79.20478606527905
aircraft,vit_b16,/hdd/edwin/results_backbones/cal_ckpts/aircraft_vit_b16_cal.pth,cal,4.0,512,84.55,1.1406,44.500288,209.2,1,209.2,209.2,0.0,9.0,85.18,1.4453,88.27936,1001.24,raw_4999,True,0.9926038976285512,21.082128277866186,49.59151493622065,-79.10590867324518
aircraft,vit_b16,/hdd/edwin/results_backbones/cal_ckpts/aircraft_vit_b16_cal.pth,cal,5.0,8,85.27,1.1914,88.196416,208.15,1,208.15,208.15,0.0,3.0,85.18,1.4453,88.27936,1001.24,raw_4999,True,1.001056586053064,17.5672870684287,0.09395627698252194,-79.21077863449322
aircraft,vit_b16,/hdd/edwin/results_backbones/cal_ckpts/aircraft_vit_b16_cal.pth,cal,5.0,32,84.94,1.1582,88.196416,206.84,1,206.84,206.84,0.0,5.0,85.18,1.4453,88.27936,1001.24,raw_4999,True,0.997182437191829,19.8643880163288,0.09395627698252194,-79.34161639566936
aircraft,vit_b16,/hdd/edwin/results_backbones/cal_ckpts/aircraft_vit_b16_cal.pth,cal,5.0,128,85.03,1.1523,88.196416,207.77,1,207.77,207.77,0.0,7.0,85.18,1.4453,88.27936,1001.24,raw_4999,True,0.9982390232448931,20.27260776309416,0.09395627698252194,-79.24873157284966
aircraft,vit_b16,/hdd/edwin/results_backbones/cal_ckpts/aircraft_vit_b16_cal.pth,cal,5.0,512,85.03,1.1523,88.196416,207.32,1,207.32,207.32,0.0,9.0,85.18,1.4453,88.27936,1001.24,raw_4999,True,0.9982390232448931,20.27260776309416,0.09395627698252194,-79.29367584195597
aircraft,vit_b16,/hdd/edwin/results_backbones/cal_ckpts/aircraft_vit_b16_cal.pth,cal,6.0,8,85.33,1.1914,88.196416,207.19,1,207.19,207.19,0.0,3.0,85.18,1.4453,88.27936,1001.24,raw_4999,True,1.0017609767551068,17.5672870684287,0.09395627698252194,-79.30665974192001
aircraft,vit_b16,/hdd/edwin/results_backbones/cal_ckpts/aircraft_vit_b16_cal.pth,cal,6.0,32,85.3,1.1602,88.196416,207.08,1,207.08,207.08,0.0,5.0,85.18,1.4453,88.27936,1001.24,raw_4999,True,1.0014087814040853,19.726008441154093,0.09395627698252194,-79.31764611881268
aircraft,vit_b16,/hdd/edwin/results_backbones/cal_ckpts/aircraft_vit_b16_cal.pth,cal,6.0,128,85.21,1.1523,88.196416,207.67,1,207.67,207.67,0.0,7.0,85.18,1.4453,88.27936,1001.24,raw_4999,True,1.0003521953510213,20.27260776309416,0.09395627698252194,-79.25871918820663
aircraft,vit_b16,/hdd/edwin/results_backbones/cal_ckpts/aircraft_vit_b16_cal.pth,cal,6.0,512,85.39,1.1523,88.196416,208.19,1,208.19,208.19,0.0,9.0,85.18,1.4453,88.27936,1001.24,raw_4999,True,1.0024653674571495,20.27260776309416,0.09395627698252194,-79.20678358835045
aircraft,vit_b16,/hdd/edwin/results_backbones/cal_ckpts/aircraft_vit_b16_cal.pth,cal,8.0,8,85.15,1.1914,88.196416,209.11,1,209.11,209.11,0.0,3.0,85.18,1.4453,88.27936,1001.24,raw_4999,True,0.9996478046489786,17.5672870684287,0.09395627698252194,-79.11489752706643
aircraft,vit_b16,/hdd/edwin/results_backbones/cal_ckpts/aircraft_vit_b16_cal.pth,cal,8.0,32,85.27,1.1582,88.196416,208.09,1,208.09,208.09,0.0,5.0,85.18,1.4453,88.27936,1001.24,raw_4999,True,1.001056586053064,19.8643880163288,0.09395627698252194,-79.2167712037074
aircraft,vit_b16,/hdd/edwin/results_backbones/cal_ckpts/aircraft_vit_b16_cal.pth,cal,8.0,128,85.21,1.1523,88.196416,206.72,1,206.72,206.72,0.0,7.0,85.18,1.4453,88.27936,1001.24,raw_4999,True,1.0003521953510213,20.27260776309416,0.09395627698252194,-79.35360153409772
aircraft,vit_b16,/hdd/edwin/results_backbones/cal_ckpts/aircraft_vit_b16_cal.pth,cal,8.0,512,85.39,1.1523,88.196416,207.67,1,207.67,207.67,0.0,9.0,85.18,1.4453,88.27936,1001.24,raw_4999,True,1.0024653674571495,20.27260776309416,0.09395627698252194,-79.25871918820663
aircraft,vit_b16,/hdd/edwin/results_backbones/ft_ckpts/aircraft_vit_b16.pth,ft,1.0,8,1.62,0.5957,11.474788,75.33,1,75.33,75.33,0.0,3.0,82.15,1.0059,85.875556,92.74,raw_4999,True,0.019720024345709068,40.7794015309673,86.63788796895824,-18.77291352167349
aircraft,vit_b16,/hdd/edwin/results_backbones/ft_ckpts/aircraft_vit_b16.pth,ft,1.0,32,1.02,0.5625,11.474788,79.05,1,79.05,79.05,0.0,5.0,82.15,1.0059,85.875556,92.74,raw_4999,True,0.01241631162507608,44.079928422308384,86.63788796895824,-14.761699374595642
aircraft,vit_b16,/hdd/edwin/results_backbones/ft_ckpts/aircraft_vit_b16.pth,ft,1.0,128,0.99,0.5547,11.474788,75.9,1,75.9,75.9,0.0,7.0,82.15,1.0059,85.875556,92.74,raw_4999,True,0.01205112598904443,44.855353414852374,86.63788796895824,-18.15829199913736
aircraft,vit_b16,/hdd/edwin/results_backbones/ft_ckpts/aircraft_vit_b16.pth,ft,1.0,512,1.02,0.5527,11.474788,76.04,1,76.04,76.04,0.0,9.0,82.15,1.0059,85.875556,92.74,raw_4999,True,0.01241631162507608,45.0541803360175,86.63788796895824,-18.007332326935508
aircraft,vit_b16,/hdd/edwin/results_backbones/ft_ckpts/aircraft_vit_b16.pth,ft,1.58,8,61.63,0.6055,22.09162,75.38,1,75.38,75.38,0.0,3.0,82.15,1.0059,85.875556,92.74,raw_4999,True,0.7502130249543518,39.805149617258174,74.27484486970891,-18.71899935302998
aircraft,vit_b16,/hdd/edwin/results_backbones/ft_ckpts/aircraft_vit_b16.pth,ft,1.58,32,3.96,0.5742,22.09162,74.06,1,74.06,74.06,0.0,5.0,82.15,1.0059,85.875556,92.74,raw_4999,True,0.04820450395617772,42.916790933492386,74.27484486970891,-20.142333405218885
aircraft,vit_b16,/hdd/edwin/results_backbones/ft_ckpts/aircraft_vit_b16.pth,ft,1.58,128,0.96,0.5645,22.09162,78.82,1,78.82,78.82,0.0,7.0,82.15,1.0059,85.875556,92.74,raw_4999,True,0.011685940353012781,43.881101501143256,74.27484486970891,-15.009704550355837
aircraft,vit_b16,/hdd/edwin/results_backbones/ft_ckpts/aircraft_vit_b16.pth,ft,1.58,512,0.93,0.5645,22.09162,74.81,1,74.81,74.81,0.0,9.0,82.15,1.0059,85.875556,92.74,raw_4999,True,0.011320754716981131,43.881101501143256,74.27484486970891,-19.333620875566094
aircraft,vit_b16,/hdd/edwin/results_backbones/ft_ckpts/aircraft_vit_b16.pth,ft,2.0,8,75.46,0.6055,22.09162,76.87,1,76.87,76.87,0.0,3.0,82.15,1.0059,85.875556,92.74,raw_4999,True,0.918563603164942,39.805149617258174,74.27484486970891,-17.112357127453087
aircraft,vit_b16,/hdd/edwin/results_backbones/ft_ckpts/aircraft_vit_b16.pth,ft,2.0,32,47.82,0.5742,22.09162,74.73,1,74.73,74.73,0.0,5.0,82.15,1.0059,85.875556,92.74,raw_4999,True,0.5821059038344492,42.916790933492386,74.27484486970891,-19.41988354539572
aircraft,vit_b16,/hdd/edwin/results_backbones/ft_ckpts/aircraft_vit_b16.pth,ft,2.0,128,5.04,0.5645,22.09162,75.66,1,75.66,75.66,0.0,7.0,82.15,1.0059,85.875556,92.74,raw_4999,True,0.0613511868533171,43.881101501143256,74.27484486970891,-18.417080008626264
aircraft,vit_b16,/hdd/edwin/results_backbones/ft_ckpts/aircraft_vit_b16.pth,ft,2.0,512,0.99,0.5645,22.09162,78.42,1,78.42,78.42,0.0,9.0,82.15,1.0059,85.875556,92.74,raw_4999,True,0.01205112598904443,43.881101501143256,74.27484486970891,-15.441017899503983
aircraft,vit_b16,/hdd/edwin/results_backbones/ft_ckpts/aircraft_vit_b16.pth,ft,3.0,8,80.98,0.6211,9.351652,75.34,3,71.11,75.91,4.799999999999997,3.0,82.15,1.0059,85.875556,92.74,raw_4999,True,0.9857577601947657,38.2542996321702,89.11022829360196,-18.762130687944783
aircraft,vit_b16,/hdd/edwin/results_backbones/ft_ckpts/aircraft_vit_b16.pth,ft,3.0,32,78.76,0.5879,9.352804,76.95,1,76.95,76.95,0.0,5.0,82.15,1.0059,85.875556,92.74,raw_4999,True,0.9587340231284236,41.55482652351129,89.10888681757123,-17.026094457623454
aircraft,vit_b16,/hdd/edwin/results_backbones/ft_ckpts/aircraft_vit_b16.pth,ft,3.0,128,74.59,0.5801,9.355108,75.95,1,75.95,75.95,0.0,7.0,82.15,1.0059,85.875556,92.74,raw_4999,True,0.9079732197200243,42.33025151605528,89.10620386550977,-18.104377830493846
aircraft,vit_b16,/hdd/edwin/results_backbones/ft_ckpts/aircraft_vit_b16.pth,ft,3.0,512,70.0,0.5781,9.37354,70.44,1,70.44,70.44,0.0,9.0,82.15,1.0059,85.875556,92.74,raw_4999,True,0.8520998174071819,42.529078437220406,89.084740249018,-24.0457192150097
aircraft,vit_b16,/hdd/edwin/results_backbones/ft_ckpts/aircraft_vit_b16.pth,ft,4.0,8,81.55,0.8145,43.325284,68.58,1,68.58,68.58,0.0,3.0,82.15,1.0059,85.875556,92.74,raw_4999,True,0.9926962872793669,19.027736355502537,49.54875867121023,-26.051326288548626
aircraft,vit_b16,/hdd/edwin/results_backbones/ft_ckpts/aircraft_vit_b16.pth,ft,4.0,32,80.95,0.8008,43.325284,68.94,1,68.94,68.94,0.0,5.0,82.15,1.0059,85.875556,92.74,raw_4999,True,0.985392574558734,20.389700765483653,49.54875867121023,-25.663144274315286
aircraft,vit_b16,/hdd/edwin/results_backbones/ft_ckpts/aircraft_vit_b16.pth,ft,4.0,128,81.37,0.793,43.325284,69.16,1,69.16,69.16,0.0,7.0,82.15,1.0059,85.875556,92.74,raw_4999,True,0.9905051734631771,21.165125758027635,49.54875867121023,-25.425921932283806
aircraft,vit_b16,/hdd/edwin/results_backbones/ft_ckpts/aircraft_vit_b16.pth,ft,4.0,512,79.99,0.791,43.325284,69.76,1,69.76,69.76,0.0,9.0,82.15,1.0059,85.875556,92.74,raw_4999,True,0.9737066342057211,21.36395267919276,49.54875867121023,-24.778951908561563
aircraft,vit_b16,/hdd/edwin/results_backbones/ft_ckpts/aircraft_vit_b16.pth,ft,5.0,8,82.06,0.8066,85.792612,68.87,1,68.87,68.87,0.0,3.0,82.15,1.0059,85.875556,92.74,raw_4999,True,0.998904443091905,19.813102694104785,0.09658627421288275,-25.738624110416207
aircraft,vit_b16,/hdd/edwin/results_backbones/ft_ckpts/aircraft_vit_b16.pth,ft,5.0,32,81.49,0.7754,85.792612,69.41,1,69.41,69.41,0.0,5.0,82.15,1.0059,85.875556,92.74,raw_4999,True,0.9919659160073035,22.914802664280746,0.09658627421288275,-25.15635108906621
aircraft,vit_b16,/hdd/edwin/results_backbones/ft_ckpts/aircraft_vit_b16.pth,ft,5.0,128,81.37,0.7695,85.792612,70.53,1,70.53,70.53,0.0,7.0,82.15,1.0059,85.875556,92.74,raw_4999,True,0.9905051734631771,23.50134208171787,0.09658627421288275,-23.948673711451367
aircraft,vit_b16,/hdd/edwin/results_backbones/ft_ckpts/aircraft_vit_b16.pth,ft,5.0,512,81.46,0.7695,85.792612,69.17,1,69.17,69.17,0.0,9.0,82.15,1.0059,85.875556,92.74,raw_4999,True,0.9916007303712719,23.50134208171787,0.09658627421288275,-25.41513909855509
aircraft,vit_b16,/hdd/edwin/results_backbones/ft_ckpts/aircraft_vit_b16.pth,ft,6.0,8,82.12,0.8066,85.792612,69.7,1,69.7,69.7,0.0,3.0,82.15,1.0059,85.875556,92.74,raw_4999,True,0.9996348143639683,19.813102694104785,0.09658627421288275,-24.843648910933783
aircraft,vit_b16,/hdd/edwin/results_backbones/ft_ckpts/aircraft_vit_b16.pth,ft,6.0,32,81.85,0.7754,85.792612,69.67,1,69.67,69.67,0.0,5.0,82.15,1.0059,85.875556,92.74,raw_4999,True,0.9963481436396834,22.914802664280746,0.09658627421288275,-24.875997412119897
aircraft,vit_b16,/hdd/edwin/results_backbones/ft_ckpts/aircraft_vit_b16.pth,ft,6.0,128,81.64,0.7695,85.792612,69.17,1,69.17,69.17,0.0,7.0,82.15,1.0059,85.875556,92.74,raw_4999,True,0.9937918441874619,23.50134208171787,0.09658627421288275,-25.41513909855509
aircraft,vit_b16,/hdd/edwin/results_backbones/ft_ckpts/aircraft_vit_b16.pth,ft,6.0,512,81.82,0.7695,85.792612,69.56,1,69.56,69.56,0.0,9.0,82.15,1.0059,85.875556,92.74,raw_4999,True,0.9959829580036517,23.50134208171787,0.09658627421288275,-24.99460858313564
aircraft,vit_b16,/hdd/edwin/results_backbones/ft_ckpts/aircraft_vit_b16.pth,ft,8.0,8,82.06,0.8066,85.792612,70.05,1,70.05,70.05,0.0,3.0,82.15,1.0059,85.875556,92.74,raw_4999,True,0.998904443091905,19.813102694104785,0.09658627421288275,-24.46624973042916
aircraft,vit_b16,/hdd/edwin/results_backbones/ft_ckpts/aircraft_vit_b16.pth,ft,8.0,32,82.09,0.7754,85.792612,69.74,1,69.74,69.74,0.0,5.0,82.15,1.0059,85.875556,92.74,raw_4999,True,0.9992696287279367,22.914802664280746,0.09658627421288275,-24.80051757601898
aircraft,vit_b16,/hdd/edwin/results_backbones/ft_ckpts/aircraft_vit_b16.pth,ft,8.0,128,82.06,0.7695,85.792612,69.7,1,69.7,69.7,0.0,7.0,82.15,1.0059,85.875556,92.74,raw_4999,True,0.998904443091905,23.50134208171787,0.09658627421288275,-24.843648910933783
aircraft,vit_b16,/hdd/edwin/results_backbones/ft_ckpts/aircraft_vit_b16.pth,ft,8.0,512,82.06,0.7695,85.792612,70.37,1,70.37,70.37,0.0,9.0,82.15,1.0059,85.875556,92.74,raw_4999,True,0.998904443091905,23.50134208171787,0.09658627421288275,-24.121199051110622
aircraft,vit_b16,/hdd/edwin/results_backbones/fz_ckpts/aircraft_vit_b16_fz.pth,fz,1.0,8,1.62,0.5957,11.474788,75.96,1,75.96,75.96,0.0,3.0,58.3,1.0059,85.875556,90.81,raw_4999,True,0.027787307032590056,40.7794015309673,86.63788796895824,-16.35282457879089
aircraft,vit_b16,/hdd/edwin/results_backbones/fz_ckpts/aircraft_vit_b16_fz.pth,fz,1.0,32,0.69,0.5645,11.474788,75.7,1,75.7,75.7,0.0,5.0,58.3,1.0059,85.875556,90.81,raw_4999,True,0.011835334476843911,43.881101501143256,86.63788796895824,-16.639136658958265
aircraft,vit_b16,/hdd/edwin/results_backbones/fz_ckpts/aircraft_vit_b16_fz.pth,fz,1.0,128,1.2,0.5547,11.474788,75.24,1,75.24,75.24,0.0,7.0,58.3,1.0059,85.875556,90.81,raw_4999,True,0.02058319039451115,44.855353414852374,86.63788796895824,-17.145688800792872
aircraft,vit_b16,/hdd/edwin/results_backbones/fz_ckpts/aircraft_vit_b16_fz.pth,fz,1.0,512,0.96,0.5527,11.474788,77.15,1,77.15,77.15,0.0,9.0,58.3,1.0059,85.875556,90.81,raw_4999,True,0.01646655231560892,45.0541803360175,86.63788796895824,-15.042396211870933
aircraft,vit_b16,/hdd/edwin/results_backbones/fz_ckpts/aircraft_vit_b16_fz.pth,fz,1.58,8,32.31,0.6055,22.09162,75.01,1,75.01,75.01,0.0,3.0,58.3,1.0059,85.875556,90.81,raw_4999,True,0.5542024013722128,39.805149617258174,74.27484486970891,-17.39896487171016
aircraft,vit_b16,/hdd/edwin/results_backbones/fz_ckpts/aircraft_vit_b16_fz.pth,fz,1.58,32,4.26,0.5742,22.09162,77.1,1,77.1,77.1,0.0,5.0,58.3,1.0059,85.875556,90.81,raw_4999,True,0.07307032590051458,42.916790933492386,74.27484486970891,-15.097456227287754
aircraft,vit_b16,/hdd/edwin/results_backbones/fz_ckpts/aircraft_vit_b16_fz.pth,fz,1.58,128,0.9,0.5645,22.09162,76.71,1,76.71,76.71,0.0,7.0,58.3,1.0059,85.875556,90.81,raw_4999,True,0.015437392795883364,43.881101501143256,74.27484486970891,-15.526924347538827
aircraft,vit_b16,/hdd/edwin/results_backbones/fz_ckpts/aircraft_vit_b16_fz.pth,fz,1.58,512,0.84,0.5645,22.09162,75.39,1,75.39,75.39,0.0,9.0,58.3,1.0059,85.875556,90.81,raw_4999,True,0.014408233276157804,43.881101501143256,74.27484486970891,-16.980508754542452
aircraft,vit_b16,/hdd/edwin/results_backbones/fz_ckpts/aircraft_vit_b16_fz.pth,fz,2.0,8,44.61,0.6055,22.09162,75.04,1,75.04,75.04,0.0,3.0,58.3,1.0059,85.875556,90.81,raw_4999,True,0.765180102915952,39.805149617258174,74.27484486970891,-17.365928862460077
aircraft,vit_b16,/hdd/edwin/results_backbones/fz_ckpts/aircraft_vit_b16_fz.pth,fz,2.0,32,25.02,0.5742,22.09162,75.14,1,75.14,75.14,0.0,5.0,58.3,1.0059,85.875556,90.81,raw_4999,True,0.4291595197255575,42.916790933492386,74.27484486970891,-17.255808831626474
aircraft,vit_b16,/hdd/edwin/results_backbones/fz_ckpts/aircraft_vit_b16_fz.pth,fz,2.0,128,2.52,0.5664,22.09162,75.23,1,75.23,75.23,0.0,7.0,58.3,1.0059,85.875556,90.81,raw_4999,True,0.04322469982847341,43.69221592603639,74.27484486970891,-17.156700803876223
aircraft,vit_b16,/hdd/edwin/results_backbones/fz_ckpts/aircraft_vit_b16_fz.pth,fz,2.0,512,1.38,0.5645,22.09162,75.61,1,75.61,75.61,0.0,9.0,58.3,1.0059,85.875556,90.81,raw_4999,True,0.023670668953687822,43.881101501143256,74.27484486970891,-16.738244686708516
aircraft,vit_b16,/hdd/edwin/results_backbones/fz_ckpts/aircraft_vit_b16_fz.pth,fz,3.0,8,55.54,0.6211,9.351652,76.34,3,74.37,81.97,7.599999999999994,3.0,58.3,1.0059,85.875556,90.81,raw_4999,True,0.9526586620926244,38.2542996321702,89.11022829360196,-15.934368461623169
aircraft,vit_b16,/hdd/edwin/results_backbones/fz_ckpts/aircraft_vit_b16_fz.pth,fz,3.0,32,52.27,0.5879,9.352804,74.26,1,74.26,74.26,0.0,5.0,58.3,1.0059,85.875556,90.81,raw_4999,True,0.8965694682675815,41.55482652351129,89.10888681757123,-18.224865102962227
aircraft,vit_b16,/hdd/edwin/results_backbones/fz_ckpts/aircraft_vit_b16_fz.pth,fz,3.0,128,47.4,0.5801,9.355108,74.25,1,74.25,74.25,0.0,7.0,58.3,1.0059,85.875556,90.81,raw_4999,True,0.8130360205831904,42.33025151605528,89.10620386550977,-18.235877106045592
aircraft,vit_b16,/hdd/edwin/results_backbones/fz_ckpts/aircraft_vit_b16_fz.pth,fz,3.0,512,41.67,0.5781,9.37354,69.65,1,69.65,69.65,0.0,9.0,58.3,1.0059,85.875556,90.81,raw_4999,True,0.7147512864493997,42.529078437220406,89.084740249018,-23.30139852439158
aircraft,vit_b16,/hdd/edwin/results_backbones/fz_ckpts/aircraft_vit_b16_fz.pth,fz,4.0,8,57.46,0.8145,43.325284,69.23,1,69.23,69.23,0.0,3.0,58.3,1.0059,85.875556,90.81,raw_4999,True,0.9855917667238423,19.027736355502537,49.54875867121023,-23.763902653892742
aircraft,vit_b16,/hdd/edwin/results_backbones/fz_ckpts/aircraft_vit_b16_fz.pth,fz,4.0,32,57.55,0.8008,43.325284,69.02,1,69.02,69.02,0.0,5.0,58.3,1.0059,85.875556,90.81,raw_4999,True,0.9871355060034306,20.389700765483653,49.54875867121023,-23.995154718643327
aircraft,vit_b16,/hdd/edwin/results_backbones/fz_ckpts/aircraft_vit_b16_fz.pth,fz,4.0,128,55.42,0.793,43.325284,70.67,1,70.67,70.67,0.0,7.0,58.3,1.0059,85.875556,90.81,raw_4999,True,0.9506003430531733,21.165125758027635,49.54875867121023,-22.178174209888777
aircraft,vit_b16,/hdd/edwin/results_backbones/fz_ckpts/aircraft_vit_b16_fz.pth,fz,4.0,512,55.81,0.791,43.325284,69.46,1,69.46,69.46,0.0,9.0,58.3,1.0059,85.875556,90.81,raw_4999,True,0.9572898799313895,21.36395267919276,49.54875867121023,-23.51062658297545
aircraft,vit_b16,/hdd/edwin/results_backbones/fz_ckpts/aircraft_vit_b16_fz.pth,fz,5.0,8,58.57,0.8086,85.792612,68.81,1,68.81,68.81,0.0,3.0,58.3,1.0059,85.875556,90.81,raw_4999,True,1.004631217838765,19.61427577293966,0.09658627421288275,-24.226406783393898
aircraft,vit_b16,/hdd/edwin/results_backbones/fz_ckpts/aircraft_vit_b16_fz.pth,fz,5.0,32,58.54,0.7754,85.792612,68.66,1,68.66,68.66,0.0,5.0,58.3,1.0059,85.875556,90.81,raw_4999,True,1.0041166380789022,22.914802664280746,0.09658627421288275,-24.391586829644318
aircraft,vit_b16,/hdd/edwin/results_backbones/fz_ckpts/aircraft_vit_b16_fz.pth,fz,5.0,128,58.27,0.7695,85.792612,69.2,1,69.2,69.2,0.0,7.0,58.3,1.0059,85.875556,90.81,raw_4999,True,0.9994854202401373,23.50134208171787,0.09658627421288275,-23.796938663142825
aircraft,vit_b16,/hdd/edwin/results_backbones/fz_ckpts/aircraft_vit_b16_fz.pth,fz,5.0,512,57.97,0.7695,85.792612,68.55,1,68.55,68.55,0.0,9.0,58.3,1.0059,85.875556,90.81,raw_4999,True,0.9943396226415094,23.50134208171787,0.09658627421288275,-24.512718863561286
aircraft,vit_b16,/hdd/edwin/results_backbones/fz_ckpts/aircraft_vit_b16_fz.pth,fz,6.0,8,58.57,0.8066,85.792612,68.67,1,68.67,68.67,0.0,3.0,58.3,1.0059,85.875556,90.81,raw_4999,True,1.004631217838765,19.813102694104785,0.09658627421288275,-24.380574826560952
aircraft,vit_b16,/hdd/edwin/results_backbones/fz_ckpts/aircraft_vit_b16_fz.pth,fz,6.0,32,58.09,0.7754,85.792612,69.27,1,69.27,69.27,0.0,5.0,58.3,1.0059,85.875556,90.81,raw_4999,True,0.9963979416809606,22.914802664280746,0.09658627421288275,-23.719854641559305
aircraft,vit_b16,/hdd/edwin/results_backbones/fz_ckpts/aircraft_vit_b16_fz.pth,fz,6.0,128,58.09,0.7695,85.792612,69.59,1,69.59,69.59,0.0,7.0,58.3,1.0059,85.875556,90.81,raw_4999,True,0.9963979416809606,23.50134208171787,0.09658627421288275,-23.367470542891752
aircraft,vit_b16,/hdd/edwin/results_backbones/fz_ckpts/aircraft_vit_b16_fz.pth,fz,6.0,512,58.18,0.7695,85.792612,69.86,1,69.86,69.86,0.0,9.0,58.3,1.0059,85.875556,90.81,raw_4999,True,0.9979416809605489,23.50134208171787,0.09658627421288275,-23.070146459641013
aircraft,vit_b16,/hdd/edwin/results_backbones/fz_ckpts/aircraft_vit_b16_fz.pth,fz,8.0,8,58.3,0.8086,85.792612,68.8,1,68.8,68.8,0.0,3.0,58.3,1.0059,85.875556,90.81,raw_4999,True,1.0,19.61427577293966,0.09658627421288275,-24.237418786477264
aircraft,vit_b16,/hdd/edwin/results_backbones/fz_ckpts/aircraft_vit_b16_fz.pth,fz,8.0,32,58.48,0.7754,85.792612,69.08,1,69.08,69.08,0.0,5.0,58.3,1.0059,85.875556,90.81,raw_4999,True,1.0030874785591766,22.914802664280746,0.09658627421288275,-23.92908270014316
aircraft,vit_b16,/hdd/edwin/results_backbones/fz_ckpts/aircraft_vit_b16_fz.pth,fz,8.0,128,58.63,0.7695,85.792612,69.32,1,69.32,69.32,0.0,7.0,58.3,1.0059,85.875556,90.81,raw_4999,True,1.0056603773584907,23.50134208171787,0.09658627421288275,-23.664794626142506
aircraft,vit_b16,/hdd/edwin/results_backbones/fz_ckpts/aircraft_vit_b16_fz.pth,fz,8.0,512,58.39,0.7695,85.792612,68.75,1,68.75,68.75,0.0,9.0,58.3,1.0059,85.875556,90.81,raw_4999,True,1.0015437392795883,23.50134208171787,0.09658627421288275,-24.292478801894063
cars,beitv2_base_patch16_224_in22k,/hdd/edwin/results_backbones/cal_ckpts/cars_beitv2_base_patch16_224_in22k_cal.pth,cal,1.0,8,0.55,0.8516,12.015616,1571.75,1,1571.75,1571.75,0.0,3.0,92.14,1.332,90.60352,1294.61,raw_4999,True,0.005969177338832212,36.06606606606607,86.73824593128391,21.40721916252772
cars,beitv2_base_patch16_224_in22k,/hdd/edwin/results_backbones/cal_ckpts/cars_beitv2_base_patch16_224_in22k_cal.pth,cal,1.0,32,0.67,0.8203,12.015616,970.29,1,970.29,970.29,0.0,5.0,92.14,1.332,90.60352,1294.61,raw_4999,True,0.007271543303668331,38.41591591591592,86.73824593128391,-25.051559929245098
cars,beitv2_base_patch16_224_in22k,/hdd/edwin/results_backbones/cal_ckpts/cars_beitv2_base_patch16_224_in22k_cal.pth,cal,1.0,128,0.51,0.8125,12.015616,530.09,1,530.09,530.09,0.0,7.0,92.14,1.332,90.60352,1294.61,raw_4999,True,0.005535055350553506,39.00150150150151,86.73824593128391,-59.05407806211909
cars,beitv2_base_patch16_224_in22k,/hdd/edwin/results_backbones/cal_ckpts/cars_beitv2_base_patch16_224_in22k_cal.pth,cal,1.0,512,0.53,0.8105,12.015616,956.58,1,956.58,956.58,0.0,9.0,92.14,1.332,90.60352,1294.61,raw_4999,True,0.005752116344692859,39.151651651651655,86.73824593128391,-26.1105661164366
cars,beitv2_base_patch16_224_in22k,/hdd/edwin/results_backbones/cal_ckpts/cars_beitv2_base_patch16_224_in22k_cal.pth,cal,1.58,8,3.0,0.8574,23.23456,572.01,1,572.01,572.01,0.0,3.0,92.14,1.332,90.60352,1294.61,raw_4999,True,0.03255914912090297,35.63063063063063,74.35578661844484,-55.81603726218706
cars,beitv2_base_patch16_224_in22k,/hdd/edwin/results_backbones/cal_ckpts/cars_beitv2_base_patch16_224_in22k_cal.pth,cal,1.58,32,0.63,0.8301,23.23456,679.04,1,679.04,679.04,0.0,5.0,92.14,1.332,90.60352,1294.61,raw_4999,True,0.006837421315389625,37.68018018018019,74.35578661844484,-47.54868261484153
cars,beitv2_base_patch16_224_in22k,/hdd/edwin/results_backbones/cal_ckpts/cars_beitv2_base_patch16_224_in22k_cal.pth,cal,1.58,128,0.68,0.8223,23.23456,942.99,1,942.99,942.99,0.0,7.0,92.14,1.332,90.60352,1294.61,raw_4999,True,0.007380073800738008,38.26576576576577,74.35578661844484,-27.160303102864948
cars,beitv2_base_patch16_224_in22k,/hdd/edwin/results_backbones/cal_ckpts/cars_beitv2_base_patch16_224_in22k_cal.pth,cal,1.58,512,0.56,0.8203,23.23456,533.31,1,533.31,533.31,0.0,9.0,92.14,1.332,90.60352,1294.61,raw_4999,True,0.006077707835901889,38.41591591591592,74.35578661844484,-58.80535450830752
cars,beitv2_base_patch16_224_in22k,/hdd/edwin/results_backbones/cal_ckpts/cars_beitv2_base_patch16_224_in22k_cal.pth,cal,2.0,8,34.46,0.8574,23.23456,926.61,1,926.61,926.61,0.0,3.0,92.14,1.332,90.60352,1294.61,raw_4999,True,0.3739960929021055,35.63063063063063,74.35578661844484,-28.42554900703686
cars,beitv2_base_patch16_224_in22k,/hdd/edwin/results_backbones/cal_ckpts/cars_beitv2_base_patch16_224_in22k_cal.pth,cal,2.0,32,3.15,0.8301,23.23456,583.3,1,583.3,583.3,0.0,5.0,92.14,1.332,90.60352,1294.61,raw_4999,True,0.03418710657694812,37.68018018018019,74.35578661844484,-54.943959957052705
cars,beitv2_base_patch16_224_in22k,/hdd/edwin/results_backbones/cal_ckpts/cars_beitv2_base_patch16_224_in22k_cal.pth,cal,2.0,128,0.99,0.8223,23.23456,756.05,1,756.05,756.05,0.0,7.0,92.14,1.332,90.60352,1294.61,raw_4999,True,0.010744519209897982,38.26576576576577,74.35578661844484,-41.60017302508091
cars,beitv2_base_patch16_224_in22k,/hdd/edwin/results_backbones/cal_ckpts/cars_beitv2_base_patch16_224_in22k_cal.pth,cal,2.0,512,0.67,0.8184,23.23456,898.92,1,898.92,898.92,0.0,9.0,92.14,1.332,90.60352,1294.61,raw_4999,True,0.007271543303668331,38.55855855855856,74.35578661844484,-30.564417083137002
cars,beitv2_base_patch16_224_in22k,/hdd/edwin/results_backbones/cal_ckpts/cars_beitv2_base_patch16_224_in22k_cal.pth,cal,3.0,8,87.58,0.877,9.772064,841.16,1,841.16,841.16,0.0,3.0,92.14,1.332,90.60352,1294.61,raw_4999,True,0.9505100933362275,34.15915915915916,89.21447643535262,-35.0259923838067
cars,beitv2_base_patch16_224_in22k,/hdd/edwin/results_backbones/cal_ckpts/cars_beitv2_base_patch16_224_in22k_cal.pth,cal,3.0,32,70.77,0.8438,9.772448,709.75,1,709.75,709.75,0.0,5.0,92.14,1.332,90.60352,1294.61,raw_4999,True,0.7680703277621012,36.651651651651655,89.2140526107595,-45.17653965286843
cars,beitv2_base_patch16_224_in22k,/hdd/edwin/results_backbones/cal_ckpts/cars_beitv2_base_patch16_224_in22k_cal.pth,cal,3.0,128,44.01,0.834,9.775616,392.12,1,392.12,392.12,0.0,7.0,92.14,1.332,90.60352,1294.61,raw_4999,True,0.4776427176036466,37.38738738738739,89.21055605786619,-69.71134163956712
cars,beitv2_base_patch16_224_in22k,/hdd/edwin/results_backbones/cal_ckpts/cars_beitv2_base_patch16_224_in22k_cal.pth,cal,3.0,512,2.38,0.834,9.78176,394.5,1,394.5,394.5,0.0,9.0,92.14,1.332,90.60352,1294.61,raw_4999,True,0.025830258302583023,37.38738738738739,89.20377486437611,-69.52750249109769
cars,beitv2_base_patch16_224_in22k,/hdd/edwin/results_backbones/cal_ckpts/cars_beitv2_base_patch16_224_in22k_cal.pth,cal,4.0,8,91.48,1.0332,45.672448,375.51,1,375.51,375.51,0.0,3.0,92.14,1.332,90.60352,1294.61,raw_4999,True,0.9928369871934014,22.432432432432442,49.59086799276673,-70.99435351186844
cars,beitv2_base_patch16_224_in22k,/hdd/edwin/results_backbones/cal_ckpts/cars_beitv2_base_patch16_224_in22k_cal.pth,cal,4.0,32,89.24,1.0,45.672448,373.84,1,373.84,373.84,0.0,5.0,92.14,1.332,90.60352,1294.61,raw_4999,True,0.9685261558497937,24.92492492492493,49.59086799276673,-71.12334988915582
cars,beitv2_base_patch16_224_in22k,/hdd/edwin/results_backbones/cal_ckpts/cars_beitv2_base_patch16_224_in22k_cal.pth,cal,4.0,128,86.71,0.9922,45.672448,374.22,1,374.22,374.22,0.0,7.0,92.14,1.332,90.60352,1294.61,raw_4999,True,0.9410679400911656,25.510510510510517,49.59086799276673,-71.09399742007245
cars,beitv2_base_patch16_224_in22k,/hdd/edwin/results_backbones/cal_ckpts/cars_beitv2_base_patch16_224_in22k_cal.pth,cal,4.0,512,81.92,0.9902,45.672448,375.36,1,375.36,375.36,0.0,9.0,92.14,1.332,90.60352,1294.61,raw_4999,True,0.8890818319947905,25.660660660660664,49.59086799276673,-71.00594001282239
cars,beitv2_base_patch16_224_in22k,/hdd/edwin/results_backbones/cal_ckpts/cars_beitv2_base_patch16_224_in22k_cal.pth,cal,5.0,8,91.94,1.0684,90.548224,372.1,1,372.1,372.1,0.0,3.0,92.14,1.332,90.60352,1294.61,raw_4999,True,0.9978293900586065,19.789789789789793,0.06103074141048654,-71.25775330022168
cars,beitv2_base_patch16_224_in22k,/hdd/edwin/results_backbones/cal_ckpts/cars_beitv2_base_patch16_224_in22k_cal.pth,cal,5.0,32,91.66,1.0332,90.548224,372.21,1,372.21,372.21,0.0,5.0,92.14,1.332,90.60352,1294.61,raw_4999,True,0.9947905361406555,22.432432432432442,0.06103074141048654,-71.24925653285545
cars,beitv2_base_patch16_224_in22k,/hdd/edwin/results_backbones/cal_ckpts/cars_beitv2_base_patch16_224_in22k_cal.pth,cal,5.0,128,91.16,1.0254,90.548224,371.69,1,371.69,371.69,0.0,7.0,92.14,1.332,90.60352,1294.61,raw_4999,True,0.9893640112871717,23.018018018018015,0.06103074141048654,-71.28942306949583
cars,beitv2_base_patch16_224_in22k,/hdd/edwin/results_backbones/cal_ckpts/cars_beitv2_base_patch16_224_in22k_cal.pth,cal,5.0,512,90.81,1.0234,90.548224,375.58,1,375.58,375.58,0.0,9.0,92.14,1.332,90.60352,1294.61,raw_4999,True,0.985565443889733,23.168168168168165,0.06103074141048654,-70.98894647808993
cars,beitv2_base_patch16_224_in22k,/hdd/edwin/results_backbones/cal_ckpts/cars_beitv2_base_patch16_224_in22k_cal.pth,cal,6.0,8,92.05,1.0664,90.548224,371.56,1,371.56,371.56,0.0,3.0,92.14,1.332,90.60352,1294.61,raw_4999,True,0.9990232255263729,19.939939939939944,0.06103074141048654,-71.29946470365593
cars,beitv2_base_patch16_224_in22k,/hdd/edwin/results_backbones/cal_ckpts/cars_beitv2_base_patch16_224_in22k_cal.pth,cal,6.0,32,92.0,1.0332,90.548224,372.81,1,372.81,372.81,0.0,5.0,92.14,1.332,90.60352,1294.61,raw_4999,True,0.9984805730410246,22.432432432432442,0.06103074141048654,-71.20291052903964
cars,beitv2_base_patch16_224_in22k,/hdd/edwin/results_backbones/cal_ckpts/cars_beitv2_base_patch16_224_in22k_cal.pth,cal,6.0,128,91.87,1.0254,90.548224,371.46,1,371.46,371.46,0.0,7.0,92.14,1.332,90.60352,1294.61,raw_4999,True,0.9970696765791188,23.018018018018015,0.06103074141048654,-71.30718903762522
cars,beitv2_base_patch16_224_in22k,/hdd/edwin/results_backbones/cal_ckpts/cars_beitv2_base_patch16_224_in22k_cal.pth,cal,6.0,512,91.58,1.0234,90.548224,372.56,1,372.56,372.56,0.0,9.0,92.14,1.332,90.60352,1294.61,raw_4999,True,0.9939222921640981,23.168168168168165,0.06103074141048654,-71.2222213639629
cars,beitv2_base_patch16_224_in22k,/hdd/edwin/results_backbones/cal_ckpts/cars_beitv2_base_patch16_224_in22k_cal.pth,cal,8.0,8,92.17,1.0664,90.548224,371.77,1,371.77,371.77,0.0,3.0,92.14,1.332,90.60352,1294.61,raw_4999,True,1.000325591491209,19.939939939939944,0.06103074141048654,-71.28324360232038
cars,beitv2_base_patch16_224_in22k,/hdd/edwin/results_backbones/cal_ckpts/cars_beitv2_base_patch16_224_in22k_cal.pth,cal,8.0,32,92.13,1.0332,90.548224,373.21,1,373.21,373.21,0.0,5.0,92.14,1.332,90.60352,1294.61,raw_4999,True,0.9998914695029303,22.432432432432442,0.06103074141048654,-71.17201319316241
cars,beitv2_base_patch16_224_in22k,/hdd/edwin/results_backbones/cal_ckpts/cars_beitv2_base_patch16_224_in22k_cal.pth,cal,8.0,128,92.07,1.0254,90.548224,372.85,1,372.85,372.85,0.0,7.0,92.14,1.332,90.60352,1294.61,raw_4999,True,0.9992402865205122,23.018018018018015,0.06103074141048654,-71.19982079545191
cars,beitv2_base_patch16_224_in22k,/hdd/edwin/results_backbones/cal_ckpts/cars_beitv2_base_patch16_224_in22k_cal.pth,cal,8.0,512,92.2,1.0234,90.548224,371.15,1,371.15,371.15,0.0,9.0,92.14,1.332,90.60352,1294.61,raw_4999,True,1.000651182982418,23.168168168168165,0.06103074141048654,-71.33113447293006
cars,beitv2_base_patch16_224_in22k,/hdd/edwin/results_backbones/ft_ckpts/cars_beitv2_base_patch16_224_in22k.pth,ft,1.0,8,0.62,0.5352,11.539588,105.7,1,105.7,105.7,0.0,3.0,88.87,0.9062,85.912708,105.49,raw_4999,True,0.006976482502531788,40.94018980357537,86.56824087072195,0.19907100199071756
cars,beitv2_base_patch16_224_in22k,/hdd/edwin/results_backbones/ft_ckpts/cars_beitv2_base_patch16_224_in22k.pth,ft,1.0,32,0.5,0.5039,11.539588,111.3,1,111.3,111.3,0.0,5.0,88.87,0.9062,85.912708,105.49,raw_4999,True,0.005626195566557893,44.39417347163981,86.56824087072195,5.507631055076313
cars,beitv2_base_patch16_224_in22k,/hdd/edwin/results_backbones/ft_ckpts/cars_beitv2_base_patch16_224_in22k.pth,ft,1.0,128,0.41,0.4961,11.539588,108.6,1,108.6,108.6,0.0,7.0,88.87,0.9062,85.912708,105.49,raw_4999,True,0.004613480364577472,45.254910615758114,86.56824087072195,2.948146743767181
cars,beitv2_base_patch16_224_in22k,/hdd/edwin/results_backbones/ft_ckpts/cars_beitv2_base_patch16_224_in22k.pth,ft,1.0,512,0.5,0.4941,11.539588,104.74,1,104.74,104.74,0.0,9.0,88.87,0.9062,85.912708,105.49,raw_4999,True,0.005626195566557893,45.475612447583316,86.56824087072195,-0.7109678642525358
cars,beitv2_base_patch16_224_in22k,/hdd/edwin/results_backbones/ft_ckpts/cars_beitv2_base_patch16_224_in22k.pth,ft,1.58,8,69.62,0.5469,22.15642,107.53,1,107.53,107.53,0.0,3.0,88.87,0.9062,85.912708,105.49,raw_4999,True,0.7833914706875211,39.64908408739792,74.21054403267092,1.9338325907669034
cars,beitv2_base_patch16_224_in22k,/hdd/edwin/results_backbones/ft_ckpts/cars_beitv2_base_patch16_224_in22k.pth,ft,1.58,32,4.24,0.5137,22.15642,104.04,1,104.04,104.04,0.0,5.0,88.87,0.9062,85.912708,105.49,raw_4999,True,0.047710138404410934,43.312734495696304,74.21054403267092,-1.3745378708882252
cars,beitv2_base_patch16_224_in22k,/hdd/edwin/results_backbones/ft_ckpts/cars_beitv2_base_patch16_224_in22k.pth,ft,1.58,128,0.67,0.5059,22.15642,109.88,1,109.88,109.88,0.0,7.0,88.87,0.9062,85.912708,105.49,raw_4999,True,0.007539102059187577,44.173471639814615,74.21054403267092,4.161531898758177
cars,beitv2_base_patch16_224_in22k,/hdd/edwin/results_backbones/ft_ckpts/cars_beitv2_base_patch16_224_in22k.pth,ft,1.58,512,0.57,0.5039,22.15642,102.84,1,102.84,102.84,0.0,9.0,88.87,0.9062,85.912708,105.49,raw_4999,True,0.0064138629458759975,44.39417347163981,74.21054403267092,-2.512086453692285
cars,beitv2_base_patch16_224_in22k,/hdd/edwin/results_backbones/ft_ckpts/cars_beitv2_base_patch16_224_in22k.pth,ft,2.0,8,83.96,0.5449,22.15642,103.27,1,103.27,103.27,0.0,3.0,88.87,0.9062,85.912708,105.49,raw_4999,True,0.9447507595364014,39.869785919223126,74.21054403267092,-2.104464878187505
cars,beitv2_base_patch16_224_in22k,/hdd/edwin/results_backbones/ft_ckpts/cars_beitv2_base_patch16_224_in22k.pth,ft,2.0,32,47.39,0.5156,22.15642,106.87,1,106.87,106.87,0.0,5.0,88.87,0.9062,85.912708,105.49,raw_4999,True,0.5332508157983571,43.10306775546237,74.21054403267092,1.308180870224675
cars,beitv2_base_patch16_224_in22k,/hdd/edwin/results_backbones/ft_ckpts/cars_beitv2_base_patch16_224_in22k.pth,ft,2.0,128,5.38,0.5059,22.15642,103.83,1,103.83,103.83,0.0,7.0,88.87,0.9062,85.912708,105.49,raw_4999,True,0.06053786429616293,44.173471639814615,74.21054403267092,-1.5736088728789428
cars,beitv2_base_patch16_224_in22k,/hdd/edwin/results_backbones/ft_ckpts/cars_beitv2_base_patch16_224_in22k.pth,ft,2.0,512,0.71,0.5039,22.15642,106.72,1,106.72,106.72,0.0,9.0,88.87,0.9062,85.912708,105.49,raw_4999,True,0.007989197704512207,44.39417347163981,74.21054403267092,1.1659872973741625
cars,beitv2_base_patch16_224_in22k,/hdd/edwin/results_backbones/ft_ckpts/cars_beitv2_base_patch16_224_in22k.pth,ft,3.0,8,88.09,0.5625,9.416452,103.705,2,103.41,104.0,0.5900000000000034,3.0,88.87,0.9062,85.912708,105.49,raw_4999,True,0.9912231349161696,37.92760979916133,89.03951205914728,-1.6921035169210321
cars,beitv2_base_patch16_224_in22k,/hdd/edwin/results_backbones/ft_ckpts/cars_beitv2_base_patch16_224_in22k.pth,ft,3.0,32,86.47,0.5273,9.416836,103.14,1,103.14,103.14,0.0,5.0,88.87,0.9062,85.912708,105.49,raw_4999,True,0.972994261280522,41.81196203928493,89.0390650938392,-2.2276993079912737
cars,beitv2_base_patch16_224_in22k,/hdd/edwin/results_backbones/ft_ckpts/cars_beitv2_base_patch16_224_in22k.pth,ft,3.0,128,82.63,0.5195,9.419908,103.97,1,103.97,103.97,0.0,7.0,88.87,0.9062,85.912708,105.49,raw_4999,True,0.9297850793293574,42.672699183403225,89.03548937137448,-1.4408948715518022
cars,beitv2_base_patch16_224_in22k,/hdd/edwin/results_backbones/ft_ckpts/cars_beitv2_base_patch16_224_in22k.pth,ft,3.0,512,72.37,0.5176,9.426052,101.73,1,101.73,101.73,0.0,9.0,88.87,0.9062,85.912708,105.49,raw_4999,True,0.8143355463035895,42.882365923637174,89.02833792644506,-3.5643188927860376
cars,beitv2_base_patch16_224_in22k,/hdd/edwin/results_backbones/ft_ckpts/cars_beitv2_base_patch16_224_in22k.pth,ft,4.0,8,88.71,0.7539,43.390084,97.3,1,97.3,97.3,0.0,3.0,88.87,0.9062,85.912708,105.49,raw_4999,True,0.9981996174187013,16.806444493489295,49.4951503565689,-7.763769077637689
cars,beitv2_base_patch16_224_in22k,/hdd/edwin/results_backbones/ft_ckpts/cars_beitv2_base_patch16_224_in22k.pth,ft,4.0,32,88.55,0.7422,43.390084,97.09,1,97.09,97.09,0.0,5.0,88.87,0.9062,85.912708,105.49,raw_4999,True,0.9963992348374029,18.097550209666743,49.4951503565689,-7.962840079628393
cars,beitv2_base_patch16_224_in22k,/hdd/edwin/results_backbones/ft_ckpts/cars_beitv2_base_patch16_224_in22k.pth,ft,4.0,128,88.06,0.7344,43.390084,97.52,1,97.52,97.52,0.0,7.0,88.87,0.9062,85.912708,105.49,raw_4999,True,0.9908855631821761,18.958287353785032,49.4951503565689,-7.555218504123613
cars,beitv2_base_patch16_224_in22k,/hdd/edwin/results_backbones/ft_ckpts/cars_beitv2_base_patch16_224_in22k.pth,ft,4.0,512,86.9,0.7324,43.390084,97.23,1,97.23,97.23,0.0,9.0,88.87,0.9062,85.912708,105.49,raw_4999,True,0.9778327894677619,19.178989185610234,49.4951503565689,-7.8301260783012525
cars,beitv2_base_patch16_224_in22k,/hdd/edwin/results_backbones/ft_ckpts/cars_beitv2_base_patch16_224_in22k.pth,ft,5.0,8,88.66,0.7891,85.857412,97.69,1,97.69,97.69,0.0,3.0,88.87,0.9062,85.912708,105.49,raw_4999,True,0.9976369978620456,12.9220922533657,0.06436300436484724,-7.394065788226371
cars,beitv2_base_patch16_224_in22k,/hdd/edwin/results_backbones/ft_ckpts/cars_beitv2_base_patch16_224_in22k.pth,ft,5.0,32,88.6,0.7539,85.857412,99.03,1,99.03,99.03,0.0,5.0,88.87,0.9062,85.912708,105.49,raw_4999,True,0.9969618543940586,16.806444493489295,0.06436300436484724,-6.123803204095169
cars,beitv2_base_patch16_224_in22k,/hdd/edwin/results_backbones/ft_ckpts/cars_beitv2_base_patch16_224_in22k.pth,ft,5.0,128,88.61,0.7461,85.857412,98.74,1,98.74,98.74,0.0,7.0,88.87,0.9062,85.912708,105.49,raw_4999,True,0.9970743783053898,17.667181637607595,0.06436300436484724,-6.3987107782728225
cars,beitv2_base_patch16_224_in22k,/hdd/edwin/results_backbones/ft_ckpts/cars_beitv2_base_patch16_224_in22k.pth,ft,5.0,512,88.46,0.7441,85.857412,96.75,1,96.75,96.75,0.0,9.0,88.87,0.9062,85.912708,105.49,raw_4999,True,0.9953865196354224,17.887883469432797,0.06436300436484724,-8.28514551142288
cars,beitv2_base_patch16_224_in22k,/hdd/edwin/results_backbones/ft_ckpts/cars_beitv2_base_patch16_224_in22k.pth,ft,6.0,8,88.68,0.791,85.857412,97.82,1,97.82,97.82,0.0,3.0,88.87,0.9062,85.912708,105.49,raw_4999,True,0.997862045684708,12.712425513131755,0.06436300436484724,-7.270831358422602
cars,beitv2_base_patch16_224_in22k,/hdd/edwin/results_backbones/ft_ckpts/cars_beitv2_base_patch16_224_in22k.pth,ft,6.0,32,88.79,0.7539,85.857412,97.27,1,97.27,97.27,0.0,5.0,88.87,0.9062,85.912708,105.49,raw_4999,True,0.9990998087093508,16.806444493489295,0.06436300436484724,-7.792207792207791
cars,beitv2_base_patch16_224_in22k,/hdd/edwin/results_backbones/ft_ckpts/cars_beitv2_base_patch16_224_in22k.pth,ft,6.0,128,88.75,0.7461,85.857412,97.49,1,97.49,97.49,0.0,7.0,88.87,0.9062,85.912708,105.49,raw_4999,True,0.9986497130640261,17.667181637607595,0.06436300436484724,-7.583657218693715
cars,beitv2_base_patch16_224_in22k,/hdd/edwin/results_backbones/ft_ckpts/cars_beitv2_base_patch16_224_in22k.pth,ft,6.0,512,88.65,0.7441,85.857412,97.94,1,97.94,97.94,0.0,9.0,88.87,0.9062,85.912708,105.49,raw_4999,True,0.9975244739507145,17.887883469432797,0.06436300436484724,-7.157076500142192
cars,beitv2_base_patch16_224_in22k,/hdd/edwin/results_backbones/ft_ckpts/cars_beitv2_base_patch16_224_in22k.pth,ft,8.0,8,88.86,0.791,85.857412,97.71,1,97.71,97.71,0.0,3.0,88.87,0.9062,85.912708,105.49,raw_4999,True,0.9998874760886688,12.712425513131755,0.06436300436484724,-7.375106645179639
cars,beitv2_base_patch16_224_in22k,/hdd/edwin/results_backbones/ft_ckpts/cars_beitv2_base_patch16_224_in22k.pth,ft,8.0,32,88.81,0.7539,85.857412,97.4,1,97.4,97.4,0.0,5.0,88.87,0.9062,85.912708,105.49,raw_4999,True,0.999324856532013,16.806444493489295,0.06436300436484724,-7.668973362404009
cars,beitv2_base_patch16_224_in22k,/hdd/edwin/results_backbones/ft_ckpts/cars_beitv2_base_patch16_224_in22k.pth,ft,8.0,128,88.79,0.7461,85.857412,97.22,1,97.22,97.22,0.0,7.0,88.87,0.9062,85.912708,105.49,raw_4999,True,0.9990998087093508,17.667181637607595,0.06436300436484724,-7.839605649824624
cars,beitv2_base_patch16_224_in22k,/hdd/edwin/results_backbones/ft_ckpts/cars_beitv2_base_patch16_224_in22k.pth,ft,8.0,512,88.82,0.7441,85.857412,96.91,1,96.91,96.91,0.0,9.0,88.87,0.9062,85.912708,105.49,raw_4999,True,0.9994373804433441,17.887883469432797,0.06436300436484724,-8.133472367049007
cars,beitv2_base_patch16_224_in22k,/hdd/edwin/results_backbones/fz_ckpts/cars_beitv2_base_patch16_224_in22k_fz.pth,fz,1.0,8,0.6,0.5352,11.539588,104.68,1,104.68,104.68,0.0,3.0,64.07,0.9062,85.912708,108.24,raw_4999,True,0.009364757296706728,40.94018980357537,86.56824087072195,-3.2889874353288877
cars,beitv2_base_patch16_224_in22k,/hdd/edwin/results_backbones/fz_ckpts/cars_beitv2_base_patch16_224_in22k_fz.pth,fz,1.0,32,0.49,0.5039,11.539588,104.56,1,104.56,104.56,0.0,5.0,64.07,0.9062,85.912708,108.24,raw_4999,True,0.007647885125643828,44.39417347163981,86.56824087072195,-3.3998521803399786
cars,beitv2_base_patch16_224_in22k,/hdd/edwin/results_backbones/fz_ckpts/cars_beitv2_base_patch16_224_in22k_fz.pth,fz,1.0,128,0.56,0.4961,11.539588,103.15,1,103.15,103.15,0.0,7.0,64.07,0.9062,85.912708,108.24,raw_4999,True,0.008740440143592947,45.254910615758114,86.56824087072195,-4.702512934220241
cars,beitv2_base_patch16_224_in22k,/hdd/edwin/results_backbones/fz_ckpts/cars_beitv2_base_patch16_224_in22k_fz.pth,fz,1.0,512,0.52,0.4941,11.539588,105.27,1,105.27,105.27,0.0,9.0,64.07,0.9062,85.912708,108.24,raw_4999,True,0.008116122990479164,45.475612447583316,86.56824087072195,-2.743902439024389
cars,beitv2_base_patch16_224_in22k,/hdd/edwin/results_backbones/fz_ckpts/cars_beitv2_base_patch16_224_in22k_fz.pth,fz,1.58,8,3.12,0.5469,22.15642,109.15,1,109.15,109.15,0.0,3.0,64.07,0.9062,85.912708,108.24,raw_4999,True,0.04869673794287499,39.64908408739792,74.21054403267092,0.8407243163340824
cars,beitv2_base_patch16_224_in22k,/hdd/edwin/results_backbones/fz_ckpts/cars_beitv2_base_patch16_224_in22k_fz.pth,fz,1.58,32,0.7,0.5137,22.15642,104.29,1,104.29,104.29,0.0,5.0,64.07,0.9062,85.912708,108.24,raw_4999,True,0.010925550179491181,43.312734495696304,74.21054403267092,-3.6492978566149192
cars,beitv2_base_patch16_224_in22k,/hdd/edwin/results_backbones/fz_ckpts/cars_beitv2_base_patch16_224_in22k_fz.pth,fz,1.58,128,0.5,0.5059,22.15642,102.76,1,102.76,102.76,0.0,7.0,64.07,0.9062,85.912708,108.24,raw_4999,True,0.007803964413922273,44.173471639814615,74.21054403267092,-5.062823355506273
cars,beitv2_base_patch16_224_in22k,/hdd/edwin/results_backbones/fz_ckpts/cars_beitv2_base_patch16_224_in22k_fz.pth,fz,1.58,512,0.53,0.5039,22.15642,102.76,1,102.76,102.76,0.0,9.0,64.07,0.9062,85.912708,108.24,raw_4999,True,0.00827220227875761,44.39417347163981,74.21054403267092,-5.062823355506273
cars,beitv2_base_patch16_224_in22k,/hdd/edwin/results_backbones/fz_ckpts/cars_beitv2_base_patch16_224_in22k_fz.pth,fz,2.0,8,20.26,0.5469,22.15642,102.11,1,102.11,102.11,0.0,3.0,64.07,0.9062,85.912708,108.24,raw_4999,True,0.3162166380521305,39.64908408739792,74.21054403267092,-5.66334072431633
cars,beitv2_base_patch16_224_in22k,/hdd/edwin/results_backbones/fz_ckpts/cars_beitv2_base_patch16_224_in22k_fz.pth,fz,2.0,32,2.41,0.5137,22.15642,103.66,1,103.66,103.66,0.0,5.0,64.07,0.9062,85.912708,108.24,raw_4999,True,0.03761510847510536,43.312734495696304,74.21054403267092,-4.231337767923132
cars,beitv2_base_patch16_224_in22k,/hdd/edwin/results_backbones/fz_ckpts/cars_beitv2_base_patch16_224_in22k_fz.pth,fz,2.0,128,0.95,0.5059,22.15642,103.98,1,103.98,103.98,0.0,7.0,64.07,0.9062,85.912708,108.24,raw_4999,True,0.014827532386452319,44.173471639814615,74.21054403267092,-3.9356984478935617
cars,beitv2_base_patch16_224_in22k,/hdd/edwin/results_backbones/fz_ckpts/cars_beitv2_base_patch16_224_in22k_fz.pth,fz,2.0,512,0.88,0.5039,22.15642,109.78,1,109.78,109.78,0.0,9.0,64.07,0.9062,85.912708,108.24,raw_4999,True,0.0137349773685032,44.39417347163981,74.21054403267092,1.4227642276422823
cars,beitv2_base_patch16_224_in22k,/hdd/edwin/results_backbones/fz_ckpts/cars_beitv2_base_patch16_224_in22k_fz.pth,fz,3.0,8,48.9,0.5625,9.416452,104.175,2,103.86,104.49,0.6299999999999955,3.0,64.07,0.9062,85.912708,108.24,raw_4999,True,0.7632277196815983,37.92760979916133,89.03951205914728,-3.7555432372505524
cars,beitv2_base_patch16_224_in22k,/hdd/edwin/results_backbones/fz_ckpts/cars_beitv2_base_patch16_224_in22k_fz.pth,fz,3.0,32,40.12,0.5273,9.416836,107.46,1,107.46,107.46,0.0,5.0,64.07,0.9062,85.912708,108.24,raw_4999,True,0.6261901045731232,41.81196203928493,89.0390650938392,-0.7206208425720632
cars,beitv2_base_patch16_224_in22k,/hdd/edwin/results_backbones/fz_ckpts/cars_beitv2_base_patch16_224_in22k_fz.pth,fz,3.0,128,4.88,0.5195,9.419908,106.45,1,106.45,106.45,0.0,7.0,64.07,0.9062,85.912708,108.24,raw_4999,True,0.07616669267988138,42.672699183403225,89.03548937137448,-1.653732446415366
cars,beitv2_base_patch16_224_in22k,/hdd/edwin/results_backbones/fz_ckpts/cars_beitv2_base_patch16_224_in22k_fz.pth,fz,3.0,512,4.56,0.5176,9.426052,97.23,1,97.23,97.23,0.0,9.0,64.07,0.9062,85.912708,108.24,raw_4999,True,0.07117215545497113,42.882365923637174,89.02833792644506,-10.171840354767177
cars,beitv2_base_patch16_224_in22k,/hdd/edwin/results_backbones/fz_ckpts/cars_beitv2_base_patch16_224_in22k_fz.pth,fz,4.0,8,61.85,0.7559,43.390084,98.14,1,98.14,98.14,0.0,3.0,64.07,0.9062,85.912708,108.24,raw_4999,True,0.9653503980021853,16.585742661664092,49.4951503565689,-9.331116038433107
cars,beitv2_base_patch16_224_in22k,/hdd/edwin/results_backbones/fz_ckpts/cars_beitv2_base_patch16_224_in22k_fz.pth,fz,4.0,32,60.94,0.7422,43.390084,96.63,1,96.63,96.63,0.0,5.0,64.07,0.9062,85.912708,108.24,raw_4999,True,0.9511471827688467,18.097550209666743,49.4951503565689,-10.726164079822617
cars,beitv2_base_patch16_224_in22k,/hdd/edwin/results_backbones/fz_ckpts/cars_beitv2_base_patch16_224_in22k_fz.pth,fz,4.0,128,39.09,0.7344,43.390084,96.26,1,96.26,96.26,0.0,7.0,64.07,0.9062,85.912708,108.24,raw_4999,True,0.6101139378804434,18.958287353785032,49.4951503565689,-11.067997043606791
cars,beitv2_base_patch16_224_in22k,/hdd/edwin/results_backbones/fz_ckpts/cars_beitv2_base_patch16_224_in22k_fz.pth,fz,4.0,512,48.86,0.7324,43.390084,96.87,1,96.87,96.87,0.0,9.0,64.07,0.9062,85.912708,108.24,raw_4999,True,0.7626034025284846,19.178989185610234,49.4951503565689,-10.504434589800436
cars,beitv2_base_patch16_224_in22k,/hdd/edwin/results_backbones/fz_ckpts/cars_beitv2_base_patch16_224_in22k_fz.pth,fz,5.0,8,63.33,0.791,85.857412,96.39,1,96.39,96.39,0.0,3.0,64.07,0.9062,85.912708,108.24,raw_4999,True,0.9884501326673951,12.712425513131755,0.06436300436484724,-10.947893569844785
cars,beitv2_base_patch16_224_in22k,/hdd/edwin/results_backbones/fz_ckpts/cars_beitv2_base_patch16_224_in22k_fz.pth,fz,5.0,32,62.39,0.7539,85.857412,96.75,1,96.75,96.75,0.0,5.0,64.07,0.9062,85.912708,108.24,raw_4999,True,0.9737786795692213,16.806444493489295,0.06436300436484724,-10.615299334811526
cars,beitv2_base_patch16_224_in22k,/hdd/edwin/results_backbones/fz_ckpts/cars_beitv2_base_patch16_224_in22k_fz.pth,fz,5.0,128,62.14,0.7461,85.857412,97.41,1,97.41,97.41,0.0,7.0,64.07,0.9062,85.912708,108.24,raw_4999,True,0.9698766973622601,17.667181637607595,0.06436300436484724,-10.005543237250553
cars,beitv2_base_patch16_224_in22k,/hdd/edwin/results_backbones/fz_ckpts/cars_beitv2_base_patch16_224_in22k_fz.pth,fz,5.0,512,60.76,0.7441,85.857412,97.41,1,97.41,97.41,0.0,9.0,64.07,0.9062,85.912708,108.24,raw_4999,True,0.9483377555798346,17.887883469432797,0.06436300436484724,-10.005543237250553
cars,beitv2_base_patch16_224_in22k,/hdd/edwin/results_backbones/fz_ckpts/cars_beitv2_base_patch16_224_in22k_fz.pth,fz,6.0,8,64.08,0.7891,85.857412,96.61,1,96.61,96.61,0.0,3.0,64.07,0.9062,85.912708,108.24,raw_4999,True,1.0001560792882784,12.9220922533657,0.06436300436484724,-10.74464153732446
cars,beitv2_base_patch16_224_in22k,/hdd/edwin/results_backbones/fz_ckpts/cars_beitv2_base_patch16_224_in22k_fz.pth,fz,6.0,32,63.76,0.7539,85.857412,97.01,1,97.01,97.01,0.0,5.0,64.07,0.9062,85.912708,108.24,raw_4999,True,0.9951615420633683,16.806444493489295,0.06436300436484724,-10.375092387287502
cars,beitv2_base_patch16_224_in22k,/hdd/edwin/results_backbones/fz_ckpts/cars_beitv2_base_patch16_224_in22k_fz.pth,fz,6.0,128,63.74,0.7461,85.857412,97.26,1,97.26,97.26,0.0,7.0,64.07,0.9062,85.912708,108.24,raw_4999,True,0.9948493834868114,17.667181637607595,0.06436300436484724,-10.144124168514404
cars,beitv2_base_patch16_224_in22k,/hdd/edwin/results_backbones/fz_ckpts/cars_beitv2_base_patch16_224_in22k_fz.pth,fz,6.0,512,63.25,0.7441,85.857412,97.57,1,97.57,97.57,0.0,9.0,64.07,0.9062,85.912708,108.24,raw_4999,True,0.9872014983611676,17.887883469432797,0.06436300436484724,-9.857723577235776
cars,beitv2_base_patch16_224_in22k,/hdd/edwin/results_backbones/fz_ckpts/cars_beitv2_base_patch16_224_in22k_fz.pth,fz,8.0,8,64.25,0.7891,85.857412,95.82,1,95.82,95.82,0.0,3.0,64.07,0.9062,85.912708,108.24,raw_4999,True,1.0028094271890122,12.9220922533657,0.06436300436484724,-11.474501108647452
cars,beitv2_base_patch16_224_in22k,/hdd/edwin/results_backbones/fz_ckpts/cars_beitv2_base_patch16_224_in22k_fz.pth,fz,8.0,32,64.17,0.7539,85.857412,96.39,1,96.39,96.39,0.0,5.0,64.07,0.9062,85.912708,108.24,raw_4999,True,1.0015607928827845,16.806444493489295,0.06436300436484724,-10.947893569844785
cars,beitv2_base_patch16_224_in22k,/hdd/edwin/results_backbones/fz_ckpts/cars_beitv2_base_patch16_224_in22k_fz.pth,fz,8.0,128,64.26,0.7461,85.857412,97.12,1,97.12,97.12,0.0,7.0,64.07,0.9062,85.912708,108.24,raw_4999,True,1.0029655064772907,17.667181637607595,0.06436300436484724,-10.27346637102734
cars,beitv2_base_patch16_224_in22k,/hdd/edwin/results_backbones/fz_ckpts/cars_beitv2_base_patch16_224_in22k_fz.pth,fz,8.0,512,64.18,0.7441,85.857412,96.15,1,96.15,96.15,0.0,9.0,64.07,0.9062,85.912708,108.24,raw_4999,True,1.0017168721710632,17.887883469432797,0.06436300436484724,-11.169623059866952
cars,swin_base_patch4_window7_224_in22k,/hdd/edwin/results_backbones/cal_ckpts/cars_swin_base_patch4_window7_224_in22k_cal.pth,cal,1.0,8,1.01,1.8398,11.776504,1819.67,1,1819.67,1819.67,0.0,3.0,94.17,2.334,93.198584,976.72,raw_4999,True,0.010725284060741212,21.173950299914306,87.36407411511746,86.3041608649357
cars,swin_base_patch4_window7_224_in22k,/hdd/edwin/results_backbones/cal_ckpts/cars_swin_base_patch4_window7_224_in22k_cal.pth,cal,1.0,32,0.55,1.793,11.776504,1084.79,1,1084.79,1084.79,0.0,5.0,94.17,2.334,93.198584,976.72,raw_4999,True,0.00584050122119571,23.179091688089123,87.36407411511746,11.064583503972472
cars,swin_base_patch4_window7_224_in22k,/hdd/edwin/results_backbones/cal_ckpts/cars_swin_base_patch4_window7_224_in22k_cal.pth,cal,1.0,128,0.53,1.7852,11.776504,1032.44,1,1032.44,1032.44,0.0,7.0,94.17,2.334,93.198584,976.72,raw_4999,True,0.005628119358606775,23.513281919451593,87.36407411511746,5.7048079285772815
cars,swin_base_patch4_window7_224_in22k,/hdd/edwin/results_backbones/cal_ckpts/cars_swin_base_patch4_window7_224_in22k_cal.pth,cal,1.0,512,0.51,1.7812,11.776504,871.97,1,871.97,871.97,0.0,9.0,94.17,2.334,93.198584,976.72,raw_4999,True,0.00541573749601784,23.684661525278496,87.36407411511746,-10.724670325169956
cars,swin_base_patch4_window7_224_in22k,/hdd/edwin/results_backbones/cal_ckpts/cars_swin_base_patch4_window7_224_in22k_cal.pth,cal,1.58,8,90.82,1.8516,23.39276,1161.66,1,1161.66,1161.66,0.0,3.0,94.17,2.334,93.198584,976.72,raw_4999,True,0.9644260380163533,20.668380462724944,74.9000907567437,18.93480219510198
cars,swin_base_patch4_window7_224_in22k,/hdd/edwin/results_backbones/cal_ckpts/cars_swin_base_patch4_window7_224_in22k_cal.pth,cal,1.58,32,16.18,1.8066,23.39276,848.81,1,848.81,848.81,0.0,5.0,94.17,2.334,93.198584,976.72,raw_4999,True,0.17181692683444832,22.596401028277636,74.9000907567437,-13.095871897780333
cars,swin_base_patch4_window7_224_in22k,/hdd/edwin/results_backbones/cal_ckpts/cars_swin_base_patch4_window7_224_in22k_cal.pth,cal,1.58,128,0.61,1.7988,23.39276,1118.83,1,1118.83,1118.83,0.0,7.0,94.17,2.334,93.198584,976.72,raw_4999,True,0.006477646808962514,22.930591259640106,74.9000907567437,14.549717421574236
cars,swin_base_patch4_window7_224_in22k,/hdd/edwin/results_backbones/cal_ckpts/cars_swin_base_patch4_window7_224_in22k_cal.pth,cal,1.58,512,0.55,1.7949,23.39276,988.28,1,988.28,988.28,0.0,9.0,94.17,2.334,93.198584,976.72,raw_4999,True,0.00584050122119571,23.09768637532134,74.9000907567437,1.1835531165533566
cars,swin_base_patch4_window7_224_in22k,/hdd/edwin/results_backbones/cal_ckpts/cars_swin_base_patch4_window7_224_in22k_cal.pth,cal,2.0,8,93.46,1.8496,23.39276,915.05,1,915.05,915.05,0.0,3.0,94.17,2.334,93.198584,976.72,raw_4999,True,0.9924604438780927,20.754070265638397,74.9000907567437,-6.313989679744458
cars,swin_base_patch4_window7_224_in22k,/hdd/edwin/results_backbones/cal_ckpts/cars_swin_base_patch4_window7_224_in22k_cal.pth,cal,2.0,32,87.79,1.8066,23.39276,1097.06,1,1097.06,1097.06,0.0,5.0,94.17,2.334,93.198584,976.72,raw_4999,True,0.9322501858341298,22.596401028277636,74.9000907567437,12.320828896715529
cars,swin_base_patch4_window7_224_in22k,/hdd/edwin/results_backbones/cal_ckpts/cars_swin_base_patch4_window7_224_in22k_cal.pth,cal,2.0,128,57.73,1.7969,23.39276,862.68,1,862.68,862.68,0.0,7.0,94.17,2.334,93.198584,976.72,raw_4999,True,0.6130402463629605,23.011996572407888,74.9000907567437,-11.675812924891481
cars,swin_base_patch4_window7_224_in22k,/hdd/edwin/results_backbones/cal_ckpts/cars_swin_base_patch4_window7_224_in22k_cal.pth,cal,2.0,512,4.0,1.7949,23.39276,1202.75,1,1202.75,1202.75,0.0,9.0,94.17,2.334,93.198584,976.72,raw_4999,True,0.04247637251778698,23.09768637532134,74.9000907567437,23.141739700221144
cars,swin_base_patch4_window7_224_in22k,/hdd/edwin/results_backbones/cal_ckpts/cars_swin_base_patch4_window7_224_in22k_cal.pth,cal,3.0,8,94.13,1.8594,9.453704,851.64,1,851.64,851.64,0.0,3.0,94.17,2.334,93.198584,976.72,raw_4999,True,0.999575236274822,20.334190231362474,89.85638665926513,-12.806126627897456
cars,swin_base_patch4_window7_224_in22k,/hdd/edwin/results_backbones/cal_ckpts/cars_swin_base_patch4_window7_224_in22k_cal.pth,cal,3.0,32,93.83,1.8125,9.454648,1232.75,1,1232.75,1232.75,0.0,5.0,94.17,2.334,93.198584,976.72,raw_4999,True,0.996389508335988,22.343616109682948,89.85537376833965,26.213244327954783
cars,swin_base_patch4_window7_224_in22k,/hdd/edwin/results_backbones/cal_ckpts/cars_swin_base_patch4_window7_224_in22k_cal.pth,cal,3.0,128,93.42,1.8027,9.460472,663.03,1,663.03,663.03,0.0,7.0,94.17,2.334,93.198584,976.72,raw_4999,True,0.992035680152915,22.76349614395887,89.84912474635881,-32.11667622245885
cars,swin_base_patch4_window7_224_in22k,/hdd/edwin/results_backbones/cal_ckpts/cars_swin_base_patch4_window7_224_in22k_cal.pth,cal,3.0,512,92.75,1.8008,9.475576,589.86,1,589.86,589.86,0.0,9.0,94.17,2.334,93.198584,976.72,raw_4999,True,0.9849208877561856,22.844901456726657,89.83291849155133,-39.60807600950119
cars,swin_base_patch4_window7_224_in22k,/hdd/edwin/results_backbones/cal_ckpts/cars_swin_base_patch4_window7_224_in22k_cal.pth,cal,4.0,8,94.2,1.8906,46.625272,566.56,1,566.56,566.56,0.0,3.0,94.17,2.334,93.198584,976.72,raw_4999,True,1.0003185727938835,18.997429305912597,49.97212403999614,-41.99361127037432
cars,swin_base_patch4_window7_224_in22k,/hdd/edwin/results_backbones/cal_ckpts/cars_swin_base_patch4_window7_224_in22k_cal.pth,cal,4.0,32,94.03,1.8359,46.625272,564.98,1,564.98,564.98,0.0,5.0,94.17,2.334,93.198584,976.72,raw_4999,True,0.9985133269618774,21.341045415595545,49.97212403999614,-42.15537718076828
cars,swin_base_patch4_window7_224_in22k,/hdd/edwin/results_backbones/cal_ckpts/cars_swin_base_patch4_window7_224_in22k_cal.pth,cal,4.0,128,94.25,1.8262,46.625272,564.14,1,564.14,564.14,0.0,7.0,94.17,2.334,93.198584,976.72,raw_4999,True,1.0008495274503557,21.756640959725793,49.97212403999614,-42.24137931034483
cars,swin_base_patch4_window7_224_in22k,/hdd/edwin/results_backbones/cal_ckpts/cars_swin_base_patch4_window7_224_in22k_cal.pth,cal,4.0,512,93.87,1.8242,46.625272,565.79,1,565.79,565.79,0.0,9.0,94.17,2.334,93.198584,976.72,raw_4999,True,0.996814272061166,21.842330762639246,49.97212403999614,-42.07244655581948
cars,swin_base_patch4_window7_224_in22k,/hdd/edwin/results_backbones/cal_ckpts/cars_swin_base_patch4_window7_224_in22k_cal.pth,cal,5.0,8,94.2,1.9121,93.090296,561.43,1,561.43,561.43,0.0,3.0,94.17,2.334,93.198584,976.72,raw_4999,True,1.0003185727938835,18.076263924592983,0.11619060650106199,-42.51883856171677
cars,swin_base_patch4_window7_224_in22k,/hdd/edwin/results_backbones/cal_ckpts/cars_swin_base_patch4_window7_224_in22k_cal.pth,cal,5.0,32,94.22,1.8828,93.090296,560.94,1,560.94,560.94,0.0,5.0,94.17,2.334,93.198584,976.72,raw_4999,True,1.0005309546564722,19.331619537275067,0.11619060650106199,-42.56900647063642
cars,swin_base_patch4_window7_224_in22k,/hdd/edwin/results_backbones/cal_ckpts/cars_swin_base_patch4_window7_224_in22k_cal.pth,cal,5.0,128,94.14,1.873,93.090296,560.48,1,560.48,560.48,0.0,7.0,94.17,2.334,93.198584,976.72,raw_4999,True,0.9996814272061166,19.751499571550987,0.11619060650106199,-42.61610287492833
cars,swin_base_patch4_window7_224_in22k,/hdd/edwin/results_backbones/cal_ckpts/cars_swin_base_patch4_window7_224_in22k_cal.pth,cal,5.0,512,94.15,1.8711,93.090296,561.18,1,561.18,561.18,0.0,9.0,94.17,2.334,93.198584,976.72,raw_4999,True,0.9997876181374111,19.83290488431877,0.11619060650106199,-42.544434433614555
cars,swin_base_patch4_window7_224_in22k,/hdd/edwin/results_backbones/cal_ckpts/cars_swin_base_patch4_window7_224_in22k_cal.pth,cal,6.0,8,94.14,1.9102,93.090296,562.29,1,562.29,562.29,0.0,3.0,94.17,2.334,93.198584,976.72,raw_4999,True,0.9996814272061166,18.15766923736076,0.11619060650106199,-42.43078876238841
cars,swin_base_patch4_window7_224_in22k,/hdd/edwin/results_backbones/cal_ckpts/cars_swin_base_patch4_window7_224_in22k_cal.pth,cal,6.0,32,94.12,1.8828,93.090296,561.97,1,561.97,561.97,0.0,5.0,94.17,2.334,93.198584,976.72,raw_4999,True,0.9994690453435277,19.331619537275067,0.11619060650106199,-42.46355147841756
cars,swin_base_patch4_window7_224_in22k,/hdd/edwin/results_backbones/cal_ckpts/cars_swin_base_patch4_window7_224_in22k_cal.pth,cal,6.0,128,94.17,1.873,93.090296,560.64,1,560.64,560.64,0.0,7.0,94.17,2.334,93.198584,976.72,raw_4999,True,1.0,19.751499571550987,0.11619060650106199,-42.59972151691376
cars,swin_base_patch4_window7_224_in22k,/hdd/edwin/results_backbones/cal_ckpts/cars_swin_base_patch4_window7_224_in22k_cal.pth,cal,6.0,512,94.06,1.8711,93.090296,562.88,1,562.88,562.88,0.0,9.0,94.17,2.334,93.198584,976.72,raw_4999,True,0.9988318997557608,19.83290488431877,0.11619060650106199,-42.37038250470964
cars,swin_base_patch4_window7_224_in22k,/hdd/edwin/results_backbones/cal_ckpts/cars_swin_base_patch4_window7_224_in22k_cal.pth,cal,8.0,8,94.14,1.9102,93.090296,561.12,1,561.12,561.12,0.0,3.0,94.17,2.334,93.198584,976.72,raw_4999,True,0.9996814272061166,18.15766923736076,0.11619060650106199,-42.550577442870015
cars,swin_base_patch4_window7_224_in22k,/hdd/edwin/results_backbones/cal_ckpts/cars_swin_base_patch4_window7_224_in22k_cal.pth,cal,8.0,32,94.17,1.8828,93.090296,563.41,1,563.41,563.41,0.0,5.0,94.17,2.334,93.198584,976.72,raw_4999,True,1.0,19.331619537275067,0.11619060650106199,-42.31611925628635
cars,swin_base_patch4_window7_224_in22k,/hdd/edwin/results_backbones/cal_ckpts/cars_swin_base_patch4_window7_224_in22k_cal.pth,cal,8.0,128,94.15,1.873,93.090296,560.63,1,560.63,560.63,0.0,7.0,94.17,2.334,93.198584,976.72,raw_4999,True,0.9997876181374111,19.751499571550987,0.11619060650106199,-42.60074535178966
cars,swin_base_patch4_window7_224_in22k,/hdd/edwin/results_backbones/cal_ckpts/cars_swin_base_patch4_window7_224_in22k_cal.pth,cal,8.0,512,94.2,1.8711,93.090296,562.71,1,562.71,562.71,0.0,9.0,94.17,2.334,93.198584,976.72,raw_4999,True,1.0003185727938835,19.83290488431877,0.11619060650106199,-42.38778769760013
cars,swin_base_patch4_window7_224_in22k,/hdd/edwin/results_backbones/ft_ckpts/cars_swin_base_patch4_window7_224_in22k.pth,ft,1.0,8,0.56,1.4473,11.141756,114.92,1,114.92,114.92,0.0,3.0,90.36,1.7461,86.944124,108.17,raw_4999,True,0.00619743249225321,17.112421968959392,87.18515353608026,6.2401774983821765
cars,swin_base_patch4_window7_224_in22k,/hdd/edwin/results_backbones/ft_ckpts/cars_swin_base_patch4_window7_224_in22k.pth,ft,1.0,32,0.4,1.418,11.141756,114.15,1,114.15,114.15,0.0,5.0,90.36,1.7461,86.944124,108.17,raw_4999,True,0.004426737494466579,18.79044728251532,87.18515353608026,5.528335028196362
cars,swin_base_patch4_window7_224_in22k,/hdd/edwin/results_backbones/ft_ckpts/cars_swin_base_patch4_window7_224_in22k.pth,ft,1.0,128,0.44,1.4102,11.141756,120.56,1,120.56,120.56,0.0,7.0,90.36,1.7461,86.944124,108.17,raw_4999,True,0.004869411243913236,19.23715709295001,87.18515353608026,11.454192474808172
cars,swin_base_patch4_window7_224_in22k,/hdd/edwin/results_backbones/ft_ckpts/cars_swin_base_patch4_window7_224_in22k.pth,ft,1.0,512,0.6,1.4082,11.141756,119.35,1,119.35,119.35,0.0,9.0,90.36,1.7461,86.944124,108.17,raw_4999,True,0.006640106241699867,19.35169806998454,87.18515353608026,10.33558287880188
cars,swin_base_patch4_window7_224_in22k,/hdd/edwin/results_backbones/ft_ckpts/cars_swin_base_patch4_window7_224_in22k.pth,ft,1.58,8,45.27,1.459,21.955196,118.81,1,118.81,118.81,0.0,3.0,90.36,1.7461,86.944124,108.17,raw_4999,True,0.500996015936255,16.442357253307364,74.74792431056066,9.836368678931311
cars,swin_base_patch4_window7_224_in22k,/hdd/edwin/results_backbones/ft_ckpts/cars_swin_base_patch4_window7_224_in22k.pth,ft,1.58,32,0.92,1.4297,21.955196,112.0,1,112.0,112.0,0.0,5.0,90.36,1.7461,86.944124,108.17,raw_4999,True,0.01018149623727313,18.120382566863295,74.74792431056066,3.5407229361190704
cars,swin_base_patch4_window7_224_in22k,/hdd/edwin/results_backbones/ft_ckpts/cars_swin_base_patch4_window7_224_in22k.pth,ft,1.58,128,0.45,1.4199,21.955196,118.22,1,118.22,118.22,0.0,7.0,90.36,1.7461,86.944124,108.17,raw_4999,True,0.0049800796812749,18.681633354332515,74.74792431056066,9.290930942035683
cars,swin_base_patch4_window7_224_in22k,/hdd/edwin/results_backbones/ft_ckpts/cars_swin_base_patch4_window7_224_in22k.pth,ft,1.58,512,0.35,1.418,21.955196,113.31,1,113.31,113.31,0.0,9.0,90.36,1.7461,86.944124,108.17,raw_4999,True,0.0038733953076582556,18.79044728251532,74.74792431056066,4.7517796061754645
cars,swin_base_patch4_window7_224_in22k,/hdd/edwin/results_backbones/ft_ckpts/cars_swin_base_patch4_window7_224_in22k.pth,ft,2.0,8,82.18,1.459,21.955196,117.29,1,117.29,117.29,0.0,3.0,90.36,1.7461,86.944124,108.17,raw_4999,True,0.9094732182381585,16.442357253307364,74.74792431056066,8.4311731533697
cars,swin_base_patch4_window7_224_in22k,/hdd/edwin/results_backbones/ft_ckpts/cars_swin_base_patch4_window7_224_in22k.pth,ft,2.0,32,29.92,1.4277,21.955196,114.97,1,114.97,114.97,0.0,5.0,90.36,1.7461,86.944124,108.17,raw_4999,True,0.33111996458610005,18.234923543897832,74.74792431056066,6.286401035407227
cars,swin_base_patch4_window7_224_in22k,/hdd/edwin/results_backbones/ft_ckpts/cars_swin_base_patch4_window7_224_in22k.pth,ft,2.0,128,2.77,1.4199,21.955196,116.82,1,116.82,116.82,0.0,7.0,90.36,1.7461,86.944124,108.17,raw_4999,True,0.030655157149181055,18.681633354332515,74.74792431056066,7.996671905334187
cars,swin_base_patch4_window7_224_in22k,/hdd/edwin/results_backbones/ft_ckpts/cars_swin_base_patch4_window7_224_in22k.pth,ft,2.0,512,0.78,1.418,21.955196,117.38,1,117.38,117.38,0.0,9.0,90.36,1.7461,86.944124,108.17,raw_4999,True,0.008632138114209828,18.79044728251532,74.74792431056066,8.514375520014784
cars,swin_base_patch4_window7_224_in22k,/hdd/edwin/results_backbones/ft_ckpts/cars_swin_base_patch4_window7_224_in22k.pth,ft,3.0,8,89.14,1.502,8.979516,118.57,2,116.76,120.38,3.6199999999999903,3.0,90.36,1.7461,86.944124,108.17,raw_4999,True,0.9864984506418769,13.979726247064885,89.67208410771957,9.614495701211048
cars,swin_base_patch4_window7_224_in22k,/hdd/edwin/results_backbones/ft_ckpts/cars_swin_base_patch4_window7_224_in22k.pth,ft,3.0,32,86.37,1.4863,8.980444,115.31,1,115.31,115.31,0.0,5.0,90.36,1.7461,86.944124,108.17,raw_4999,True,0.9558432934926959,14.878872916785983,89.6710167555429,6.6007210871775905
cars,swin_base_patch4_window7_224_in22k,/hdd/edwin/results_backbones/ft_ckpts/cars_swin_base_patch4_window7_224_in22k.pth,ft,3.0,128,78.55,1.4766,8.986236,116.45,1,116.45,116.45,0.0,7.0,90.36,1.7461,86.944124,108.17,raw_4999,True,0.8693005754758742,15.434396655403475,89.66435500575058,7.654617731348804
cars,swin_base_patch4_window7_224_in22k,/hdd/edwin/results_backbones/ft_ckpts/cars_swin_base_patch4_window7_224_in22k.pth,ft,3.0,512,69.9,1.4746,9.001084,100.39,1,100.39,100.39,0.0,9.0,90.36,1.7461,86.944124,108.17,raw_4999,True,0.7735723771580346,15.548937632438008,89.64727737092389,-7.1923823610982724
cars,swin_base_patch4_window7_224_in22k,/hdd/edwin/results_backbones/ft_ckpts/cars_swin_base_patch4_window7_224_in22k.pth,ft,4.0,8,89.93,1.4863,43.582076,100.06,1,100.06,100.06,0.0,3.0,90.36,1.7461,86.944124,108.17,raw_4999,True,0.9952412571934485,14.878872916785983,49.87346585952146,-7.497457705463622
cars,swin_base_patch4_window7_224_in22k,/hdd/edwin/results_backbones/ft_ckpts/cars_swin_base_patch4_window7_224_in22k.pth,ft,4.0,32,89.95,1.4766,43.582076,101.53,1,101.53,101.53,0.0,5.0,90.36,1.7461,86.944124,108.17,raw_4999,True,0.9954625940681718,15.434396655403475,49.87346585952146,-6.138485716927059
cars,swin_base_patch4_window7_224_in22k,/hdd/edwin/results_backbones/ft_ckpts/cars_swin_base_patch4_window7_224_in22k.pth,ft,4.0,128,88.65,1.4688,43.582076,100.09,1,100.09,100.09,0.0,7.0,90.36,1.7461,86.944124,108.17,raw_4999,True,0.9810756972111554,15.881106465838148,49.87346585952146,-7.469723583248588
cars,swin_base_patch4_window7_224_in22k,/hdd/edwin/results_backbones/ft_ckpts/cars_swin_base_patch4_window7_224_in22k.pth,ft,4.0,512,87.86,1.4668,43.582076,100.58,1,100.58,100.58,0.0,9.0,90.36,1.7461,86.944124,108.17,raw_4999,True,0.9723328906595838,15.99564744287268,49.87346585952146,-7.016732920403072
cars,swin_base_patch4_window7_224_in22k,/hdd/edwin/results_backbones/ft_ckpts/cars_swin_base_patch4_window7_224_in22k.pth,ft,5.0,8,90.36,1.5371,86.835836,101.51,1,101.51,101.51,0.0,3.0,90.36,1.7461,86.944124,108.17,raw_4999,True,1.0,11.969532100108816,0.12454895744306045,-6.156975131737077
cars,swin_base_patch4_window7_224_in22k,/hdd/edwin/results_backbones/ft_ckpts/cars_swin_base_patch4_window7_224_in22k.pth,ft,5.0,32,90.21,1.5234,86.835836,101.2,1,101.2,101.2,0.0,5.0,90.36,1.7461,86.944124,108.17,raw_4999,True,0.9983399734395749,12.754137792795367,0.12454895744306045,-6.443561061292409
cars,swin_base_patch4_window7_224_in22k,/hdd/edwin/results_backbones/ft_ckpts/cars_swin_base_patch4_window7_224_in22k.pth,ft,5.0,128,90.08,1.5156,86.835836,100.37,1,100.37,100.37,0.0,7.0,90.36,1.7461,86.944124,108.17,raw_4999,True,0.9969012837538734,13.200847603230052,0.12454895744306045,-7.2108717759082905
cars,swin_base_patch4_window7_224_in22k,/hdd/edwin/results_backbones/ft_ckpts/cars_swin_base_patch4_window7_224_in22k.pth,ft,5.0,512,90.14,1.5117,86.835836,101.31,1,101.31,101.31,0.0,9.0,90.36,1.7461,86.944124,108.17,raw_4999,True,0.9975652943780434,13.424202508447394,0.12454895744306045,-6.341869279837293
cars,swin_base_patch4_window7_224_in22k,/hdd/edwin/results_backbones/ft_ckpts/cars_swin_base_patch4_window7_224_in22k.pth,ft,6.0,8,90.32,1.5371,86.835836,100.92,1,100.92,100.92,0.0,3.0,90.36,1.7461,86.944124,108.17,raw_4999,True,0.9995573262505533,11.969532100108816,0.12454895744306045,-6.702412868632708
cars,swin_base_patch4_window7_224_in22k,/hdd/edwin/results_backbones/ft_ckpts/cars_swin_base_patch4_window7_224_in22k.pth,ft,6.0,32,90.46,1.5234,86.835836,100.68,1,100.68,100.68,0.0,5.0,90.36,1.7461,86.944124,108.17,raw_4999,True,1.0011066843736165,12.754137792795367,0.12454895744306045,-6.924285846352959
cars,swin_base_patch4_window7_224_in22k,/hdd/edwin/results_backbones/ft_ckpts/cars_swin_base_patch4_window7_224_in22k.pth,ft,6.0,128,90.35,1.5137,86.835836,100.89,1,100.89,100.89,0.0,7.0,90.36,1.7461,86.944124,108.17,raw_4999,True,0.9998893315626383,13.30966153141286,0.12454895744306045,-6.73014699084774
cars,swin_base_patch4_window7_224_in22k,/hdd/edwin/results_backbones/ft_ckpts/cars_swin_base_patch4_window7_224_in22k.pth,ft,6.0,512,90.31,1.5117,86.835836,99.82,1,99.82,99.82,0.0,9.0,90.36,1.7461,86.944124,108.17,raw_4999,True,0.9994466578131918,13.424202508447394,0.12454895744306045,-7.719330683183886
cars,swin_base_patch4_window7_224_in22k,/hdd/edwin/results_backbones/ft_ckpts/cars_swin_base_patch4_window7_224_in22k.pth,ft,8.0,8,90.37,1.5371,86.835836,100.87,1,100.87,100.87,0.0,3.0,90.36,1.7461,86.944124,108.17,raw_4999,True,1.0001106684373617,11.969532100108816,0.12454895744306045,-6.748636405657758
cars,swin_base_patch4_window7_224_in22k,/hdd/edwin/results_backbones/ft_ckpts/cars_swin_base_patch4_window7_224_in22k.pth,ft,8.0,32,90.39,1.5234,86.835836,101.33,1,101.33,101.33,0.0,5.0,90.36,1.7461,86.944124,108.17,raw_4999,True,1.000332005312085,12.754137792795367,0.12454895744306045,-6.323379865027275
cars,swin_base_patch4_window7_224_in22k,/hdd/edwin/results_backbones/ft_ckpts/cars_swin_base_patch4_window7_224_in22k.pth,ft,8.0,128,90.41,1.5156,86.835836,100.69,1,100.69,100.69,0.0,7.0,90.36,1.7461,86.944124,108.17,raw_4999,True,1.0005533421868082,13.200847603230052,0.12454895744306045,-6.915041138947957
cars,swin_base_patch4_window7_224_in22k,/hdd/edwin/results_backbones/ft_ckpts/cars_swin_base_patch4_window7_224_in22k.pth,ft,8.0,512,90.35,1.5117,86.835836,100.72,1,100.72,100.72,0.0,9.0,90.36,1.7461,86.944124,108.17,raw_4999,True,0.9998893315626383,13.424202508447394,0.12454895744306045,-6.8873070167329224
cars,swin_base_patch4_window7_224_in22k,/hdd/edwin/results_backbones/fz_ckpts/cars_swin_base_patch4_window7_224_in22k_fz.pth,fz,1.0,8,0.46,1.4473,11.141756,116.59,1,116.59,116.59,0.0,3.0,74.93,1.7461,86.944124,110.78,raw_4999,True,0.006139063125583878,17.112421968959392,87.18515353608026,5.244628994403324
cars,swin_base_patch4_window7_224_in22k,/hdd/edwin/results_backbones/fz_ckpts/cars_swin_base_patch4_window7_224_in22k_fz.pth,fz,1.0,32,0.67,1.418,11.141756,112.85,1,112.85,112.85,0.0,5.0,74.93,1.7461,86.944124,110.78,raw_4999,True,0.008941678900306952,18.79044728251532,87.18515353608026,1.8685683336342238
cars,swin_base_patch4_window7_224_in22k,/hdd/edwin/results_backbones/fz_ckpts/cars_swin_base_patch4_window7_224_in22k_fz.pth,fz,1.0,128,0.55,1.4102,11.141756,116.46,1,116.46,116.46,0.0,7.0,74.93,1.7461,86.944124,110.78,raw_4999,True,0.007340184171893767,19.23715709295001,87.18515353608026,5.127279292291021
cars,swin_base_patch4_window7_224_in22k,/hdd/edwin/results_backbones/fz_ckpts/cars_swin_base_patch4_window7_224_in22k_fz.pth,fz,1.0,512,0.56,1.4062,11.141756,120.58,1,120.58,120.58,0.0,9.0,74.93,1.7461,86.944124,110.78,raw_4999,True,0.0074736420659281995,19.466239047019076,87.18515353608026,8.846362159234516
cars,swin_base_patch4_window7_224_in22k,/hdd/edwin/results_backbones/fz_ckpts/cars_swin_base_patch4_window7_224_in22k_fz.pth,fz,1.58,8,51.97,1.459,21.955196,117.25,1,117.25,117.25,0.0,3.0,74.93,1.7461,86.944124,110.78,raw_4999,True,0.6935806752969438,16.442357253307364,74.74792431056066,5.840404405127278
cars,swin_base_patch4_window7_224_in22k,/hdd/edwin/results_backbones/fz_ckpts/cars_swin_base_patch4_window7_224_in22k_fz.pth,fz,1.58,32,1.27,1.4277,21.955196,117.04,1,117.04,117.04,0.0,5.0,74.93,1.7461,86.944124,110.78,raw_4999,True,0.01694915254237288,18.234923543897832,74.74792431056066,5.650839501715115
cars,swin_base_patch4_window7_224_in22k,/hdd/edwin/results_backbones/fz_ckpts/cars_swin_base_patch4_window7_224_in22k_fz.pth,fz,1.58,128,0.5,1.4199,21.955196,111.44,1,111.44,111.44,0.0,7.0,74.93,1.7461,86.944124,110.78,raw_4999,True,0.0066728947017216066,18.681633354332515,74.74792431056066,0.5957754107239543
cars,swin_base_patch4_window7_224_in22k,/hdd/edwin/results_backbones/fz_ckpts/cars_swin_base_patch4_window7_224_in22k_fz.pth,fz,1.58,512,0.6,1.418,21.955196,115.24,1,115.24,115.24,0.0,9.0,74.93,1.7461,86.944124,110.78,raw_4999,True,0.008007473642065928,18.79044728251532,74.74792431056066,4.025997472467949
cars,swin_base_patch4_window7_224_in22k,/hdd/edwin/results_backbones/fz_ckpts/cars_swin_base_patch4_window7_224_in22k_fz.pth,fz,2.0,8,65.83,1.459,21.955196,117.45,1,117.45,117.45,0.0,3.0,74.93,1.7461,86.944124,110.78,raw_4999,True,0.8785533164286666,16.442357253307364,74.74792431056066,6.020942408376965
cars,swin_base_patch4_window7_224_in22k,/hdd/edwin/results_backbones/fz_ckpts/cars_swin_base_patch4_window7_224_in22k_fz.pth,fz,2.0,32,40.18,1.4297,21.955196,118.55,1,118.55,118.55,0.0,5.0,74.93,1.7461,86.944124,110.78,raw_4999,True,0.5362338182303483,18.120382566863295,74.74792431056066,7.0139014262502215
cars,swin_base_patch4_window7_224_in22k,/hdd/edwin/results_backbones/fz_ckpts/cars_swin_base_patch4_window7_224_in22k_fz.pth,fz,2.0,128,3.54,1.418,21.955196,117.74,1,117.74,117.74,0.0,7.0,74.93,1.7461,86.944124,110.78,raw_4999,True,0.047244094488188976,18.79044728251532,74.74792431056066,6.282722513088999
cars,swin_base_patch4_window7_224_in22k,/hdd/edwin/results_backbones/fz_ckpts/cars_swin_base_patch4_window7_224_in22k_fz.pth,fz,2.0,512,0.65,1.418,21.955196,120.68,1,120.68,120.68,0.0,9.0,74.93,1.7461,86.944124,110.78,raw_4999,True,0.008674763112238089,18.79044728251532,74.74792431056066,8.936631160859365
cars,swin_base_patch4_window7_224_in22k,/hdd/edwin/results_backbones/fz_ckpts/cars_swin_base_patch4_window7_224_in22k_fz.pth,fz,3.0,8,74.27,1.5,8.979516,119.14500000000001,2,118.73,119.56,0.8299999999999983,3.0,74.93,1.7461,86.944124,110.78,raw_4999,True,0.9911917789937273,14.094267224099422,89.67208410771957,7.5510019859180435
cars,swin_base_patch4_window7_224_in22k,/hdd/edwin/results_backbones/fz_ckpts/cars_swin_base_patch4_window7_224_in22k_fz.pth,fz,3.0,32,71.05,1.4863,8.980444,115.37,1,115.37,115.37,0.0,5.0,74.93,1.7461,86.944124,110.78,raw_4999,True,0.9482183371146402,14.878872916785983,89.6710167555429,4.143347174580252
cars,swin_base_patch4_window7_224_in22k,/hdd/edwin/results_backbones/fz_ckpts/cars_swin_base_patch4_window7_224_in22k_fz.pth,fz,3.0,128,66.07,1.4766,8.986236,116.49,1,116.49,116.49,0.0,7.0,74.93,1.7461,86.944124,110.78,raw_4999,True,0.8817563058854929,15.434396655403475,89.66435500575058,5.154359992778474
cars,swin_base_patch4_window7_224_in22k,/hdd/edwin/results_backbones/fz_ckpts/cars_swin_base_patch4_window7_224_in22k_fz.pth,fz,3.0,512,60.51,1.4766,9.001084,100.77,1,100.77,100.77,0.0,9.0,74.93,1.7461,86.944124,110.78,raw_4999,True,0.8075537168023488,15.434396655403475,89.64727737092389,-9.03592706264669
cars,swin_base_patch4_window7_224_in22k,/hdd/edwin/results_backbones/fz_ckpts/cars_swin_base_patch4_window7_224_in22k_fz.pth,fz,4.0,8,74.62,1.4883,43.582076,101.22,1,101.22,101.22,0.0,3.0,74.93,1.7461,86.944124,110.78,raw_4999,True,0.9958628052849325,14.764331939751447,49.87346585952146,-8.6297165553349
cars,swin_base_patch4_window7_224_in22k,/hdd/edwin/results_backbones/fz_ckpts/cars_swin_base_patch4_window7_224_in22k_fz.pth,fz,4.0,32,75.16,1.4766,43.582076,101.1,1,101.1,101.1,0.0,5.0,74.93,1.7461,86.944124,110.78,raw_4999,True,1.0030695315627918,15.434396655403475,49.87346585952146,-8.738039357284714
cars,swin_base_patch4_window7_224_in22k,/hdd/edwin/results_backbones/fz_ckpts/cars_swin_base_patch4_window7_224_in22k_fz.pth,fz,4.0,128,72.94,1.4668,43.582076,100.42,1,100.42,100.42,0.0,7.0,74.93,1.7461,86.944124,110.78,raw_4999,True,0.9734418790871479,15.99564744287268,49.87346585952146,-9.351868568333634
cars,swin_base_patch4_window7_224_in22k,/hdd/edwin/results_backbones/fz_ckpts/cars_swin_base_patch4_window7_224_in22k_fz.pth,fz,4.0,512,72.35,1.4668,43.582076,100.29,1,100.29,100.29,0.0,9.0,74.93,1.7461,86.944124,110.78,raw_4999,True,0.9655678633391164,15.99564744287268,49.87346585952146,-9.469218270445925
cars,swin_base_patch4_window7_224_in22k,/hdd/edwin/results_backbones/fz_ckpts/cars_swin_base_patch4_window7_224_in22k_fz.pth,fz,5.0,8,74.59,1.5352,86.835836,98.4,2,95.88,100.92,5.040000000000006,3.0,74.93,1.7461,86.944124,110.78,raw_4999,True,0.9954624316028292,12.078346028291627,0.12454895744306045,-11.17530240115544
cars,swin_base_patch4_window7_224_in22k,/hdd/edwin/results_backbones/fz_ckpts/cars_swin_base_patch4_window7_224_in22k_fz.pth,fz,5.0,32,74.52,1.5234,86.835836,101.24,1,101.24,101.24,0.0,5.0,74.93,1.7461,86.944124,110.78,raw_4999,True,0.9945282263445882,12.754137792795367,0.12454895744306045,-8.611662755009936
cars,swin_base_patch4_window7_224_in22k,/hdd/edwin/results_backbones/fz_ckpts/cars_swin_base_patch4_window7_224_in22k_fz.pth,fz,5.0,128,74.37,1.5156,86.835836,100.83,1,100.83,100.83,0.0,7.0,74.93,1.7461,86.944124,110.78,raw_4999,True,0.9925263579340717,13.200847603230052,0.12454895744306045,-8.981765661671783
cars,swin_base_patch4_window7_224_in22k,/hdd/edwin/results_backbones/fz_ckpts/cars_swin_base_patch4_window7_224_in22k_fz.pth,fz,5.0,512,73.62,1.5137,86.835836,100.23,1,100.23,100.23,0.0,9.0,74.93,1.7461,86.944124,110.78,raw_4999,True,0.9825170158814893,13.30966153141286,0.12454895744306045,-9.523379671420832
cars,swin_base_patch4_window7_224_in22k,/hdd/edwin/results_backbones/fz_ckpts/cars_swin_base_patch4_window7_224_in22k_fz.pth,fz,6.0,8,74.89,1.5352,86.835836,99.54,1,99.54,99.54,0.0,3.0,74.93,1.7461,86.944124,110.78,raw_4999,True,0.9994661684238622,12.078346028291627,0.12454895744306045,-10.14623578263224
cars,swin_base_patch4_window7_224_in22k,/hdd/edwin/results_backbones/fz_ckpts/cars_swin_base_patch4_window7_224_in22k_fz.pth,fz,6.0,32,75.02,1.5234,86.835836,100.84,1,100.84,100.84,0.0,5.0,74.93,1.7461,86.944124,110.78,raw_4999,True,1.0012011210463096,12.754137792795367,0.12454895744306045,-8.972738761509296
cars,swin_base_patch4_window7_224_in22k,/hdd/edwin/results_backbones/fz_ckpts/cars_swin_base_patch4_window7_224_in22k_fz.pth,fz,6.0,128,74.78,1.5156,86.835836,100.76,1,100.76,100.76,0.0,7.0,74.93,1.7461,86.944124,110.78,raw_4999,True,0.9979981315894835,13.200847603230052,0.12454895744306045,-9.044953962809167
cars,swin_base_patch4_window7_224_in22k,/hdd/edwin/results_backbones/fz_ckpts/cars_swin_base_patch4_window7_224_in22k_fz.pth,fz,6.0,512,74.72,1.5117,86.835836,101.18,1,101.18,101.18,0.0,9.0,74.93,1.7461,86.944124,110.78,raw_4999,True,0.9971973842252768,13.424202508447394,0.12454895744306045,-8.66582415598483
cars,swin_base_patch4_window7_224_in22k,/hdd/edwin/results_backbones/fz_ckpts/cars_swin_base_patch4_window7_224_in22k_fz.pth,fz,8.0,8,74.88,1.5352,86.835836,100.24,1,100.24,100.24,0.0,3.0,74.93,1.7461,86.944124,110.78,raw_4999,True,0.9993327105298276,12.078346028291627,0.12454895744306045,-9.514352771258356
cars,swin_base_patch4_window7_224_in22k,/hdd/edwin/results_backbones/fz_ckpts/cars_swin_base_patch4_window7_224_in22k_fz.pth,fz,8.0,32,74.94,1.5234,86.835836,100.78,1,100.78,100.78,0.0,5.0,74.93,1.7461,86.944124,110.78,raw_4999,True,1.0001334578940344,12.754137792795367,0.12454895744306045,-9.026900162484203
cars,swin_base_patch4_window7_224_in22k,/hdd/edwin/results_backbones/fz_ckpts/cars_swin_base_patch4_window7_224_in22k_fz.pth,fz,8.0,128,74.95,1.5137,86.835836,100.37,1,100.37,100.37,0.0,7.0,74.93,1.7461,86.944124,110.78,raw_4999,True,1.0002669157880688,13.30966153141286,0.12454895744306045,-9.39700306914605
cars,swin_base_patch4_window7_224_in22k,/hdd/edwin/results_backbones/fz_ckpts/cars_swin_base_patch4_window7_224_in22k_fz.pth,fz,8.0,512,74.87,1.5117,86.835836,100.08,1,100.08,100.08,0.0,9.0,74.93,1.7461,86.944124,110.78,raw_4999,True,0.9991992526357933,13.424202508447394,0.12454895744306045,-9.6587831738581
cars,vit_b16,/hdd/edwin/results_backbones/cal_ckpts/cars_vit_b16_cal.pth,cal,1.0,8,3.06,1.0039,12.023104,1286.97,1,1286.97,1286.97,0.0,3.0,90.37,1.4512,90.638656,604.33,raw_4999,True,0.033860794511452914,30.822767364939363,86.73512546346672,112.95815200304469
cars,vit_b16,/hdd/edwin/results_backbones/cal_ckpts/cars_vit_b16_cal.pth,cal,1.0,32,0.66,0.9746,12.023104,721.13,1,721.13,721.13,0.0,5.0,90.37,1.4512,90.638656,604.33,raw_4999,True,0.007303308620117296,32.84178610804851,86.73512546346672,19.327188787582937
cars,vit_b16,/hdd/edwin/results_backbones/cal_ckpts/cars_vit_b16_cal.pth,cal,1.0,128,0.55,0.9648,12.023104,1117.31,1,1117.31,1117.31,0.0,7.0,90.37,1.4512,90.638656,604.33,raw_4999,True,0.006086090516764413,33.51708930540243,86.73512546346672,84.8840865090265
cars,vit_b16,/hdd/edwin/results_backbones/cal_ckpts/cars_vit_b16_cal.pth,cal,1.0,512,0.52,0.9629,12.023104,889.65,1,889.65,889.65,0.0,9.0,90.37,1.4512,90.638656,604.33,raw_4999,True,0.005754121943122718,33.648015435501655,86.73512546346672,47.21261562391407
cars,vit_b16,/hdd/edwin/results_backbones/cal_ckpts/cars_vit_b16_cal.pth,cal,1.58,8,84.78,1.0117,23.242048,942.07,1,942.07,942.07,0.0,3.0,90.37,1.4512,90.638656,604.33,raw_4999,True,0.9381431891114308,30.285281146637267,74.35746620073448,55.886684427382384
cars,vit_b16,/hdd/edwin/results_backbones/cal_ckpts/cars_vit_b16_cal.pth,cal,1.58,32,22.06,0.9824,23.242048,842.33,1,842.33,842.33,0.0,5.0,90.37,1.4512,90.638656,604.33,raw_4999,True,0.2441075578178599,32.30429988974642,74.35746620073448,39.382456604835106
cars,vit_b16,/hdd/edwin/results_backbones/cal_ckpts/cars_vit_b16_cal.pth,cal,1.58,128,0.77,0.9746,23.242048,692.19,1,692.19,692.19,0.0,7.0,90.37,1.4512,90.638656,604.33,raw_4999,True,0.008520526723470178,32.84178610804851,74.35746620073448,14.538414442440391
cars,vit_b16,/hdd/edwin/results_backbones/cal_ckpts/cars_vit_b16_cal.pth,cal,1.58,512,0.51,0.9727,23.242048,1074.97,1,1074.97,1074.97,0.0,9.0,90.37,1.4512,90.638656,604.33,raw_4999,True,0.005643465751908819,32.97271223814774,74.35746620073448,77.87798057352771
cars,vit_b16,/hdd/edwin/results_backbones/cal_ckpts/cars_vit_b16_cal.pth,cal,2.0,8,88.89,1.0137,23.242048,833.06,1,833.06,833.06,0.0,3.0,90.37,1.4512,90.638656,604.33,raw_4999,True,0.983622883700343,30.147464167585447,74.35746620073448,37.84852646732743
cars,vit_b16,/hdd/edwin/results_backbones/cal_ckpts/cars_vit_b16_cal.pth,cal,2.0,32,81.94,0.9824,23.242048,1026.95,1,1026.95,1026.95,0.0,5.0,90.37,1.4512,90.638656,604.33,raw_4999,True,0.9067168308066835,32.30429988974642,74.35746620073448,69.93199079972862
cars,vit_b16,/hdd/edwin/results_backbones/cal_ckpts/cars_vit_b16_cal.pth,cal,2.0,128,19.72,0.9746,23.242048,810.5,1,810.5,810.5,0.0,7.0,90.37,1.4512,90.638656,604.33,raw_4999,True,0.21821400907380767,32.84178610804851,74.35746620073448,34.11546671520526
cars,vit_b16,/hdd/edwin/results_backbones/cal_ckpts/cars_vit_b16_cal.pth,cal,2.0,512,1.18,0.9727,23.242048,704.07,1,704.07,704.07,0.0,9.0,90.37,1.4512,90.638656,604.33,raw_4999,True,0.013057430563240012,32.97271223814774,74.35746620073448,16.504227822547282
cars,vit_b16,/hdd/edwin/results_backbones/cal_ckpts/cars_vit_b16_cal.pth,cal,3.0,8,90.05,1.0293,9.779552,1050.5,1,1050.5,1050.5,0.0,3.0,90.37,1.4512,90.638656,604.33,raw_4999,True,0.9964590018811552,29.072491730981255,89.21039605882947,73.82886833352637
cars,vit_b16,/hdd/edwin/results_backbones/cal_ckpts/cars_vit_b16_cal.pth,cal,3.0,32,89.49,0.9961,9.780704,729.45,1,729.45,729.45,0.0,5.0,90.37,1.4512,90.638656,604.33,raw_4999,True,0.9902622551731768,31.36025358324146,89.20912507793584,20.70392004368474
cars,vit_b16,/hdd/edwin/results_backbones/cal_ckpts/cars_vit_b16_cal.pth,cal,3.0,128,88.71,0.9883,9.783104,1056.33,1,1056.33,1056.33,0.0,7.0,90.37,1.4512,90.638656,604.33,raw_4999,True,0.9816310722584928,31.897739801543555,89.20647720107414,74.79357304783807
cars,vit_b16,/hdd/edwin/results_backbones/cal_ckpts/cars_vit_b16_cal.pth,cal,3.0,512,87.14,0.9863,9.801536,485.88,1,485.88,485.88,0.0,9.0,90.37,1.4512,90.638656,604.33,raw_4999,True,0.9642580502379108,32.03555678059537,89.1861415067761,-19.600218423708906
cars,vit_b16,/hdd/edwin/results_backbones/cal_ckpts/cars_vit_b16_cal.pth,cal,4.0,8,90.34,1.2012,45.679936,473.32,1,473.32,473.32,0.0,3.0,90.37,1.4512,90.638656,604.33,raw_4999,True,0.9996680314263583,17.227122381477397,49.60214767527003,-21.678553108401047
cars,vit_b16,/hdd/edwin/results_backbones/cal_ckpts/cars_vit_b16_cal.pth,cal,4.0,32,90.29,1.1719,45.679936,469.62,1,469.62,469.62,0.0,5.0,90.37,1.4512,90.638656,604.33,raw_4999,True,0.9991147504702889,19.246141124586554,49.60214767527003,-22.29080138335016
cars,vit_b16,/hdd/edwin/results_backbones/cal_ckpts/cars_vit_b16_cal.pth,cal,4.0,128,90.35,1.1641,45.679936,468.81,1,468.81,468.81,0.0,7.0,90.37,1.4512,90.638656,604.33,raw_4999,True,0.999778687617572,19.783627342888654,49.60214767527003,-22.424834113811993
cars,vit_b16,/hdd/edwin/results_backbones/cal_ckpts/cars_vit_b16_cal.pth,cal,4.0,512,90.27,1.1621,45.679936,468.02,1,468.02,468.02,0.0,9.0,90.37,1.4512,90.638656,604.33,raw_4999,True,0.9988934380878609,19.921444321940474,49.60214767527003,-22.555557394138972
cars,vit_b16,/hdd/edwin/results_backbones/cal_ckpts/cars_vit_b16_cal.pth,cal,5.0,8,90.49,1.2285,90.555712,466.5,1,466.5,466.5,0.0,3.0,90.37,1.4512,90.638656,604.33,raw_4999,True,1.0013278742945666,15.345920617420072,0.09151062434111742,-22.807075604388334
cars,vit_b16,/hdd/edwin/results_backbones/cal_ckpts/cars_vit_b16_cal.pth,cal,5.0,32,90.47,1.1992,90.555712,465.54,1,465.54,465.54,0.0,5.0,90.37,1.4512,90.638656,604.33,raw_4999,True,1.0011065619121389,17.364939360529217,0.09151062434111742,-22.965929210861617
cars,vit_b16,/hdd/edwin/results_backbones/cal_ckpts/cars_vit_b16_cal.pth,cal,5.0,128,90.36,1.1914,90.555712,466.0,1,466.0,466.0,0.0,7.0,90.37,1.4512,90.638656,604.33,raw_4999,True,0.999889343808786,17.902425578831313,0.09151062434111742,-22.889811857759838
cars,vit_b16,/hdd/edwin/results_backbones/cal_ckpts/cars_vit_b16_cal.pth,cal,5.0,512,90.31,1.1914,90.555712,465.28,1,465.28,465.28,0.0,9.0,90.37,1.4512,90.638656,604.33,raw_4999,True,0.9993360628527166,17.902425578831313,0.09151062434111742,-23.008952062614807
cars,vit_b16,/hdd/edwin/results_backbones/cal_ckpts/cars_vit_b16_cal.pth,cal,6.0,8,90.37,1.2285,90.555712,466.79,1,466.79,466.79,0.0,3.0,90.37,1.4512,90.638656,604.33,raw_4999,True,1.0,15.345920617420072,0.09151062434111742,-22.759088577432863
cars,vit_b16,/hdd/edwin/results_backbones/cal_ckpts/cars_vit_b16_cal.pth,cal,6.0,32,90.44,1.1992,90.555712,465.89,1,465.89,465.89,0.0,5.0,90.37,1.4512,90.638656,604.33,raw_4999,True,1.0007745933384973,17.364939360529217,0.09151062434111742,-22.90801383350157
cars,vit_b16,/hdd/edwin/results_backbones/cal_ckpts/cars_vit_b16_cal.pth,cal,6.0,128,90.54,1.1914,90.555712,467.43,1,467.43,467.43,0.0,7.0,90.37,1.4512,90.638656,604.33,raw_4999,True,1.0018811552506364,17.902425578831313,0.09151062434111742,-22.65318617311734
cars,vit_b16,/hdd/edwin/results_backbones/cal_ckpts/cars_vit_b16_cal.pth,cal,6.0,512,90.44,1.1914,90.555712,465.9,1,465.9,465.9,0.0,9.0,90.37,1.4512,90.638656,604.33,raw_4999,True,1.0007745933384973,17.902425578831313,0.09151062434111742,-22.906359108434145
cars,vit_b16,/hdd/edwin/results_backbones/cal_ckpts/cars_vit_b16_cal.pth,cal,8.0,8,90.39,1.1953,90.555712,465.81,1,465.81,465.81,0.0,3.0,90.37,1.4512,90.638656,604.33,raw_4999,True,1.0002213123824277,17.633682469680267,0.09151062434111742,-22.92125163404101
cars,vit_b16,/hdd/edwin/results_backbones/cal_ckpts/cars_vit_b16_cal.pth,cal,8.0,32,90.42,1.1992,90.555712,468.43,1,468.43,468.43,0.0,5.0,90.37,1.4512,90.638656,604.33,raw_4999,True,1.0005532809560695,17.364939360529217,0.09151062434111742,-22.487713666374336
cars,vit_b16,/hdd/edwin/results_backbones/cal_ckpts/cars_vit_b16_cal.pth,cal,8.0,128,90.49,1.1914,90.555712,466.38,1,466.38,466.38,0.0,7.0,90.37,1.4512,90.638656,604.33,raw_4999,True,1.0013278742945666,17.902425578831313,0.09151062434111742,-22.826932305197495
cars,vit_b16,/hdd/edwin/results_backbones/cal_ckpts/cars_vit_b16_cal.pth,cal,8.0,512,90.45,1.1914,90.555712,467.31,1,467.31,467.31,0.0,9.0,90.37,1.4512,90.638656,604.33,raw_4999,True,1.0008852495297111,17.902425578831313,0.09151062434111742,-22.6730428739265
cars,vit_b16,/hdd/edwin/results_backbones/ft_ckpts/cars_vit_b16.pth,ft,1.0,8,1.07,0.5957,11.548612,112.94,1,112.94,112.94,0.0,3.0,86.58,1.0059,85.94938,108.17,raw_4999,True,0.012358512358512359,40.7794015309673,86.56347259282148,4.409725432190068
cars,vit_b16,/hdd/edwin/results_backbones/ft_ckpts/cars_vit_b16.pth,ft,1.0,32,0.4,0.5645,11.548612,106.87,1,106.87,106.87,0.0,5.0,86.58,1.0059,85.94938,108.17,raw_4999,True,0.00462000462000462,43.881101501143256,86.56347259282148,-1.2018119626513795
cars,vit_b16,/hdd/edwin/results_backbones/ft_ckpts/cars_vit_b16.pth,ft,1.0,128,0.53,0.5566,11.548612,113.67,1,113.67,113.67,0.0,7.0,86.58,1.0059,85.94938,108.17,raw_4999,True,0.006121506121506122,44.66646783974551,86.56347259282148,5.084589072755847
cars,vit_b16,/hdd/edwin/results_backbones/ft_ckpts/cars_vit_b16.pth,ft,1.0,512,0.52,0.5547,11.548612,107.82,1,107.82,107.82,0.0,9.0,86.58,1.0059,85.94938,108.17,raw_4999,True,0.006006006006006006,44.855353414852374,86.56347259282148,-0.32356475917537997
cars,vit_b16,/hdd/edwin/results_backbones/ft_ckpts/cars_vit_b16.pth,ft,1.58,8,67.34,0.6055,22.165444,106.19,1,106.19,106.19,0.0,3.0,86.58,1.0059,85.94938,108.17,raw_4999,True,0.7777777777777778,39.805149617258174,74.21104841012233,-1.8304520661921087
cars,vit_b16,/hdd/edwin/results_backbones/ft_ckpts/cars_vit_b16.pth,ft,1.58,32,2.35,0.5742,22.165444,106.45,1,106.45,106.45,0.0,5.0,86.58,1.0059,85.94938,108.17,raw_4999,True,0.027142527142527142,42.916790933492386,74.21104841012233,-1.5900896736618275
cars,vit_b16,/hdd/edwin/results_backbones/ft_ckpts/cars_vit_b16.pth,ft,1.58,128,0.6,0.5664,22.165444,106.01,1,106.01,106.01,0.0,7.0,86.58,1.0059,85.94938,108.17,raw_4999,True,0.00693000693000693,43.69221592603639,74.21104841012233,-1.9968567994822932
cars,vit_b16,/hdd/edwin/results_backbones/ft_ckpts/cars_vit_b16.pth,ft,1.58,512,0.51,0.5645,22.165444,111.78,1,111.78,111.78,0.0,9.0,86.58,1.0059,85.94938,108.17,raw_4999,True,0.005890505890505891,43.881101501143256,74.21104841012233,3.3373393732088372
cars,vit_b16,/hdd/edwin/results_backbones/ft_ckpts/cars_vit_b16.pth,ft,2.0,8,81.58,0.6055,22.165444,106.06,1,106.06,106.06,0.0,3.0,86.58,1.0059,85.94938,108.17,raw_4999,True,0.9422499422499423,39.805149617258174,74.21104841012233,-1.9506332624572427
cars,vit_b16,/hdd/edwin/results_backbones/ft_ckpts/cars_vit_b16.pth,ft,2.0,32,44.93,0.5742,22.165444,109.86,1,109.86,109.86,0.0,5.0,86.58,1.0059,85.94938,108.17,raw_4999,True,0.518942018942019,42.916790933492386,74.21104841012233,1.5623555514467946
cars,vit_b16,/hdd/edwin/results_backbones/ft_ckpts/cars_vit_b16.pth,ft,2.0,128,2.34,0.5664,22.165444,107.96,1,107.96,107.96,0.0,7.0,86.58,1.0059,85.94938,108.17,raw_4999,True,0.027027027027027025,43.69221592603639,74.21104841012233,-0.1941388555052306
cars,vit_b16,/hdd/edwin/results_backbones/ft_ckpts/cars_vit_b16.pth,ft,2.0,512,0.57,0.5645,22.165444,115.41,1,115.41,115.41,0.0,9.0,86.58,1.0059,85.94938,108.17,raw_4999,True,0.006583506583506583,43.881101501143256,74.21104841012233,6.6931681612276925
cars,vit_b16,/hdd/edwin/results_backbones/ft_ckpts/cars_vit_b16.pth,ft,3.0,8,85.39,0.6211,9.425476,107.57,2,107.07,108.07,1.0,3.0,86.58,1.0059,85.94938,108.17,raw_4999,True,0.9862554862554863,38.2542996321702,89.03368936460042,-0.5546824443006457
cars,vit_b16,/hdd/edwin/results_backbones/ft_ckpts/cars_vit_b16.pth,ft,3.0,32,83.83,0.5879,9.426628,106.3,1,106.3,106.3,0.0,5.0,86.58,1.0059,85.94938,108.17,raw_4999,True,0.9682374682374683,41.55482652351129,89.03234904079588,-1.7287602847369923
cars,vit_b16,/hdd/edwin/results_backbones/ft_ckpts/cars_vit_b16.pth,ft,3.0,128,80.1,0.5801,9.428932,107.06,1,107.06,107.06,0.0,7.0,86.58,1.0059,85.94938,108.17,raw_4999,True,0.9251559251559252,42.33025151605528,89.02966839318678,-1.0261625219561796
cars,vit_b16,/hdd/edwin/results_backbones/ft_ckpts/cars_vit_b16.pth,ft,3.0,512,74.46,0.5781,9.447364,101.57,1,101.57,101.57,0.0,9.0,86.58,1.0059,85.94938,108.17,raw_4999,True,0.8600138600138599,42.529078437220406,89.00822321231402,-6.101506887307025
cars,vit_b16,/hdd/edwin/results_backbones/ft_ckpts/cars_vit_b16.pth,ft,4.0,8,86.36,0.8145,43.399108,98.44,1,98.44,98.44,0.0,3.0,86.58,1.0059,85.94938,108.17,raw_4999,True,0.9974589974589975,19.027736355502537,49.506200044724004,-8.995100305075349
cars,vit_b16,/hdd/edwin/results_backbones/ft_ckpts/cars_vit_b16.pth,ft,4.0,32,86.08,0.8008,43.399108,99.49,1,99.49,99.49,0.0,5.0,86.58,1.0059,85.94938,108.17,raw_4999,True,0.9942249942249942,20.389700765483653,49.506200044724004,-8.024406027549235
cars,vit_b16,/hdd/edwin/results_backbones/ft_ckpts/cars_vit_b16.pth,ft,4.0,128,85.77,0.7949,43.399108,99.3,1,99.3,99.3,0.0,7.0,86.58,1.0059,85.94938,108.17,raw_4999,True,0.9906444906444907,20.976240182920765,49.506200044724004,-8.200055468244434
cars,vit_b16,/hdd/edwin/results_backbones/ft_ckpts/cars_vit_b16.pth,ft,4.0,512,85.45,0.793,43.399108,99.56,1,99.56,99.56,0.0,9.0,86.58,1.0059,85.94938,108.17,raw_4999,True,0.986948486948487,21.165125758027635,49.506200044724004,-7.959693075714154
cars,vit_b16,/hdd/edwin/results_backbones/ft_ckpts/cars_vit_b16.pth,ft,5.0,8,86.47,0.8086,85.866436,98.17,1,98.17,98.17,0.0,3.0,86.58,1.0059,85.94938,108.17,raw_4999,True,0.9987294987294988,19.61427577293966,0.09650331392735106,-9.244707405010631
cars,vit_b16,/hdd/edwin/results_backbones/ft_ckpts/cars_vit_b16.pth,ft,5.0,32,86.53,0.7754,85.866436,98.42,1,98.42,98.42,0.0,5.0,86.58,1.0059,85.94938,108.17,raw_4999,True,0.9994224994224995,22.914802664280746,0.09650331392735106,-9.013589719885365
cars,vit_b16,/hdd/edwin/results_backbones/ft_ckpts/cars_vit_b16.pth,ft,5.0,128,86.51,0.7695,85.866436,99.25,1,99.25,99.25,0.0,7.0,86.58,1.0059,85.94938,108.17,raw_4999,True,0.9991914991914993,23.50134208171787,0.09650331392735106,-8.246279005269486
cars,vit_b16,/hdd/edwin/results_backbones/ft_ckpts/cars_vit_b16.pth,ft,5.0,512,86.1,0.7695,85.866436,99.51,1,99.51,99.51,0.0,9.0,86.58,1.0059,85.94938,108.17,raw_4999,True,0.9944559944559944,23.50134208171787,0.09650331392735106,-8.005916612739204
cars,vit_b16,/hdd/edwin/results_backbones/ft_ckpts/cars_vit_b16.pth,ft,6.0,8,86.67,0.8086,85.866436,98.95,1,98.95,98.95,0.0,3.0,86.58,1.0059,85.94938,108.17,raw_4999,True,1.001039501039501,19.61427577293966,0.09650331392735106,-8.523620227419801
cars,vit_b16,/hdd/edwin/results_backbones/ft_ckpts/cars_vit_b16.pth,ft,6.0,32,86.48,0.7754,85.866436,98.78,1,98.78,98.78,0.0,5.0,86.58,1.0059,85.94938,108.17,raw_4999,True,0.9988449988449989,22.914802664280746,0.09650331392735106,-8.680780253304983
cars,vit_b16,/hdd/edwin/results_backbones/ft_ckpts/cars_vit_b16.pth,ft,6.0,128,86.51,0.7695,85.866436,98.58,1,98.58,98.58,0.0,7.0,86.58,1.0059,85.94938,108.17,raw_4999,True,0.9991914991914993,23.50134208171787,0.09650331392735106,-8.8656744014052
cars,vit_b16,/hdd/edwin/results_backbones/ft_ckpts/cars_vit_b16.pth,ft,6.0,512,86.52,0.7695,85.866436,98.66,1,98.66,98.66,0.0,9.0,86.58,1.0059,85.94938,108.17,raw_4999,True,0.9993069993069993,23.50134208171787,0.09650331392735106,-8.791716742165114
cars,vit_b16,/hdd/edwin/results_backbones/ft_ckpts/cars_vit_b16.pth,ft,8.0,8,86.56,0.8086,85.866436,99.04,1,99.04,99.04,0.0,3.0,86.58,1.0059,85.94938,108.17,raw_4999,True,0.9997689997689998,19.61427577293966,0.09650331392735106,-8.440417860774701
cars,vit_b16,/hdd/edwin/results_backbones/ft_ckpts/cars_vit_b16.pth,ft,8.0,32,86.66,0.7754,85.866436,98.29,1,98.29,98.29,0.0,5.0,86.58,1.0059,85.94938,108.17,raw_4999,True,1.0009240009240008,22.914802664280746,0.09650331392735106,-9.1337709161505
cars,vit_b16,/hdd/edwin/results_backbones/ft_ckpts/cars_vit_b16.pth,ft,8.0,128,86.64,0.7695,85.866436,99.61,1,99.61,99.61,0.0,7.0,86.58,1.0059,85.94938,108.17,raw_4999,True,1.0006930006930008,23.50134208171787,0.09650331392735106,-7.913469538689102
cars,vit_b16,/hdd/edwin/results_backbones/ft_ckpts/cars_vit_b16.pth,ft,8.0,512,86.57,0.7695,85.866436,98.02,1,98.02,98.02,0.0,9.0,86.58,1.0059,85.94938,108.17,raw_4999,True,0.9998844998844998,23.50134208171787,0.09650331392735106,-9.383378016085796
cars,vit_b16,/hdd/edwin/results_backbones/fz_ckpts/cars_vit_b16_fz.pth,fz,1.0,8,0.9,0.5957,11.548612,108.28,1,108.28,108.28,0.0,3.0,62.5,1.0059,85.94938,107.1,raw_4999,True,0.0144,40.7794015309673,86.56347259282148,1.10177404295052
cars,vit_b16,/hdd/edwin/results_backbones/fz_ckpts/cars_vit_b16_fz.pth,fz,1.0,32,0.66,0.5645,11.548612,116.29,1,116.29,116.29,0.0,5.0,62.5,1.0059,85.94938,107.1,raw_4999,True,0.01056,43.881101501143256,86.56347259282148,8.58076563958918
cars,vit_b16,/hdd/edwin/results_backbones/fz_ckpts/cars_vit_b16_fz.pth,fz,1.0,128,0.55,0.5566,11.548612,106.52,1,106.52,106.52,0.0,7.0,62.5,1.0059,85.94938,107.1,raw_4999,True,0.0088,44.66646783974551,86.56347259282148,-0.5415499533146576
cars,vit_b16,/hdd/edwin/results_backbones/fz_ckpts/cars_vit_b16_fz.pth,fz,1.0,512,0.7,0.5547,11.548612,107.9,1,107.9,107.9,0.0,9.0,62.5,1.0059,85.94938,107.1,raw_4999,True,0.0112,44.855353414852374,86.56347259282148,0.7469654528478165
cars,vit_b16,/hdd/edwin/results_backbones/fz_ckpts/cars_vit_b16_fz.pth,fz,1.58,8,30.51,0.6055,22.165444,110.74,1,110.74,110.74,0.0,3.0,62.5,1.0059,85.94938,107.1,raw_4999,True,0.48816000000000004,39.805149617258174,74.21104841012233,3.398692810457517
cars,vit_b16,/hdd/edwin/results_backbones/fz_ckpts/cars_vit_b16_fz.pth,fz,1.58,32,1.84,0.5742,22.165444,108.4,1,108.4,108.4,0.0,5.0,62.5,1.0059,85.94938,107.1,raw_4999,True,0.02944,42.916790933492386,74.21104841012233,1.2138188608776952
cars,vit_b16,/hdd/edwin/results_backbones/fz_ckpts/cars_vit_b16_fz.pth,fz,1.58,128,0.41,0.5664,22.165444,107.04,1,107.04,107.04,0.0,7.0,62.5,1.0059,85.94938,107.1,raw_4999,True,0.00656,43.69221592603639,74.21104841012233,-0.05602240896357429
cars,vit_b16,/hdd/edwin/results_backbones/fz_ckpts/cars_vit_b16_fz.pth,fz,1.58,512,0.49,0.5645,22.165444,105.62,1,105.62,105.62,0.0,9.0,62.5,1.0059,85.94938,107.1,raw_4999,True,0.00784,43.881101501143256,74.21104841012233,-1.3818860877684311
cars,vit_b16,/hdd/edwin/results_backbones/fz_ckpts/cars_vit_b16_fz.pth,fz,2.0,8,49.32,0.6055,22.165444,106.63,1,106.63,106.63,0.0,3.0,62.5,1.0059,85.94938,107.1,raw_4999,True,0.78912,39.805149617258174,74.21104841012233,-0.43884220354808484
cars,vit_b16,/hdd/edwin/results_backbones/fz_ckpts/cars_vit_b16_fz.pth,fz,2.0,32,24.36,0.5742,22.165444,110.35,1,110.35,110.35,0.0,5.0,62.5,1.0059,85.94938,107.1,raw_4999,True,0.38976,42.916790933492386,74.21104841012233,3.0345471521942113
cars,vit_b16,/hdd/edwin/results_backbones/fz_ckpts/cars_vit_b16_fz.pth,fz,2.0,128,2.18,0.5664,22.165444,106.86,1,106.86,106.86,0.0,7.0,62.5,1.0059,85.94938,107.1,raw_4999,True,0.03488,43.69221592603639,74.21104841012233,-0.22408963585433697
cars,vit_b16,/hdd/edwin/results_backbones/fz_ckpts/cars_vit_b16_fz.pth,fz,2.0,512,0.73,0.5645,22.165444,108.49,1,108.49,108.49,0.0,9.0,62.5,1.0059,85.94938,107.1,raw_4999,True,0.01168,43.881101501143256,74.21104841012233,1.297852474323063
cars,vit_b16,/hdd/edwin/results_backbones/fz_ckpts/cars_vit_b16_fz.pth,fz,3.0,8,59.88,0.6211,9.425476,107.72999999999999,2,107.36,108.1,0.7399999999999949,3.0,62.5,1.0059,85.94938,107.1,raw_4999,True,0.95808,38.2542996321702,89.03368936460042,0.5882352941176429
cars,vit_b16,/hdd/edwin/results_backbones/fz_ckpts/cars_vit_b16_fz.pth,fz,3.0,32,53.48,0.5879,9.426628,110.92,1,110.92,110.92,0.0,5.0,62.5,1.0059,85.94938,107.1,raw_4999,True,0.85568,41.55482652351129,89.03234904079588,3.5667600373482795
cars,vit_b16,/hdd/edwin/results_backbones/fz_ckpts/cars_vit_b16_fz.pth,fz,3.0,128,50.18,0.5801,9.428932,106.84,1,106.84,106.84,0.0,7.0,62.5,1.0059,85.94938,107.1,raw_4999,True,0.80288,42.33025151605528,89.02966839318678,-0.24276377217552841
cars,vit_b16,/hdd/edwin/results_backbones/fz_ckpts/cars_vit_b16_fz.pth,fz,3.0,512,39.58,0.5801,9.447364,99.65,1,99.65,99.65,0.0,9.0,62.5,1.0059,85.94938,107.1,raw_4999,True,0.63328,42.33025151605528,89.00822321231402,-6.956115779645181
cars,vit_b16,/hdd/edwin/results_backbones/fz_ckpts/cars_vit_b16_fz.pth,fz,4.0,8,61.25,0.8125,43.399108,97.66,1,97.66,97.66,0.0,3.0,62.5,1.0059,85.94938,107.1,raw_4999,True,0.98,19.226563276667665,49.506200044724004,-8.814192343604107
cars,vit_b16,/hdd/edwin/results_backbones/fz_ckpts/cars_vit_b16_fz.pth,fz,4.0,32,60.47,0.8027,43.399108,98.86,1,98.86,98.86,0.0,5.0,62.5,1.0059,85.94938,107.1,raw_4999,True,0.9675199999999999,20.20081519037678,49.506200044724004,-7.693744164332395
cars,vit_b16,/hdd/edwin/results_backbones/fz_ckpts/cars_vit_b16_fz.pth,fz,4.0,128,59.83,0.793,43.399108,98.4,1,98.4,98.4,0.0,7.0,62.5,1.0059,85.94938,107.1,raw_4999,True,0.95728,21.165125758027635,49.506200044724004,-8.123249299719879
cars,vit_b16,/hdd/edwin/results_backbones/fz_ckpts/cars_vit_b16_fz.pth,fz,4.0,512,57.88,0.793,43.399108,98.42,1,98.42,98.42,0.0,9.0,62.5,1.0059,85.94938,107.1,raw_4999,True,0.92608,21.165125758027635,49.506200044724004,-8.104575163398687
cars,vit_b16,/hdd/edwin/results_backbones/fz_ckpts/cars_vit_b16_fz.pth,fz,5.0,8,62.26,0.8086,85.866436,97.55,1,97.55,97.55,0.0,3.0,62.5,1.0059,85.94938,107.1,raw_4999,True,0.9961599999999999,19.61427577293966,0.09650331392735106,-8.91690009337068
cars,vit_b16,/hdd/edwin/results_backbones/fz_ckpts/cars_vit_b16_fz.pth,fz,5.0,32,61.78,0.7773,85.866436,100.45,1,100.45,100.45,0.0,5.0,62.5,1.0059,85.94938,107.1,raw_4999,True,0.98848,22.725917089173876,0.09650331392735106,-6.209150326797378
cars,vit_b16,/hdd/edwin/results_backbones/fz_ckpts/cars_vit_b16_fz.pth,fz,5.0,128,61.31,0.7695,85.866436,98.39,1,98.39,98.39,0.0,7.0,62.5,1.0059,85.94938,107.1,raw_4999,True,0.98096,23.50134208171787,0.09650331392735106,-8.13258636788048
cars,vit_b16,/hdd/edwin/results_backbones/fz_ckpts/cars_vit_b16_fz.pth,fz,5.0,512,61.25,0.7695,85.866436,98.52,1,98.52,98.52,0.0,9.0,62.5,1.0059,85.94938,107.1,raw_4999,True,0.98,23.50134208171787,0.09650331392735106,-8.011204481792715
cars,vit_b16,/hdd/edwin/results_backbones/fz_ckpts/cars_vit_b16_fz.pth,fz,6.0,8,62.39,0.8086,85.866436,99.14,1,99.14,99.14,0.0,3.0,62.5,1.0059,85.94938,107.1,raw_4999,True,0.99824,19.61427577293966,0.09650331392735106,-7.432306255835662
cars,vit_b16,/hdd/edwin/results_backbones/fz_ckpts/cars_vit_b16_fz.pth,fz,6.0,32,62.13,0.7754,85.866436,99.03,1,99.03,99.03,0.0,5.0,62.5,1.0059,85.94938,107.1,raw_4999,True,0.9940800000000001,22.914802664280746,0.09650331392735106,-7.5350140056022346
cars,vit_b16,/hdd/edwin/results_backbones/fz_ckpts/cars_vit_b16_fz.pth,fz,6.0,128,62.19,0.7695,85.866436,99.07,1,99.07,99.07,0.0,7.0,62.5,1.0059,85.94938,107.1,raw_4999,True,0.9950399999999999,23.50134208171787,0.09650331392735106,-7.497665732959852
cars,vit_b16,/hdd/edwin/results_backbones/fz_ckpts/cars_vit_b16_fz.pth,fz,6.0,512,62.04,0.7695,85.866436,99.15,1,99.15,99.15,0.0,9.0,62.5,1.0059,85.94938,107.1,raw_4999,True,0.99264,23.50134208171787,0.09650331392735106,-7.42296918767506
cars,vit_b16,/hdd/edwin/results_backbones/fz_ckpts/cars_vit_b16_fz.pth,fz,8.0,8,62.39,0.8086,85.866436,98.53,1,98.53,98.53,0.0,3.0,62.5,1.0059,85.94938,107.1,raw_4999,True,0.99824,19.61427577293966,0.09650331392735106,-8.001867413632114
cars,vit_b16,/hdd/edwin/results_backbones/fz_ckpts/cars_vit_b16_fz.pth,fz,8.0,32,62.54,0.7754,85.866436,98.08,1,98.08,98.08,0.0,5.0,62.5,1.0059,85.94938,107.1,raw_4999,True,1.00064,22.914802664280746,0.09650331392735106,-8.422035480859007
cars,vit_b16,/hdd/edwin/results_backbones/fz_ckpts/cars_vit_b16_fz.pth,fz,8.0,128,62.47,0.7695,85.866436,98.77,1,98.77,98.77,0.0,7.0,62.5,1.0059,85.94938,107.1,raw_4999,True,0.99952,23.50134208171787,0.09650331392735106,-7.777777777777776
cars,vit_b16,/hdd/edwin/results_backbones/fz_ckpts/cars_vit_b16_fz.pth,fz,8.0,512,62.48,0.7695,85.866436,98.36,1,98.36,98.36,0.0,9.0,62.5,1.0059,85.94938,107.1,raw_4999,True,0.9996799999999999,23.50134208171787,0.09650331392735106,-8.160597572362274
cub,beitv2_base_patch16_224_in22k,/hdd/edwin/results_backbones/cal_ckpts/cub_beitv2_base_patch16_224_in22k_cal.pth,cal,1.0,8,0.41,0.8496,12.027904,393.27,1,393.27,393.27,0.0,3.0,89.28,1.293,90.701824,663.47,raw_4999,True,0.004592293906810036,34.29234338747099,86.73907153179191,-40.725277706603165
cub,beitv2_base_patch16_224_in22k,/hdd/edwin/results_backbones/cal_ckpts/cub_beitv2_base_patch16_224_in22k_cal.pth,cal,1.0,32,0.47,0.8203,12.027904,697.09,1,697.09,697.09,0.0,5.0,89.28,1.293,90.701824,663.47,raw_4999,True,0.005264336917562723,36.558391337973696,86.73907153179191,5.067297692435227
cub,beitv2_base_patch16_224_in22k,/hdd/edwin/results_backbones/cal_ckpts/cub_beitv2_base_patch16_224_in22k_cal.pth,cal,1.0,128,0.76,0.8125,12.027904,411.58,1,411.58,411.58,0.0,7.0,89.28,1.293,90.701824,663.47,raw_4999,True,0.008512544802867384,37.16163959783449,86.73907153179191,-37.96554478725489
cub,beitv2_base_patch16_224_in22k,/hdd/edwin/results_backbones/cal_ckpts/cub_beitv2_base_patch16_224_in22k_cal.pth,cal,1.0,512,0.5,0.8105,12.027904,450.44,1,450.44,450.44,0.0,9.0,89.28,1.293,90.701824,663.47,raw_4999,True,0.005600358422939068,37.316318638824434,86.73907153179191,-32.108460066016555
cub,beitv2_base_patch16_224_in22k,/hdd/edwin/results_backbones/cal_ckpts/cub_beitv2_base_patch16_224_in22k_cal.pth,cal,1.58,8,16.69,0.8613,23.259136,691.54,1,691.54,691.54,0.0,3.0,89.28,1.293,90.701824,663.47,raw_4999,True,0.1869399641577061,33.38747099767981,74.35648482658961,4.230786621851769
cub,beitv2_base_patch16_224_in22k,/hdd/edwin/results_backbones/cal_ckpts/cub_beitv2_base_patch16_224_in22k_cal.pth,cal,1.58,32,0.76,0.8477,23.259136,386.16,1,386.16,386.16,0.0,5.0,89.28,1.293,90.701824,663.47,raw_4999,True,0.008512544802867384,34.43928847641144,74.35648482658961,-41.7969162132425
cub,beitv2_base_patch16_224_in22k,/hdd/edwin/results_backbones/cal_ckpts/cub_beitv2_base_patch16_224_in22k_cal.pth,cal,1.58,128,0.66,0.8398,23.259136,697.62,1,697.62,697.62,0.0,7.0,89.28,1.293,90.701824,663.47,raw_4999,True,0.00739247311827957,35.05027068832173,74.35648482658961,5.147180731608057
cub,beitv2_base_patch16_224_in22k,/hdd/edwin/results_backbones/cal_ckpts/cub_beitv2_base_patch16_224_in22k_cal.pth,cal,1.58,512,0.76,0.8379,23.259136,445.74,1,445.74,445.74,0.0,9.0,89.28,1.293,90.701824,663.47,raw_4999,True,0.008512544802867384,35.19721577726218,74.35648482658961,-32.81685682849262
cub,beitv2_base_patch16_224_in22k,/hdd/edwin/results_backbones/cal_ckpts/cub_beitv2_base_patch16_224_in22k_cal.pth,cal,2.0,8,69.5,0.8613,23.259136,521.97,1,521.97,521.97,0.0,3.0,89.28,1.293,90.701824,663.47,raw_4999,True,0.7784498207885304,33.38747099767981,74.35648482658961,-21.3272642319924
cub,beitv2_base_patch16_224_in22k,/hdd/edwin/results_backbones/cal_ckpts/cub_beitv2_base_patch16_224_in22k_cal.pth,cal,2.0,32,3.19,0.8477,23.259136,660.25,1,660.25,660.25,0.0,5.0,89.28,1.293,90.701824,663.47,raw_4999,True,0.035730286738351255,34.43928847641144,74.35648482658961,-0.4853271436538242
cub,beitv2_base_patch16_224_in22k,/hdd/edwin/results_backbones/cal_ckpts/cub_beitv2_base_patch16_224_in22k_cal.pth,cal,2.0,128,1.16,0.8398,23.259136,383.74,1,383.74,383.74,0.0,7.0,89.28,1.293,90.701824,663.47,raw_4999,True,0.012992831541218637,35.05027068832173,74.35648482658961,-42.161665184559965
cub,beitv2_base_patch16_224_in22k,/hdd/edwin/results_backbones/cal_ckpts/cub_beitv2_base_patch16_224_in22k_cal.pth,cal,2.0,512,0.52,0.8359,23.259136,666.65,1,666.65,666.65,0.0,9.0,89.28,1.293,90.701824,663.47,raw_4999,True,0.005824372759856631,35.35189481825213,74.35648482658961,0.47929823503699487
cub,beitv2_base_patch16_224_in22k,/hdd/edwin/results_backbones/cal_ckpts/cub_beitv2_base_patch16_224_in22k_cal.pth,cal,3.0,8,87.61,0.9141,9.781888,406.18,1,406.18,406.18,0.0,3.0,89.28,1.293,90.701824,663.47,raw_4999,True,0.9812948028673835,29.30394431554524,89.21533485368498,-38.779447450525275
cub,beitv2_base_patch16_224_in22k,/hdd/edwin/results_backbones/cal_ckpts/cub_beitv2_base_patch16_224_in22k_cal.pth,cal,3.0,32,75.96,0.8438,9.782272,695.88,1,695.88,695.88,0.0,5.0,89.28,1.293,90.701824,663.47,raw_4999,True,0.8508064516129031,34.74091260634184,89.2149114884393,4.884923206776488
cub,beitv2_base_patch16_224_in22k,/hdd/edwin/results_backbones/cal_ckpts/cub_beitv2_base_patch16_224_in22k_cal.pth,cal,3.0,128,63.69,0.834,9.785344,287.27,1,287.27,287.27,0.0,7.0,89.28,1.293,90.701824,663.47,raw_4999,True,0.7133736559139785,35.498839907192576,89.211524566474,-56.701885541169915
cub,beitv2_base_patch16_224_in22k,/hdd/edwin/results_backbones/cal_ckpts/cub_beitv2_base_patch16_224_in22k_cal.pth,cal,3.0,512,49.65,0.834,9.791488,286.65,1,286.65,286.65,0.0,9.0,89.28,1.293,90.701824,663.47,raw_4999,True,0.5561155913978494,35.498839907192576,89.20475072254335,-56.79533362473059
cub,beitv2_base_patch16_224_in22k,/hdd/edwin/results_backbones/cal_ckpts/cub_beitv2_base_patch16_224_in22k_cal.pth,cal,4.0,8,88.99,1.0332,45.7216,276.83,1,276.83,276.83,0.0,3.0,89.28,1.293,90.701824,663.47,raw_4999,True,0.9967517921146952,20.09280742459397,49.591311416184965,-58.275430690159325
cub,beitv2_base_patch16_224_in22k,/hdd/edwin/results_backbones/cal_ckpts/cub_beitv2_base_patch16_224_in22k_cal.pth,cal,4.0,32,87.85,1.002,45.7216,276.55,1,276.55,276.55,0.0,5.0,89.28,1.293,90.701824,663.47,raw_4999,True,0.9839829749103942,22.50580046403712,49.591311416184965,-58.317633050477035
cub,beitv2_base_patch16_224_in22k,/hdd/edwin/results_backbones/cal_ckpts/cub_beitv2_base_patch16_224_in22k_cal.pth,cal,4.0,128,87.07,0.9922,45.7216,275.36,1,275.36,275.36,0.0,7.0,89.28,1.293,90.701824,663.47,raw_4999,True,0.9752464157706092,23.263727764887854,49.591311416184965,-58.49699308182736
cub,beitv2_base_patch16_224_in22k,/hdd/edwin/results_backbones/cal_ckpts/cub_beitv2_base_patch16_224_in22k_cal.pth,cal,4.0,512,84.31,0.9902,45.7216,276.08,1,276.08,276.08,0.0,9.0,89.28,1.293,90.701824,663.47,raw_4999,True,0.9443324372759857,23.4184068058778,49.591311416184965,-58.38847272672465
cub,beitv2_base_patch16_224_in22k,/hdd/edwin/results_backbones/cal_ckpts/cub_beitv2_base_patch16_224_in22k_cal.pth,cal,5.0,8,89.2,1.0664,90.646528,275.36,1,275.36,275.36,0.0,3.0,89.28,1.293,90.701824,663.47,raw_4999,True,0.9991039426523297,17.52513534416086,0.06096459537572084,-58.49699308182736
cub,beitv2_base_patch16_224_in22k,/hdd/edwin/results_backbones/cal_ckpts/cub_beitv2_base_patch16_224_in22k_cal.pth,cal,5.0,32,88.78,1.0352,90.646528,274.73,1,274.73,274.73,0.0,5.0,89.28,1.293,90.701824,663.47,raw_4999,True,0.994399641577061,19.938128383604024,0.06096459537572084,-58.591948392542236
cub,beitv2_base_patch16_224_in22k,/hdd/edwin/results_backbones/cal_ckpts/cub_beitv2_base_patch16_224_in22k_cal.pth,cal,5.0,128,88.68,1.0254,90.646528,275.25,1,275.25,275.25,0.0,7.0,89.28,1.293,90.701824,663.47,raw_4999,True,0.9932795698924732,20.696055684454745,0.06096459537572084,-58.51357258052361
cub,beitv2_base_patch16_224_in22k,/hdd/edwin/results_backbones/cal_ckpts/cub_beitv2_base_patch16_224_in22k_cal.pth,cal,5.0,512,88.83,1.0234,90.646528,274.72,1,274.72,274.72,0.0,9.0,89.28,1.293,90.701824,663.47,raw_4999,True,0.9949596774193548,20.850734725444692,0.06096459537572084,-58.59345561969644
cub,beitv2_base_patch16_224_in22k,/hdd/edwin/results_backbones/cal_ckpts/cub_beitv2_base_patch16_224_in22k_cal.pth,cal,6.0,8,89.16,1.0684,90.646528,274.76,1,274.76,274.76,0.0,3.0,89.28,1.293,90.701824,663.47,raw_4999,True,0.9986559139784946,17.370456303170915,0.06096459537572084,-58.58742671107962
cub,beitv2_base_patch16_224_in22k,/hdd/edwin/results_backbones/cal_ckpts/cub_beitv2_base_patch16_224_in22k_cal.pth,cal,6.0,32,89.18,1.0332,90.646528,275.5,1,275.5,275.5,0.0,5.0,89.28,1.293,90.701824,663.47,raw_4999,True,0.9988799283154123,20.09280742459397,0.06096459537572084,-58.4758919016685
cub,beitv2_base_patch16_224_in22k,/hdd/edwin/results_backbones/cal_ckpts/cub_beitv2_base_patch16_224_in22k_cal.pth,cal,6.0,128,89.07,1.0254,90.646528,275.2,1,275.2,275.2,0.0,7.0,89.28,1.293,90.701824,663.47,raw_4999,True,0.9976478494623655,20.696055684454745,0.06096459537572084,-58.52110871629464
cub,beitv2_base_patch16_224_in22k,/hdd/edwin/results_backbones/cal_ckpts/cub_beitv2_base_patch16_224_in22k_cal.pth,cal,6.0,512,89.2,1.0234,90.646528,274.76,1,274.76,274.76,0.0,9.0,89.28,1.293,90.701824,663.47,raw_4999,True,0.9991039426523297,20.850734725444692,0.06096459537572084,-58.58742671107962
cub,beitv2_base_patch16_224_in22k,/hdd/edwin/results_backbones/cal_ckpts/cub_beitv2_base_patch16_224_in22k_cal.pth,cal,8.0,8,89.28,1.0684,90.646528,275.16,1,275.16,275.16,0.0,3.0,89.28,1.293,90.701824,663.47,raw_4999,True,1.0,17.370456303170915,0.06096459537572084,-58.52713762491145
cub,beitv2_base_patch16_224_in22k,/hdd/edwin/results_backbones/cal_ckpts/cub_beitv2_base_patch16_224_in22k_cal.pth,cal,8.0,32,89.28,1.0332,90.646528,275.15,1,275.15,275.15,0.0,5.0,89.28,1.293,90.701824,663.47,raw_4999,True,1.0,20.09280742459397,0.06096459537572084,-58.52864485206566
cub,beitv2_base_patch16_224_in22k,/hdd/edwin/results_backbones/cal_ckpts/cub_beitv2_base_patch16_224_in22k_cal.pth,cal,8.0,128,89.2,1.0254,90.646528,273.65,1,273.65,273.65,0.0,7.0,89.28,1.293,90.701824,663.47,raw_4999,True,0.9991039426523297,20.696055684454745,0.06096459537572084,-58.754728925196325
cub,beitv2_base_patch16_224_in22k,/hdd/edwin/results_backbones/cal_ckpts/cub_beitv2_base_patch16_224_in22k_cal.pth,cal,8.0,512,89.16,1.0234,90.646528,275.02,1,275.02,275.02,0.0,9.0,89.28,1.293,90.701824,663.47,raw_4999,True,0.9986559139784946,20.850734725444692,0.06096459537572084,-58.54823880507032
cub,beitv2_base_patch16_224_in22k,/hdd/edwin/results_backbones/ft_ckpts/cub_beitv2_base_patch16_224_in22k.pth,ft,1.0,8,0.47,0.5352,11.542664,79.61,1,79.61,79.61,0.0,3.0,86.97,0.9062,85.915784,73.11,raw_4999,True,0.0054041623548350005,40.94018980357537,86.56514151113373,8.890712624811927
cub,beitv2_base_patch16_224_in22k,/hdd/edwin/results_backbones/ft_ckpts/cub_beitv2_base_patch16_224_in22k.pth,ft,1.0,32,0.48,0.5039,11.542664,59.8,1,59.8,59.8,0.0,5.0,86.97,0.9062,85.915784,73.11,raw_4999,True,0.005519144532597447,44.39417347163981,86.56514151113373,-18.205443851730273
cub,beitv2_base_patch16_224_in22k,/hdd/edwin/results_backbones/ft_ckpts/cub_beitv2_base_patch16_224_in22k.pth,ft,1.0,128,0.43,0.4961,11.542664,59.33,1,59.33,59.33,0.0,7.0,86.97,0.9062,85.915784,73.11,raw_4999,True,0.004944233643785214,45.254910615758114,86.56514151113373,-18.848310764601287
cub,beitv2_base_patch16_224_in22k,/hdd/edwin/results_backbones/ft_ckpts/cub_beitv2_base_patch16_224_in22k.pth,ft,1.0,512,0.6,0.4941,11.542664,58.76,1,58.76,58.76,0.0,9.0,86.97,0.9062,85.915784,73.11,raw_4999,True,0.006898930665746809,45.475612447583316,86.56514151113373,-19.627957871700183
cub,beitv2_base_patch16_224_in22k,/hdd/edwin/results_backbones/ft_ckpts/cub_beitv2_base_patch16_224_in22k.pth,ft,1.58,8,13.55,0.5488,22.159496,65.56,1,65.56,65.56,0.0,3.0,86.97,0.9062,85.915784,73.11,raw_4999,True,0.15580085086811546,39.43941734716398,74.20788710954439,-10.326904664204621
cub,beitv2_base_patch16_224_in22k,/hdd/edwin/results_backbones/ft_ckpts/cub_beitv2_base_patch16_224_in22k.pth,ft,1.58,32,0.88,0.5156,22.159496,59.98,1,59.98,59.98,0.0,5.0,86.97,0.9062,85.915784,73.11,raw_4999,True,0.01011843164309532,43.10306775546237,74.20788710954439,-17.959239502120095
cub,beitv2_base_patch16_224_in22k,/hdd/edwin/results_backbones/ft_ckpts/cub_beitv2_base_patch16_224_in22k.pth,ft,1.58,128,0.66,0.5059,22.159496,57.45,1,57.45,57.45,0.0,7.0,86.97,0.9062,85.915784,73.11,raw_4999,True,0.0075888237323214905,44.173471639814615,74.20788710954439,-21.419778416085343
cub,beitv2_base_patch16_224_in22k,/hdd/edwin/results_backbones/ft_ckpts/cub_beitv2_base_patch16_224_in22k.pth,ft,1.58,512,0.54,0.5039,22.159496,60.49,1,60.49,60.49,0.0,9.0,86.97,0.9062,85.915784,73.11,raw_4999,True,0.006209037599172129,44.39417347163981,74.20788710954439,-17.261660511557924
cub,beitv2_base_patch16_224_in22k,/hdd/edwin/results_backbones/ft_ckpts/cub_beitv2_base_patch16_224_in22k.pth,ft,2.0,8,68.97,0.5469,22.159496,58.81,1,58.81,58.81,0.0,3.0,86.97,0.9062,85.915784,73.11,raw_4999,True,0.7930320800275957,39.64908408739792,74.20788710954439,-19.559567774586238
cub,beitv2_base_patch16_224_in22k,/hdd/edwin/results_backbones/ft_ckpts/cub_beitv2_base_patch16_224_in22k.pth,ft,2.0,32,12.25,0.5137,22.159496,55.44,1,55.44,55.44,0.0,5.0,86.97,0.9062,85.915784,73.11,raw_4999,True,0.14085316775899737,43.312734495696304,74.20788710954439,-24.169060320065658
cub,beitv2_base_patch16_224_in22k,/hdd/edwin/results_backbones/ft_ckpts/cub_beitv2_base_patch16_224_in22k.pth,ft,2.0,128,1.66,0.5059,22.159496,62.28,1,62.28,62.28,0.0,7.0,86.97,0.9062,85.915784,73.11,raw_4999,True,0.01908704150856617,44.173471639814615,74.20788710954439,-14.813295034878946
cub,beitv2_base_patch16_224_in22k,/hdd/edwin/results_backbones/ft_ckpts/cub_beitv2_base_patch16_224_in22k.pth,ft,2.0,512,0.54,0.5039,22.159496,57.31,1,57.31,57.31,0.0,9.0,86.97,0.9062,85.915784,73.11,raw_4999,True,0.006209037599172129,44.39417347163981,74.20788710954439,-21.611270688004375
cub,beitv2_base_patch16_224_in22k,/hdd/edwin/results_backbones/ft_ckpts/cub_beitv2_base_patch16_224_in22k.pth,ft,3.0,8,85.69,0.5625,9.419528,62.55,1,62.55,62.55,0.0,3.0,86.97,0.9062,85.915784,73.11,raw_4999,True,0.9852822812464068,37.92760979916133,89.03632422186824,-14.443988510463688
cub,beitv2_base_patch16_224_in22k,/hdd/edwin/results_backbones/ft_ckpts/cub_beitv2_base_patch16_224_in22k.pth,ft,3.0,32,80.43,0.5273,9.419912,57.17,1,57.17,57.17,0.0,5.0,86.97,0.9062,85.915784,73.11,raw_4999,True,0.9248016557433598,41.81196203928493,89.03587727256264,-21.8027629599234
cub,beitv2_base_patch16_224_in22k,/hdd/edwin/results_backbones/ft_ckpts/cub_beitv2_base_patch16_224_in22k.pth,ft,3.0,128,65.65,0.5195,9.422984,50.02,1,50.02,50.02,0.0,7.0,86.97,0.9062,85.915784,73.11,raw_4999,True,0.7548579970104634,42.672699183403225,89.03230167811773,-31.582546847216516
cub,beitv2_base_patch16_224_in22k,/hdd/edwin/results_backbones/ft_ckpts/cub_beitv2_base_patch16_224_in22k.pth,ft,3.0,512,51.26,0.5176,9.429128,49.36,1,49.36,49.36,0.0,9.0,86.97,0.9062,85.915784,73.11,raw_4999,True,0.5893986432103024,42.882365923637174,89.02515048922791,-32.485296129120506
cub,beitv2_base_patch16_224_in22k,/hdd/edwin/results_backbones/ft_ckpts/cub_beitv2_base_patch16_224_in22k.pth,ft,4.0,8,86.47,0.7539,43.39316,48.73,1,48.73,48.73,0.0,3.0,86.97,0.9062,85.915784,73.11,raw_4999,True,0.9942508911118777,16.806444493489295,49.49337830636568,-33.34701135275613
cub,beitv2_base_patch16_224_in22k,/hdd/edwin/results_backbones/ft_ckpts/cub_beitv2_base_patch16_224_in22k.pth,ft,4.0,32,86.16,0.7422,43.39316,48.95,1,48.95,48.95,0.0,5.0,86.97,0.9062,85.915784,73.11,raw_4999,True,0.9906864436012418,18.097550209666743,49.49337830636568,-33.04609492545479
cub,beitv2_base_patch16_224_in22k,/hdd/edwin/results_backbones/ft_ckpts/cub_beitv2_base_patch16_224_in22k.pth,ft,4.0,128,85.21,0.7344,43.39316,49.34,1,49.34,49.34,0.0,7.0,86.97,0.9062,85.915784,73.11,raw_4999,True,0.9797631367138093,18.958287353785032,49.49337830636568,-32.512652167966074
cub,beitv2_base_patch16_224_in22k,/hdd/edwin/results_backbones/ft_ckpts/cub_beitv2_base_patch16_224_in22k.pth,ft,4.0,512,82.93,0.7324,43.39316,48.81,1,48.81,48.81,0.0,9.0,86.97,0.9062,85.915784,73.11,raw_4999,True,0.9535472001839715,19.178989185610234,49.49337830636568,-33.23758719737381
cub,beitv2_base_patch16_224_in22k,/hdd/edwin/results_backbones/ft_ckpts/cub_beitv2_base_patch16_224_in22k.pth,ft,5.0,8,87.0,0.7891,85.860488,48.84,1,48.84,48.84,0.0,3.0,86.97,0.9062,85.915784,73.11,raw_4999,True,1.0003449465332874,12.9220922533657,0.06436070000827608,-33.196553139105454
cub,beitv2_base_patch16_224_in22k,/hdd/edwin/results_backbones/ft_ckpts/cub_beitv2_base_patch16_224_in22k.pth,ft,5.0,32,86.57,0.7539,85.860488,49.51,1,49.51,49.51,0.0,5.0,86.97,0.9062,85.915784,73.11,raw_4999,True,0.995400712889502,16.806444493489295,0.06436070000827608,-32.28012583777869
cub,beitv2_base_patch16_224_in22k,/hdd/edwin/results_backbones/ft_ckpts/cub_beitv2_base_patch16_224_in22k.pth,ft,5.0,128,86.71,0.7461,85.860488,48.91,1,48.91,48.91,0.0,7.0,86.97,0.9062,85.915784,73.11,raw_4999,True,0.9970104633781763,17.667181637607595,0.06436070000827608,-33.10080700314595
cub,beitv2_base_patch16_224_in22k,/hdd/edwin/results_backbones/ft_ckpts/cub_beitv2_base_patch16_224_in22k.pth,ft,5.0,512,85.86,0.7441,85.860488,48.75,1,48.75,48.75,0.0,9.0,86.97,0.9062,85.915784,73.11,raw_4999,True,0.9872369782683684,17.887883469432797,0.06436070000827608,-33.319655313910545
cub,beitv2_base_patch16_224_in22k,/hdd/edwin/results_backbones/ft_ckpts/cub_beitv2_base_patch16_224_in22k.pth,ft,6.0,8,86.97,0.7891,85.860488,48.98,1,48.98,48.98,0.0,3.0,86.97,0.9062,85.915784,73.11,raw_4999,True,1.0,12.9220922533657,0.06436070000827608,-33.00506086718644
cub,beitv2_base_patch16_224_in22k,/hdd/edwin/results_backbones/ft_ckpts/cub_beitv2_base_patch16_224_in22k.pth,ft,6.0,32,86.95,0.7539,85.860488,48.68,1,48.68,48.68,0.0,5.0,86.97,0.9062,85.915784,73.11,raw_4999,True,0.9997700356444752,16.806444493489295,0.06436070000827608,-33.41540144987006
cub,beitv2_base_patch16_224_in22k,/hdd/edwin/results_backbones/ft_ckpts/cub_beitv2_base_patch16_224_in22k.pth,ft,6.0,128,86.95,0.7461,85.860488,49.61,1,49.61,49.61,0.0,7.0,86.97,0.9062,85.915784,73.11,raw_4999,True,0.9997700356444752,17.667181637607595,0.06436070000827608,-32.143345643550816
cub,beitv2_base_patch16_224_in22k,/hdd/edwin/results_backbones/ft_ckpts/cub_beitv2_base_patch16_224_in22k.pth,ft,6.0,512,86.64,0.7441,85.860488,49.39,1,49.39,49.39,0.0,9.0,86.97,0.9062,85.915784,73.11,raw_4999,True,0.9962055881338393,17.887883469432797,0.06436070000827608,-32.44426207085214
cub,beitv2_base_patch16_224_in22k,/hdd/edwin/results_backbones/ft_ckpts/cub_beitv2_base_patch16_224_in22k.pth,ft,8.0,8,87.0,0.7891,85.860488,48.64,1,48.64,48.64,0.0,3.0,86.97,0.9062,85.915784,73.11,raw_4999,True,1.0003449465332874,12.9220922533657,0.06436070000827608,-33.47011352756121
cub,beitv2_base_patch16_224_in22k,/hdd/edwin/results_backbones/ft_ckpts/cub_beitv2_base_patch16_224_in22k.pth,ft,8.0,32,87.06,0.7559,85.860488,50.06,1,50.06,50.06,0.0,5.0,86.97,0.9062,85.915784,73.11,raw_4999,True,1.001034839599862,16.585742661664092,0.06436070000827608,-31.527834769525366
cub,beitv2_base_patch16_224_in22k,/hdd/edwin/results_backbones/ft_ckpts/cub_beitv2_base_patch16_224_in22k.pth,ft,8.0,128,87.11,0.7461,85.860488,48.99,1,48.99,48.99,0.0,7.0,86.97,0.9062,85.915784,73.11,raw_4999,True,1.0016097504886743,17.667181637607595,0.06436070000827608,-32.99138284776364
cub,beitv2_base_patch16_224_in22k,/hdd/edwin/results_backbones/ft_ckpts/cub_beitv2_base_patch16_224_in22k.pth,ft,8.0,512,86.97,0.7441,85.860488,48.94,1,48.94,48.94,0.0,9.0,86.97,0.9062,85.915784,73.11,raw_4999,True,1.0,17.887883469432797,0.06436070000827608,-33.05977294487758
cub,beitv2_base_patch16_224_in22k,/hdd/edwin/results_backbones/fz_ckpts/cub_beitv2_base_patch16_224_in22k_fz.pth,fz,1.0,8,0.38,0.5352,11.542664,81.23,1,81.23,81.23,0.0,3.0,90.49,0.9062,85.915784,69.13,raw_4999,True,0.004199359045198365,40.94018980357537,86.56514151113373,17.503254737451194
cub,beitv2_base_patch16_224_in22k,/hdd/edwin/results_backbones/fz_ckpts/cub_beitv2_base_patch16_224_in22k_fz.pth,fz,1.0,32,0.55,0.5039,11.542664,57.76,1,57.76,57.76,0.0,5.0,90.49,0.9062,85.915784,69.13,raw_4999,True,0.006078019670681844,44.39417347163981,86.56514151113373,-16.4472732532909
cub,beitv2_base_patch16_224_in22k,/hdd/edwin/results_backbones/fz_ckpts/cub_beitv2_base_patch16_224_in22k_fz.pth,fz,1.0,128,0.35,0.4961,11.542664,59.63,1,59.63,59.63,0.0,7.0,90.49,0.9062,85.915784,69.13,raw_4999,True,0.0038678306995248092,45.254910615758114,86.56514151113373,-13.742224793866619
cub,beitv2_base_patch16_224_in22k,/hdd/edwin/results_backbones/fz_ckpts/cub_beitv2_base_patch16_224_in22k_fz.pth,fz,1.0,512,0.36,0.4941,11.542664,58.27,1,58.27,58.27,0.0,9.0,90.49,0.9062,85.915784,69.13,raw_4999,True,0.003978340148082661,45.475612447583316,86.56514151113373,-15.709532764357
cub,beitv2_base_patch16_224_in22k,/hdd/edwin/results_backbones/fz_ckpts/cub_beitv2_base_patch16_224_in22k_fz.pth,fz,1.58,8,18.43,0.5469,22.159496,58.79,1,58.79,58.79,0.0,3.0,90.49,0.9062,85.915784,69.13,raw_4999,True,0.20366891369212067,39.64908408739792,74.20788710954439,-14.957326775640093
cub,beitv2_base_patch16_224_in22k,/hdd/edwin/results_backbones/fz_ckpts/cub_beitv2_base_patch16_224_in22k_fz.pth,fz,1.58,32,0.6,0.5137,22.159496,62.85,1,62.85,62.85,0.0,5.0,90.49,0.9062,85.915784,69.13,raw_4999,True,0.006630566913471102,43.312734495696304,74.20788710954439,-9.084333863734985
cub,beitv2_base_patch16_224_in22k,/hdd/edwin/results_backbones/fz_ckpts/cub_beitv2_base_patch16_224_in22k_fz.pth,fz,1.58,128,0.64,0.5059,22.159496,56.8,1,56.8,56.8,0.0,7.0,90.49,0.9062,85.915784,69.13,raw_4999,True,0.007072604707702509,44.173471639814615,74.20788710954439,-17.83596123246058
cub,beitv2_base_patch16_224_in22k,/hdd/edwin/results_backbones/fz_ckpts/cub_beitv2_base_patch16_224_in22k_fz.pth,fz,1.58,512,0.5,0.5039,22.159496,60.61,1,60.61,60.61,0.0,9.0,90.49,0.9062,85.915784,69.13,raw_4999,True,0.005525472427892585,44.39417347163981,74.20788710954439,-12.324605815130907
cub,beitv2_base_patch16_224_in22k,/hdd/edwin/results_backbones/fz_ckpts/cub_beitv2_base_patch16_224_in22k_fz.pth,fz,2.0,8,72.87,0.5469,22.159496,58.89,1,58.89,58.89,0.0,3.0,90.49,0.9062,85.915784,69.13,raw_4999,True,0.8052823516410654,39.64908408739792,74.20788710954439,-14.812671777809918
cub,beitv2_base_patch16_224_in22k,/hdd/edwin/results_backbones/fz_ckpts/cub_beitv2_base_patch16_224_in22k_fz.pth,fz,2.0,32,14.33,0.5137,22.159496,59.65,1,59.65,59.65,0.0,5.0,90.49,0.9062,85.915784,69.13,raw_4999,True,0.1583600397834015,43.312734495696304,74.20788710954439,-13.71329379430059
cub,beitv2_base_patch16_224_in22k,/hdd/edwin/results_backbones/fz_ckpts/cub_beitv2_base_patch16_224_in22k_fz.pth,fz,2.0,128,1.26,0.5059,22.159496,63.53,1,63.53,63.53,0.0,7.0,90.49,0.9062,85.915784,69.13,raw_4999,True,0.013924190518289315,44.173471639814615,74.20788710954439,-8.100679878489794
cub,beitv2_base_patch16_224_in22k,/hdd/edwin/results_backbones/fz_ckpts/cub_beitv2_base_patch16_224_in22k_fz.pth,fz,2.0,512,0.59,0.5039,22.159496,55.46,1,55.46,55.46,0.0,9.0,90.49,0.9062,85.915784,69.13,raw_4999,True,0.00652005746491325,44.39417347163981,74.20788710954439,-19.77433820338492
cub,beitv2_base_patch16_224_in22k,/hdd/edwin/results_backbones/fz_ckpts/cub_beitv2_base_patch16_224_in22k_fz.pth,fz,3.0,8,88.57,0.5625,9.419528,62.69,1,62.69,62.69,0.0,3.0,90.49,0.9062,85.915784,69.13,raw_4999,True,0.9787821858768925,37.92760979916133,89.03632422186824,-9.31578186026327
cub,beitv2_base_patch16_224_in22k,/hdd/edwin/results_backbones/fz_ckpts/cub_beitv2_base_patch16_224_in22k_fz.pth,fz,3.0,32,87.45,0.5273,9.419912,60.21,1,60.21,60.21,0.0,5.0,90.49,0.9062,85.915784,69.13,raw_4999,True,0.9664051276384131,41.81196203928493,89.03587727256264,-12.903225806451605
cub,beitv2_base_patch16_224_in22k,/hdd/edwin/results_backbones/fz_ckpts/cub_beitv2_base_patch16_224_in22k_fz.pth,fz,3.0,128,23.3,0.5195,9.422984,50.48,1,50.48,50.48,0.0,7.0,90.49,0.9062,85.915784,69.13,raw_4999,True,0.2574870151397945,42.672699183403225,89.03230167811773,-26.978157095327642
cub,beitv2_base_patch16_224_in22k,/hdd/edwin/results_backbones/fz_ckpts/cub_beitv2_base_patch16_224_in22k_fz.pth,fz,3.0,512,35.83,0.5176,9.429128,49.22,1,49.22,49.22,0.0,9.0,90.49,0.9062,85.915784,69.13,raw_4999,True,0.3959553541827826,42.882365923637174,89.02515048922791,-28.800810067987843
cub,beitv2_base_patch16_224_in22k,/hdd/edwin/results_backbones/fz_ckpts/cub_beitv2_base_patch16_224_in22k_fz.pth,fz,4.0,8,89.9,0.7559,43.39316,49.58,1,49.58,49.58,0.0,3.0,90.49,0.9062,85.915784,69.13,raw_4999,True,0.9934799425350869,16.585742661664092,49.49337830636568,-28.28005207579922
cub,beitv2_base_patch16_224_in22k,/hdd/edwin/results_backbones/fz_ckpts/cub_beitv2_base_patch16_224_in22k_fz.pth,fz,4.0,32,89.8,0.7422,43.39316,49.74,1,49.74,49.74,0.0,5.0,90.49,0.9062,85.915784,69.13,raw_4999,True,0.9923748480495083,18.097550209666743,49.49337830636568,-28.04860407927093
cub,beitv2_base_patch16_224_in22k,/hdd/edwin/results_backbones/fz_ckpts/cub_beitv2_base_patch16_224_in22k_fz.pth,fz,4.0,128,86.85,0.7344,43.39316,48.94,1,48.94,48.94,0.0,7.0,90.49,0.9062,85.915784,69.13,raw_4999,True,0.9597745607249419,18.958287353785032,49.49337830636568,-29.205844061912337
cub,beitv2_base_patch16_224_in22k,/hdd/edwin/results_backbones/fz_ckpts/cub_beitv2_base_patch16_224_in22k_fz.pth,fz,4.0,512,88.21,0.7324,43.39316,48.43,1,48.43,48.43,0.0,9.0,90.49,0.9062,85.915784,69.13,raw_4999,True,0.9748038457288098,19.178989185610234,49.49337830636568,-29.94358455084623
cub,beitv2_base_patch16_224_in22k,/hdd/edwin/results_backbones/fz_ckpts/cub_beitv2_base_patch16_224_in22k_fz.pth,fz,5.0,8,90.11,0.791,85.860488,48.68,1,48.68,48.68,0.0,3.0,90.49,0.9062,85.915784,69.13,raw_4999,True,0.9958006409548017,12.712425513131755,0.06436070000827608,-29.58194705627079
cub,beitv2_base_patch16_224_in22k,/hdd/edwin/results_backbones/fz_ckpts/cub_beitv2_base_patch16_224_in22k_fz.pth,fz,5.0,32,90.3,0.7539,85.860488,49.05,1,49.05,49.05,0.0,5.0,90.49,0.9062,85.915784,69.13,raw_4999,True,0.9979003204774008,16.806444493489295,0.06436070000827608,-29.046723564299146
cub,beitv2_base_patch16_224_in22k,/hdd/edwin/results_backbones/fz_ckpts/cub_beitv2_base_patch16_224_in22k_fz.pth,fz,5.0,128,90.11,0.7461,85.860488,48.84,1,48.84,48.84,0.0,7.0,90.49,0.9062,85.915784,69.13,raw_4999,True,0.9958006409548017,17.667181637607595,0.06436070000827608,-29.350499059742504
cub,beitv2_base_patch16_224_in22k,/hdd/edwin/results_backbones/fz_ckpts/cub_beitv2_base_patch16_224_in22k_fz.pth,fz,5.0,512,90.06,0.7441,85.860488,51.48,1,51.48,51.48,0.0,9.0,90.49,0.9062,85.915784,69.13,raw_4999,True,0.9952480937120125,17.887883469432797,0.06436070000827608,-25.531607117025892
cub,beitv2_base_patch16_224_in22k,/hdd/edwin/results_backbones/fz_ckpts/cub_beitv2_base_patch16_224_in22k_fz.pth,fz,6.0,8,90.39,0.7891,85.860488,49.25,1,49.25,49.25,0.0,3.0,90.49,0.9062,85.915784,69.13,raw_4999,True,0.9988949055144215,12.9220922533657,0.06436070000827608,-28.757413568638793
cub,beitv2_base_patch16_224_in22k,/hdd/edwin/results_backbones/fz_ckpts/cub_beitv2_base_patch16_224_in22k_fz.pth,fz,6.0,32,90.27,0.7539,85.860488,49.63,1,49.63,49.63,0.0,5.0,90.49,0.9062,85.915784,69.13,raw_4999,True,0.9975687921317272,16.806444493489295,0.06436070000827608,-28.20772457688412
cub,beitv2_base_patch16_224_in22k,/hdd/edwin/results_backbones/fz_ckpts/cub_beitv2_base_patch16_224_in22k_fz.pth,fz,6.0,128,90.21,0.7461,85.860488,49.65,1,49.65,49.65,0.0,7.0,90.49,0.9062,85.915784,69.13,raw_4999,True,0.9969057354403802,17.667181637607595,0.06436070000827608,-28.178793577318096
cub,beitv2_base_patch16_224_in22k,/hdd/edwin/results_backbones/fz_ckpts/cub_beitv2_base_patch16_224_in22k_fz.pth,fz,6.0,512,90.42,0.7441,85.860488,49.37,1,49.37,49.37,0.0,9.0,90.49,0.9062,85.915784,69.13,raw_4999,True,0.9992264338600951,17.887883469432797,0.06436070000827608,-28.583827571242583
cub,beitv2_base_patch16_224_in22k,/hdd/edwin/results_backbones/fz_ckpts/cub_beitv2_base_patch16_224_in22k_fz.pth,fz,8.0,8,90.42,0.7891,85.860488,48.6,1,48.6,48.6,0.0,3.0,90.49,0.9062,85.915784,69.13,raw_4999,True,0.9992264338600951,12.9220922533657,0.06436070000827608,-29.69767105453493
cub,beitv2_base_patch16_224_in22k,/hdd/edwin/results_backbones/fz_ckpts/cub_beitv2_base_patch16_224_in22k_fz.pth,fz,8.0,32,90.51,0.7539,85.860488,49.05,1,49.05,49.05,0.0,5.0,90.49,0.9062,85.915784,69.13,raw_4999,True,1.000221018897116,16.806444493489295,0.06436070000827608,-29.046723564299146
cub,beitv2_base_patch16_224_in22k,/hdd/edwin/results_backbones/fz_ckpts/cub_beitv2_base_patch16_224_in22k_fz.pth,fz,8.0,128,90.46,0.7461,85.860488,48.86,1,48.86,48.86,0.0,7.0,90.49,0.9062,85.915784,69.13,raw_4999,True,0.9996684716543265,17.667181637607595,0.06436070000827608,-29.321568060176475
cub,beitv2_base_patch16_224_in22k,/hdd/edwin/results_backbones/fz_ckpts/cub_beitv2_base_patch16_224_in22k_fz.pth,fz,8.0,512,90.46,0.7441,85.860488,48.96,1,48.96,48.96,0.0,9.0,90.49,0.9062,85.915784,69.13,raw_4999,True,0.9996684716543265,17.887883469432797,0.06436070000827608,-29.176913062346298
cub,swin_base_patch4_window7_224_in22k,/hdd/edwin/results_backbones/cal_ckpts/cub_swin_base_patch4_window7_224_in22k_cal.pth,cal,1.0,8,0.54,1.8418,11.792888,869.38,1,869.38,869.38,0.0,3.0,90.73,2.334,93.329656,653.32,raw_4999,True,0.005951724898049157,21.088260497000856,87.36426500918421,33.07108308332822
cub,swin_base_patch4_window7_224_in22k,/hdd/edwin/results_backbones/cal_ckpts/cub_swin_base_patch4_window7_224_in22k_cal.pth,cal,1.0,32,0.41,1.793,11.792888,748.63,1,748.63,748.63,0.0,5.0,90.73,2.334,93.329656,653.32,raw_4999,True,0.0045189022374076925,23.179091688089123,87.36426500918421,14.5885630318986
cub,swin_base_patch4_window7_224_in22k,/hdd/edwin/results_backbones/cal_ckpts/cub_swin_base_patch4_window7_224_in22k_cal.pth,cal,1.0,128,0.5,1.7852,11.792888,793.21,1,793.21,793.21,0.0,7.0,90.73,2.334,93.329656,653.32,raw_4999,True,0.005510856387082552,23.513281919451593,87.36426500918421,21.412171676972996
cub,swin_base_patch4_window7_224_in22k,/hdd/edwin/results_backbones/cal_ckpts/cub_swin_base_patch4_window7_224_in22k_cal.pth,cal,1.0,512,0.52,1.7812,11.792888,622.43,1,622.43,622.43,0.0,9.0,90.73,2.334,93.329656,653.32,raw_4999,True,0.005731290642565855,23.684661525278496,87.36426500918421,-4.728157717504454
cub,swin_base_patch4_window7_224_in22k,/hdd/edwin/results_backbones/cal_ckpts/cub_swin_base_patch4_window7_224_in22k_cal.pth,cal,1.58,8,79.6,1.8496,23.425528,857.4,1,857.4,857.4,0.0,3.0,90.73,2.334,93.329656,653.32,raw_4999,True,0.8773283368235423,20.754070265638397,74.90023106910412,31.237372191269195
cub,swin_base_patch4_window7_224_in22k,/hdd/edwin/results_backbones/cal_ckpts/cub_swin_base_patch4_window7_224_in22k_cal.pth,cal,1.58,32,7.65,1.8066,23.425528,753.42,1,753.42,753.42,0.0,5.0,90.73,2.334,93.329656,653.32,raw_4999,True,0.08431610272236306,22.596401028277636,74.90023106910412,15.3217412600257
cub,swin_base_patch4_window7_224_in22k,/hdd/edwin/results_backbones/cal_ckpts/cub_swin_base_patch4_window7_224_in22k_cal.pth,cal,1.58,128,0.55,1.7988,23.425528,782.59,1,782.59,782.59,0.0,7.0,90.73,2.334,93.329656,653.32,raw_4999,True,0.006061942025790808,22.930591259640106,74.90023106910412,19.7866282985367
cub,swin_base_patch4_window7_224_in22k,/hdd/edwin/results_backbones/cal_ckpts/cub_swin_base_patch4_window7_224_in22k_cal.pth,cal,1.58,512,0.57,1.7949,23.425528,720.09,1,720.09,720.09,0.0,9.0,90.73,2.334,93.329656,653.32,raw_4999,True,0.006282376281274109,23.09768637532134,74.90023106910412,10.22010653278638
cub,swin_base_patch4_window7_224_in22k,/hdd/edwin/results_backbones/cal_ckpts/cub_swin_base_patch4_window7_224_in22k_cal.pth,cal,2.0,8,88.49,1.8359,23.425528,611.3,1,611.3,611.3,0.0,3.0,90.73,2.334,93.329656,653.32,raw_4999,True,0.9753113633858701,21.341045415595545,74.90023106910412,-6.431763913549269
cub,swin_base_patch4_window7_224_in22k,/hdd/edwin/results_backbones/cal_ckpts/cub_swin_base_patch4_window7_224_in22k_cal.pth,cal,2.0,32,75.27,1.8086,23.425528,875.5,1,875.5,875.5,0.0,5.0,90.73,2.334,93.329656,653.32,raw_4999,True,0.8296043205114074,22.510711225364183,74.90023106910412,34.00783689463049
cub,swin_base_patch4_window7_224_in22k,/hdd/edwin/results_backbones/cal_ckpts/cub_swin_base_patch4_window7_224_in22k_cal.pth,cal,2.0,128,23.44,1.7988,23.425528,714.89,1,714.89,714.89,0.0,7.0,90.73,2.334,93.329656,653.32,raw_4999,True,0.25834894742643005,22.930591259640106,74.90023106910412,9.424171921875946
cub,swin_base_patch4_window7_224_in22k,/hdd/edwin/results_backbones/cal_ckpts/cub_swin_base_patch4_window7_224_in22k_cal.pth,cal,2.0,512,0.41,1.7949,23.425528,851.72,1,851.72,851.72,0.0,9.0,90.73,2.334,93.329656,653.32,raw_4999,True,0.0045189022374076925,23.09768637532134,74.90023106910412,30.36796669319781
cub,swin_base_patch4_window7_224_in22k,/hdd/edwin/results_backbones/cal_ckpts/cub_swin_base_patch4_window7_224_in22k_cal.pth,cal,3.0,8,90.47,1.8848,9.466808,632.96,1,632.96,632.96,0.0,3.0,90.73,2.334,93.329656,653.32,raw_4999,True,0.997134354678717,19.24592973436161,89.85659177828748,-3.1163901304108266
cub,swin_base_patch4_window7_224_in22k,/hdd/edwin/results_backbones/cal_ckpts/cub_swin_base_patch4_window7_224_in22k_cal.pth,cal,3.0,32,89.68,1.8457,9.467736,773.51,1,773.51,773.51,0.0,5.0,90.73,2.334,93.329656,653.32,raw_4999,True,0.9884272015871267,20.921165381319632,89.8555974533968,18.39680401640849
cub,swin_base_patch4_window7_224_in22k,/hdd/edwin/results_backbones/cal_ckpts/cub_swin_base_patch4_window7_224_in22k_cal.pth,cal,3.0,128,88.28,1.8359,9.473528,431.05,1,431.05,431.05,0.0,7.0,90.73,2.334,93.329656,653.32,raw_4999,True,0.9729968037032954,21.341045415595545,89.8493914945963,-34.02161268597319
cub,swin_base_patch4_window7_224_in22k,/hdd/edwin/results_backbones/cal_ckpts/cub_swin_base_patch4_window7_224_in22k_cal.pth,cal,3.0,512,86.64,1.834,9.488376,431.28,1,431.28,431.28,0.0,9.0,90.73,2.334,93.329656,653.32,raw_4999,True,0.9549211947536647,21.422450728363323,89.83348229634534,-33.98640788587523
cub,swin_base_patch4_window7_224_in22k,/hdd/edwin/results_backbones/cal_ckpts/cub_swin_base_patch4_window7_224_in22k_cal.pth,cal,4.0,8,90.78,1.8652,46.690808,413.65,1,413.65,413.65,0.0,3.0,90.73,2.334,93.329656,653.32,raw_4999,True,1.0005510856387083,20.085689802913457,49.97216318894394,-36.68493234555808
cub,swin_base_patch4_window7_224_in22k,/hdd/edwin/results_backbones/cal_ckpts/cub_swin_base_patch4_window7_224_in22k_cal.pth,cal,4.0,32,90.54,1.8262,46.690808,411.88,1,411.88,411.88,0.0,5.0,90.73,2.334,93.329656,653.32,raw_4999,True,0.9979058745729087,21.756640959725793,49.97216318894394,-36.95585624196413
cub,swin_base_patch4_window7_224_in22k,/hdd/edwin/results_backbones/cal_ckpts/cub_swin_base_patch4_window7_224_in22k_cal.pth,cal,4.0,128,90.44,1.8164,46.690808,412.98,1,412.98,412.98,0.0,7.0,90.73,2.334,93.329656,653.32,raw_4999,True,0.9968037032954921,22.176520994001717,49.97216318894394,-36.78748545888692
cub,swin_base_patch4_window7_224_in22k,/hdd/edwin/results_backbones/cal_ckpts/cub_swin_base_patch4_window7_224_in22k_cal.pth,cal,4.0,512,90.44,1.8145,46.690808,414.37,1,414.37,414.37,0.0,9.0,90.73,2.334,93.329656,653.32,raw_4999,True,0.9968037032954921,22.257926306769498,49.97216318894394,-36.57472601481663
cub,swin_base_patch4_window7_224_in22k,/hdd/edwin/results_backbones/cal_ckpts/cub_swin_base_patch4_window7_224_in22k_cal.pth,cal,5.0,8,90.84,1.9141,93.221368,411.58,1,411.58,411.58,0.0,3.0,90.73,2.334,93.329656,653.32,raw_4999,True,1.0012123884051582,17.990574121679526,0.11602742862354674,-37.00177554643973
cub,swin_base_patch4_window7_224_in22k,/hdd/edwin/results_backbones/cal_ckpts/cub_swin_base_patch4_window7_224_in22k_cal.pth,cal,5.0,32,90.82,1.8828,93.221368,409.73,1,409.73,409.73,0.0,5.0,90.73,2.334,93.329656,653.32,raw_4999,True,1.0009919541496748,19.331619537275067,0.11602742862354674,-37.28494459070593
cub,swin_base_patch4_window7_224_in22k,/hdd/edwin/results_backbones/cal_ckpts/cub_swin_base_patch4_window7_224_in22k_cal.pth,cal,5.0,128,90.84,1.873,93.221368,411.07,1,411.07,411.07,0.0,7.0,90.73,2.334,93.329656,653.32,raw_4999,True,1.0012123884051582,19.751499571550987,0.11602742862354674,-37.07983836404826
cub,swin_base_patch4_window7_224_in22k,/hdd/edwin/results_backbones/cal_ckpts/cub_swin_base_patch4_window7_224_in22k_cal.pth,cal,5.0,512,90.71,1.8711,93.221368,411.94,1,411.94,411.94,0.0,9.0,90.73,2.334,93.329656,653.32,raw_4999,True,0.9997795657445165,19.83290488431877,0.11602742862354674,-36.94667238106901
cub,swin_base_patch4_window7_224_in22k,/hdd/edwin/results_backbones/cal_ckpts/cub_swin_base_patch4_window7_224_in22k_cal.pth,cal,6.0,8,90.77,1.9141,93.221368,411.26,1,411.26,411.26,0.0,3.0,90.73,2.334,93.329656,653.32,raw_4999,True,1.0004408685109665,17.990574121679526,0.11602742862354674,-37.05075613788037
cub,swin_base_patch4_window7_224_in22k,/hdd/edwin/results_backbones/cal_ckpts/cub_swin_base_patch4_window7_224_in22k_cal.pth,cal,6.0,32,90.75,1.8828,93.221368,410.38,1,410.38,410.38,0.0,5.0,90.73,2.334,93.329656,653.32,raw_4999,True,1.0002204342554832,19.331619537275067,0.11602742862354674,-37.18545276434214
cub,swin_base_patch4_window7_224_in22k,/hdd/edwin/results_backbones/cal_ckpts/cub_swin_base_patch4_window7_224_in22k_cal.pth,cal,6.0,128,90.84,1.873,93.221368,411.34,1,411.34,411.34,0.0,7.0,90.73,2.334,93.329656,653.32,raw_4999,True,1.0012123884051582,19.751499571550987,0.11602742862354674,-37.038510990020214
cub,swin_base_patch4_window7_224_in22k,/hdd/edwin/results_backbones/cal_ckpts/cub_swin_base_patch4_window7_224_in22k_cal.pth,cal,6.0,512,90.82,1.8711,93.221368,410.95,1,410.95,410.95,0.0,9.0,90.73,2.334,93.329656,653.32,raw_4999,True,1.0009919541496748,19.83290488431877,0.11602742862354674,-37.0982060858385
cub,swin_base_patch4_window7_224_in22k,/hdd/edwin/results_backbones/cal_ckpts/cub_swin_base_patch4_window7_224_in22k_cal.pth,cal,8.0,8,90.73,1.9141,93.221368,411.72,1,411.72,411.72,0.0,3.0,90.73,2.334,93.329656,653.32,raw_4999,True,1.0,17.990574121679526,0.11602742862354674,-36.98034653768445
cub,swin_base_patch4_window7_224_in22k,/hdd/edwin/results_backbones/cal_ckpts/cub_swin_base_patch4_window7_224_in22k_cal.pth,cal,8.0,32,90.71,1.8828,93.221368,411.66,1,411.66,411.66,0.0,5.0,90.73,2.334,93.329656,653.32,raw_4999,True,0.9997795657445165,19.331619537275067,0.11602742862354674,-36.98953039857957
cub,swin_base_patch4_window7_224_in22k,/hdd/edwin/results_backbones/cal_ckpts/cub_swin_base_patch4_window7_224_in22k_cal.pth,cal,8.0,128,90.66,1.873,93.221368,410.95,1,410.95,410.95,0.0,7.0,90.73,2.334,93.329656,653.32,raw_4999,True,0.9992284801058083,19.751499571550987,0.11602742862354674,-37.0982060858385
cub,swin_base_patch4_window7_224_in22k,/hdd/edwin/results_backbones/cal_ckpts/cub_swin_base_patch4_window7_224_in22k_cal.pth,cal,8.0,512,90.78,1.8711,93.221368,410.01,1,410.01,410.01,0.0,9.0,90.73,2.334,93.329656,653.32,raw_4999,True,1.0005510856387083,19.83290488431877,0.11602742862354674,-37.24208657319538
cub,swin_base_patch4_window7_224_in22k,/hdd/edwin/results_backbones/ft_ckpts/cub_swin_base_patch4_window7_224_in22k.pth,ft,1.0,8,0.54,1.4473,11.145856,117.67,1,117.67,117.67,0.0,3.0,90.52,1.7461,86.948224,76.96,raw_4999,True,0.005965532479010164,17.112421968959392,87.18104236378653,52.89760914760917
cub,swin_base_patch4_window7_224_in22k,/hdd/edwin/results_backbones/ft_ckpts/cub_swin_base_patch4_window7_224_in22k.pth,ft,1.0,32,0.36,1.418,11.145856,83.42,1,83.42,83.42,0.0,5.0,90.52,1.7461,86.948224,76.96,raw_4999,True,0.003977021652673442,18.79044728251532,87.18104236378653,8.393970893970906
cub,swin_base_patch4_window7_224_in22k,/hdd/edwin/results_backbones/ft_ckpts/cub_swin_base_patch4_window7_224_in22k.pth,ft,1.0,128,0.52,1.4102,11.145856,85.28,1,85.28,85.28,0.0,7.0,90.52,1.7461,86.948224,76.96,raw_4999,True,0.005744586831639417,19.23715709295001,87.18104236378653,10.810810810810821
cub,swin_base_patch4_window7_224_in22k,/hdd/edwin/results_backbones/ft_ckpts/cub_swin_base_patch4_window7_224_in22k.pth,ft,1.0,512,0.52,1.4062,11.145856,77.08,1,77.08,77.08,0.0,9.0,90.52,1.7461,86.948224,76.96,raw_4999,True,0.005744586831639417,19.466239047019076,87.18104236378653,0.15592515592516185
cub,swin_base_patch4_window7_224_in22k,/hdd/edwin/results_backbones/ft_ckpts/cub_swin_base_patch4_window7_224_in22k.pth,ft,1.58,8,74.32,1.459,21.959296,77.73,1,77.73,77.73,0.0,3.0,90.52,1.7461,86.948224,76.96,raw_4999,True,0.8210340256296951,16.442357253307364,74.74439960958836,1.0005197505197638
cub,swin_base_patch4_window7_224_in22k,/hdd/edwin/results_backbones/ft_ckpts/cub_swin_base_patch4_window7_224_in22k.pth,ft,1.58,32,2.23,1.4297,21.959296,85.0,1,85.0,85.0,0.0,5.0,90.52,1.7461,86.948224,76.96,raw_4999,True,0.02463543968183827,18.120382566863295,74.74439960958836,10.446985446985456
cub,swin_base_patch4_window7_224_in22k,/hdd/edwin/results_backbones/ft_ckpts/cub_swin_base_patch4_window7_224_in22k.pth,ft,1.58,128,0.4,1.4199,21.959296,81.75,1,81.75,81.75,0.0,7.0,90.52,1.7461,86.948224,76.96,raw_4999,True,0.004418912947414936,18.681633354332515,74.74439960958836,6.224012474012483
cub,swin_base_patch4_window7_224_in22k,/hdd/edwin/results_backbones/ft_ckpts/cub_swin_base_patch4_window7_224_in22k.pth,ft,1.58,512,0.62,1.418,21.959296,84.65,1,84.65,84.65,0.0,9.0,90.52,1.7461,86.948224,76.96,raw_4999,True,0.006849315068493151,18.79044728251532,74.74439960958836,9.992203742203758
cub,swin_base_patch4_window7_224_in22k,/hdd/edwin/results_backbones/ft_ckpts/cub_swin_base_patch4_window7_224_in22k.pth,ft,2.0,8,87.23,1.459,21.959296,82.52,1,82.52,82.52,0.0,3.0,90.52,1.7461,86.948224,76.96,raw_4999,True,0.9636544410075122,16.442357253307364,74.74439960958836,7.224532224532228
cub,swin_base_patch4_window7_224_in22k,/hdd/edwin/results_backbones/ft_ckpts/cub_swin_base_patch4_window7_224_in22k.pth,ft,2.0,32,67.54,1.4277,21.959296,80.81,1,80.81,80.81,0.0,5.0,90.52,1.7461,86.948224,76.96,raw_4999,True,0.746133451171012,18.234923543897832,74.74439960958836,5.0025987525987645
cub,swin_base_patch4_window7_224_in22k,/hdd/edwin/results_backbones/ft_ckpts/cub_swin_base_patch4_window7_224_in22k.pth,ft,2.0,128,9.58,1.4199,21.959296,85.05,1,85.05,85.05,0.0,7.0,90.52,1.7461,86.948224,76.96,raw_4999,True,0.10583296509058772,18.681633354332515,74.74439960958836,10.511954261954267
cub,swin_base_patch4_window7_224_in22k,/hdd/edwin/results_backbones/ft_ckpts/cub_swin_base_patch4_window7_224_in22k.pth,ft,2.0,512,0.57,1.418,21.959296,86.14,1,86.14,86.14,0.0,9.0,90.52,1.7461,86.948224,76.96,raw_4999,True,0.006296950950066283,18.79044728251532,74.74439960958836,11.928274428274438
cub,swin_base_patch4_window7_224_in22k,/hdd/edwin/results_backbones/ft_ckpts/cub_swin_base_patch4_window7_224_in22k.pth,ft,3.0,8,90.32,1.502,8.983616,89.55,1,89.55,89.55,0.0,3.0,90.52,1.7461,86.948224,76.96,raw_4999,True,0.9977905435262925,13.979726247064885,89.66785566545903,16.359147609147616
cub,swin_base_patch4_window7_224_in22k,/hdd/edwin/results_backbones/ft_ckpts/cub_swin_base_patch4_window7_224_in22k.pth,ft,3.0,32,88.61,1.4863,8.984544,86.34,1,86.34,86.34,0.0,5.0,90.52,1.7461,86.948224,76.96,raw_4999,True,0.9788996906760937,14.878872916785983,89.66678836361281,12.188149688149702
cub,swin_base_patch4_window7_224_in22k,/hdd/edwin/results_backbones/ft_ckpts/cub_swin_base_patch4_window7_224_in22k.pth,ft,3.0,128,86.9,1.4766,8.990336,66.51,1,66.51,66.51,0.0,7.0,90.52,1.7461,86.948224,76.96,raw_4999,True,0.960008837825895,15.434396655403475,89.66012692795196,-13.578482328482314
cub,swin_base_patch4_window7_224_in22k,/hdd/edwin/results_backbones/ft_ckpts/cub_swin_base_patch4_window7_224_in22k.pth,ft,3.0,512,85.59,1.4746,9.005184,66.01,1,66.01,66.01,0.0,9.0,90.52,1.7461,86.948224,76.96,raw_4999,True,0.945536897923111,15.548937632438008,89.6430500984126,-14.228170478170465
cub,swin_base_patch4_window7_224_in22k,/hdd/edwin/results_backbones/ft_ckpts/cub_swin_base_patch4_window7_224_in22k.pth,ft,4.0,8,90.32,1.4883,43.586176,63.41,1,63.41,63.41,0.0,3.0,90.52,1.7461,86.948224,76.96,raw_4999,True,0.9977905435262925,14.764331939751447,49.87111410119199,-17.606548856548855
cub,swin_base_patch4_window7_224_in22k,/hdd/edwin/results_backbones/ft_ckpts/cub_swin_base_patch4_window7_224_in22k.pth,ft,4.0,32,90.25,1.4766,43.586176,63.51,1,63.51,63.51,0.0,5.0,90.52,1.7461,86.948224,76.96,raw_4999,True,0.997017233760495,15.434396655403475,49.87111410119199,-17.476611226611222
cub,swin_base_patch4_window7_224_in22k,/hdd/edwin/results_backbones/ft_ckpts/cub_swin_base_patch4_window7_224_in22k.pth,ft,4.0,128,89.75,1.4688,43.586176,62.6,1,62.6,62.6,0.0,7.0,90.52,1.7461,86.948224,76.96,raw_4999,True,0.9914935925762263,15.881106465838148,49.87111410119199,-18.65904365904365
cub,swin_base_patch4_window7_224_in22k,/hdd/edwin/results_backbones/ft_ckpts/cub_swin_base_patch4_window7_224_in22k.pth,ft,4.0,512,89.8,1.4668,43.586176,62.69,1,62.69,62.69,0.0,9.0,90.52,1.7461,86.948224,76.96,raw_4999,True,0.9920459566946531,15.99564744287268,49.87111410119199,-18.542099792099787
cub,swin_base_patch4_window7_224_in22k,/hdd/edwin/results_backbones/ft_ckpts/cub_swin_base_patch4_window7_224_in22k.pth,ft,5.0,8,90.35,1.5352,86.839936,62.82,1,62.82,62.82,0.0,3.0,90.52,1.7461,86.948224,76.96,raw_4999,True,0.9981219619973486,12.078346028291627,0.1245430843992877,-18.373180873180864
cub,swin_base_patch4_window7_224_in22k,/hdd/edwin/results_backbones/ft_ckpts/cub_swin_base_patch4_window7_224_in22k.pth,ft,5.0,32,90.39,1.5234,86.839936,62.48,1,62.48,62.48,0.0,5.0,90.52,1.7461,86.948224,76.96,raw_4999,True,0.9985638532920902,12.754137792795367,0.1245430843992877,-18.814968814968815
cub,swin_base_patch4_window7_224_in22k,/hdd/edwin/results_backbones/ft_ckpts/cub_swin_base_patch4_window7_224_in22k.pth,ft,5.0,128,90.37,1.5156,86.839936,62.48,1,62.48,62.48,0.0,7.0,90.52,1.7461,86.948224,76.96,raw_4999,True,0.9983429076447194,13.200847603230052,0.1245430843992877,-18.814968814968815
cub,swin_base_patch4_window7_224_in22k,/hdd/edwin/results_backbones/ft_ckpts/cub_swin_base_patch4_window7_224_in22k.pth,ft,5.0,512,90.2,1.5117,86.839936,62.52,1,62.52,62.52,0.0,9.0,90.52,1.7461,86.948224,76.96,raw_4999,True,0.9964648696420682,13.424202508447394,0.1245430843992877,-18.76299376299375
cub,swin_base_patch4_window7_224_in22k,/hdd/edwin/results_backbones/ft_ckpts/cub_swin_base_patch4_window7_224_in22k.pth,ft,6.0,8,90.42,1.5352,86.839936,62.34,1,62.34,62.34,0.0,3.0,90.52,1.7461,86.948224,76.96,raw_4999,True,0.9988952717631463,12.078346028291627,0.1245430843992877,-18.996881496881485
cub,swin_base_patch4_window7_224_in22k,/hdd/edwin/results_backbones/ft_ckpts/cub_swin_base_patch4_window7_224_in22k.pth,ft,6.0,32,90.58,1.5254,86.839936,62.42,1,62.42,62.42,0.0,5.0,90.52,1.7461,86.948224,76.96,raw_4999,True,1.0006628369421122,12.639596815760832,0.1245430843992877,-18.892931392931384
cub,swin_base_patch4_window7_224_in22k,/hdd/edwin/results_backbones/ft_ckpts/cub_swin_base_patch4_window7_224_in22k.pth,ft,6.0,128,90.66,1.5156,86.839936,62.43,1,62.43,62.43,0.0,7.0,90.52,1.7461,86.948224,76.96,raw_4999,True,1.0015466195315952,13.200847603230052,0.1245430843992877,-18.879937629937622
cub,swin_base_patch4_window7_224_in22k,/hdd/edwin/results_backbones/ft_ckpts/cub_swin_base_patch4_window7_224_in22k.pth,ft,6.0,512,90.51,1.5117,86.839936,62.05,1,62.05,62.05,0.0,9.0,90.52,1.7461,86.948224,76.96,raw_4999,True,0.9998895271763147,13.424202508447394,0.1245430843992877,-19.373700623700618
cub,swin_base_patch4_window7_224_in22k,/hdd/edwin/results_backbones/ft_ckpts/cub_swin_base_patch4_window7_224_in22k.pth,ft,8.0,8,90.52,1.5352,86.839936,62.56,1,62.56,62.56,0.0,3.0,90.52,1.7461,86.948224,76.96,raw_4999,True,1.0,12.078346028291627,0.1245430843992877,-18.7110187110187
cub,swin_base_patch4_window7_224_in22k,/hdd/edwin/results_backbones/ft_ckpts/cub_swin_base_patch4_window7_224_in22k.pth,ft,8.0,32,90.52,1.5234,86.839936,62.36,1,62.36,62.36,0.0,5.0,90.52,1.7461,86.948224,76.96,raw_4999,True,1.0,12.754137792795367,0.1245430843992877,-18.970893970893968
cub,swin_base_patch4_window7_224_in22k,/hdd/edwin/results_backbones/ft_ckpts/cub_swin_base_patch4_window7_224_in22k.pth,ft,8.0,128,90.47,1.5156,86.839936,62.18,1,62.18,62.18,0.0,7.0,90.52,1.7461,86.948224,76.96,raw_4999,True,0.9994476358815731,13.200847603230052,0.1245430843992877,-19.2047817047817
cub,swin_base_patch4_window7_224_in22k,/hdd/edwin/results_backbones/ft_ckpts/cub_swin_base_patch4_window7_224_in22k.pth,ft,8.0,512,90.49,1.5117,86.839936,62.1,1,62.1,62.1,0.0,9.0,90.52,1.7461,86.948224,76.96,raw_4999,True,0.9996685815289439,13.424202508447394,0.1245430843992877,-19.308731808731803
cub,swin_base_patch4_window7_224_in22k,/hdd/edwin/results_backbones/fz_ckpts/cub_swin_base_patch4_window7_224_in22k_fz.pth,fz,1.0,8,0.52,1.4473,11.145856,111.19,1,111.19,111.19,0.0,3.0,91.09,1.7461,86.948224,90.69,raw_4999,True,0.005708639806784499,17.112421968959392,87.18104236378653,22.60447678906164
cub,swin_base_patch4_window7_224_in22k,/hdd/edwin/results_backbones/fz_ckpts/cub_swin_base_patch4_window7_224_in22k_fz.pth,fz,1.0,32,0.47,1.418,11.145856,82.32,1,82.32,82.32,0.0,5.0,91.09,1.7461,86.948224,90.69,raw_4999,True,0.00515973213305522,18.79044728251532,87.18104236378653,-9.22924247436322
cub,swin_base_patch4_window7_224_in22k,/hdd/edwin/results_backbones/fz_ckpts/cub_swin_base_patch4_window7_224_in22k_fz.pth,fz,1.0,128,0.5,1.4102,11.145856,87.08,1,87.08,87.08,0.0,7.0,91.09,1.7461,86.948224,90.69,raw_4999,True,0.0054890767372927874,19.23715709295001,87.18104236378653,-3.980593229683537
cub,swin_base_patch4_window7_224_in22k,/hdd/edwin/results_backbones/fz_ckpts/cub_swin_base_patch4_window7_224_in22k_fz.pth,fz,1.0,512,0.52,1.4062,11.145856,84.06,1,84.06,84.06,0.0,9.0,91.09,1.7461,86.948224,90.69,raw_4999,True,0.005708639806784499,19.466239047019076,87.18104236378653,-7.310618590803832
cub,swin_base_patch4_window7_224_in22k,/hdd/edwin/results_backbones/fz_ckpts/cub_swin_base_patch4_window7_224_in22k_fz.pth,fz,1.58,8,84.66,1.457,21.959296,80.23,1,80.23,80.23,0.0,3.0,91.09,1.7461,86.948224,90.69,raw_4999,True,0.9294104731584146,16.5568982303419,74.74439960958836,-11.53379644944315
cub,swin_base_patch4_window7_224_in22k,/hdd/edwin/results_backbones/fz_ckpts/cub_swin_base_patch4_window7_224_in22k_fz.pth,fz,1.58,32,8.53,1.4277,21.959296,76.99,1,76.99,76.99,0.0,5.0,91.09,1.7461,86.948224,90.69,raw_4999,True,0.09364364913821493,18.234923543897832,74.74439960958836,-15.106406439519244
cub,swin_base_patch4_window7_224_in22k,/hdd/edwin/results_backbones/fz_ckpts/cub_swin_base_patch4_window7_224_in22k_fz.pth,fz,1.58,128,0.38,1.4199,21.959296,86.47,1,86.47,86.47,0.0,7.0,91.09,1.7461,86.948224,90.69,raw_4999,True,0.004171698320342518,18.681633354332515,74.74439960958836,-4.653214246333663
cub,swin_base_patch4_window7_224_in22k,/hdd/edwin/results_backbones/fz_ckpts/cub_swin_base_patch4_window7_224_in22k_fz.pth,fz,1.58,512,0.54,1.418,21.959296,85.23,1,85.23,85.23,0.0,9.0,91.09,1.7461,86.948224,90.69,raw_4999,True,0.005928202876276211,18.79044728251532,74.74439960958836,-6.0205094277208
cub,swin_base_patch4_window7_224_in22k,/hdd/edwin/results_backbones/fz_ckpts/cub_swin_base_patch4_window7_224_in22k_fz.pth,fz,2.0,8,89.09,1.459,21.959296,82.56,1,82.56,82.56,0.0,3.0,91.09,1.7461,86.948224,90.69,raw_4999,True,0.9780436930508288,16.442357253307364,74.74439960958836,-8.964604697320537
cub,swin_base_patch4_window7_224_in22k,/hdd/edwin/results_backbones/fz_ckpts/cub_swin_base_patch4_window7_224_in22k_fz.pth,fz,2.0,32,80.27,1.4297,21.959296,85.45,1,85.45,85.45,0.0,5.0,91.09,1.7461,86.948224,90.69,raw_4999,True,0.881216379404984,18.120382566863295,74.74439960958836,-5.777924798765019
cub,swin_base_patch4_window7_224_in22k,/hdd/edwin/results_backbones/fz_ckpts/cub_swin_base_patch4_window7_224_in22k_fz.pth,fz,2.0,128,33.62,1.4199,21.959296,87.84,1,87.84,87.84,0.0,7.0,91.09,1.7461,86.948224,90.69,raw_4999,True,0.369085519815567,18.681633354332515,74.74439960958836,-3.142573602381734
cub,swin_base_patch4_window7_224_in22k,/hdd/edwin/results_backbones/fz_ckpts/cub_swin_base_patch4_window7_224_in22k_fz.pth,fz,2.0,512,1.23,1.418,21.959296,77.05,1,77.05,77.05,0.0,9.0,91.09,1.7461,86.948224,90.69,raw_4999,True,0.013503128773740256,18.79044728251532,74.74439960958836,-15.040246995258574
cub,swin_base_patch4_window7_224_in22k,/hdd/edwin/results_backbones/fz_ckpts/cub_swin_base_patch4_window7_224_in22k_fz.pth,fz,3.0,8,90.73,1.5,8.983616,89.43,1,89.43,89.43,0.0,3.0,91.09,1.7461,86.948224,90.69,raw_4999,True,0.9960478647491492,14.094267224099422,89.66785566545903,-1.3893483294740223
cub,swin_base_patch4_window7_224_in22k,/hdd/edwin/results_backbones/fz_ckpts/cub_swin_base_patch4_window7_224_in22k_fz.pth,fz,3.0,32,89.99,1.4863,8.984544,79.27,1,79.27,79.27,0.0,5.0,91.09,1.7461,86.948224,90.69,raw_4999,True,0.9879240311779558,14.878872916785983,89.66678836361281,-12.592347557613852
cub,swin_base_patch4_window7_224_in22k,/hdd/edwin/results_backbones/fz_ckpts/cub_swin_base_patch4_window7_224_in22k_fz.pth,fz,3.0,128,88.68,1.4766,8.990336,65.58,1,65.58,65.58,0.0,7.0,91.09,1.7461,86.948224,90.69,raw_4999,True,0.9735426501262489,15.434396655403475,89.66012692795196,-27.687727423089648
cub,swin_base_patch4_window7_224_in22k,/hdd/edwin/results_backbones/fz_ckpts/cub_swin_base_patch4_window7_224_in22k_fz.pth,fz,3.0,512,87.02,1.4746,9.005184,65.33,1,65.33,65.33,0.0,9.0,91.09,1.7461,86.948224,90.69,raw_4999,True,0.9553189153584366,15.548937632438008,89.6430500984126,-27.963391774175765
cub,swin_base_patch4_window7_224_in22k,/hdd/edwin/results_backbones/fz_ckpts/cub_swin_base_patch4_window7_224_in22k_fz.pth,fz,4.0,8,91.01,1.4883,43.586176,62.76,1,62.76,62.76,0.0,3.0,91.09,1.7461,86.948224,90.69,raw_4999,True,0.9991217477220332,14.764331939751447,49.87111410119199,-30.797221303341054
cub,swin_base_patch4_window7_224_in22k,/hdd/edwin/results_backbones/fz_ckpts/cub_swin_base_patch4_window7_224_in22k_fz.pth,fz,4.0,32,90.75,1.4766,43.586176,63.46,1,63.46,63.46,0.0,5.0,91.09,1.7461,86.948224,90.69,raw_4999,True,0.9962674278186409,15.434396655403475,49.87111410119199,-30.02536112029992
cub,swin_base_patch4_window7_224_in22k,/hdd/edwin/results_backbones/fz_ckpts/cub_swin_base_patch4_window7_224_in22k_fz.pth,fz,4.0,128,90.49,1.4688,43.586176,63.15,1,63.15,63.15,0.0,7.0,91.09,1.7461,86.948224,90.69,raw_4999,True,0.9934131079152486,15.881106465838148,49.87111410119199,-30.36718491564671
cub,swin_base_patch4_window7_224_in22k,/hdd/edwin/results_backbones/fz_ckpts/cub_swin_base_patch4_window7_224_in22k_fz.pth,fz,4.0,512,90.65,1.4668,43.586176,62.54,1,62.54,62.54,0.0,9.0,91.09,1.7461,86.948224,90.69,raw_4999,True,0.9951696124711824,15.99564744287268,49.87111410119199,-31.039805932296836
cub,swin_base_patch4_window7_224_in22k,/hdd/edwin/results_backbones/fz_ckpts/cub_swin_base_patch4_window7_224_in22k_fz.pth,fz,5.0,8,91.01,1.5352,86.839936,62.63,1,62.63,62.63,0.0,3.0,91.09,1.7461,86.948224,90.69,raw_4999,True,0.9991217477220332,12.078346028291627,0.1245430843992877,-30.940566765905828
cub,swin_base_patch4_window7_224_in22k,/hdd/edwin/results_backbones/fz_ckpts/cub_swin_base_patch4_window7_224_in22k_fz.pth,fz,5.0,32,91.03,1.5234,86.839936,62.81,1,62.81,62.81,0.0,5.0,91.09,1.7461,86.948224,90.69,raw_4999,True,0.9993413107915249,12.754137792795367,0.1245430843992877,-30.742088433123826
cub,swin_base_patch4_window7_224_in22k,/hdd/edwin/results_backbones/fz_ckpts/cub_swin_base_patch4_window7_224_in22k_fz.pth,fz,5.0,128,90.97,1.5137,86.839936,62.21,1,62.21,62.21,0.0,7.0,91.09,1.7461,86.948224,90.69,raw_4999,True,0.9986826215830497,13.30966153141286,0.1245430843992877,-31.403682875730507
cub,swin_base_patch4_window7_224_in22k,/hdd/edwin/results_backbones/fz_ckpts/cub_swin_base_patch4_window7_224_in22k_fz.pth,fz,5.0,512,90.94,1.5117,86.839936,65.72,1,65.72,65.72,0.0,9.0,91.09,1.7461,86.948224,90.69,raw_4999,True,0.9983532769788122,13.424202508447394,0.1245430843992877,-27.53335538648142
cub,swin_base_patch4_window7_224_in22k,/hdd/edwin/results_backbones/fz_ckpts/cub_swin_base_patch4_window7_224_in22k_fz.pth,fz,6.0,8,91.03,1.5371,86.839936,62.57,1,62.57,62.57,0.0,3.0,91.09,1.7461,86.948224,90.69,raw_4999,True,0.9993413107915249,11.969532100108816,0.1245430843992877,-31.006726210166498
cub,swin_base_patch4_window7_224_in22k,/hdd/edwin/results_backbones/fz_ckpts/cub_swin_base_patch4_window7_224_in22k_fz.pth,fz,6.0,32,91.08,1.5234,86.839936,62.65,1,62.65,62.65,0.0,5.0,91.09,1.7461,86.948224,90.69,raw_4999,True,0.999890218465254,12.754137792795367,0.1245430843992877,-30.918513617818945
cub,swin_base_patch4_window7_224_in22k,/hdd/edwin/results_backbones/fz_ckpts/cub_swin_base_patch4_window7_224_in22k_fz.pth,fz,6.0,128,90.97,1.5137,86.839936,62.95,1,62.95,62.95,0.0,7.0,91.09,1.7461,86.948224,90.69,raw_4999,True,0.9986826215830497,13.30966153141286,0.1245430843992877,-30.5877163965156
cub,swin_base_patch4_window7_224_in22k,/hdd/edwin/results_backbones/fz_ckpts/cub_swin_base_patch4_window7_224_in22k_fz.pth,fz,6.0,512,91.09,1.5117,86.839936,62.68,1,62.68,62.68,0.0,9.0,91.09,1.7461,86.948224,90.69,raw_4999,True,1.0,13.424202508447394,0.1245430843992877,-30.88543389568861
cub,swin_base_patch4_window7_224_in22k,/hdd/edwin/results_backbones/fz_ckpts/cub_swin_base_patch4_window7_224_in22k_fz.pth,fz,8.0,8,91.11,1.5352,86.839936,62.32,1,62.32,62.32,0.0,3.0,91.09,1.7461,86.948224,90.69,raw_4999,True,1.0002195630694917,12.078346028291627,0.1245430843992877,-31.282390561252615
cub,swin_base_patch4_window7_224_in22k,/hdd/edwin/results_backbones/fz_ckpts/cub_swin_base_patch4_window7_224_in22k_fz.pth,fz,8.0,32,91.06,1.5254,86.839936,62.25,1,62.25,62.25,0.0,5.0,91.09,1.7461,86.948224,90.69,raw_4999,True,0.9996706553957624,12.639596815760832,0.1245430843992877,-31.359576579556734
cub,swin_base_patch4_window7_224_in22k,/hdd/edwin/results_backbones/fz_ckpts/cub_swin_base_patch4_window7_224_in22k_fz.pth,fz,8.0,128,91.11,1.5156,86.839936,62.93,1,62.93,62.93,0.0,7.0,91.09,1.7461,86.948224,90.69,raw_4999,True,1.0002195630694917,13.200847603230052,0.1245430843992877,-30.609769544602493
cub,swin_base_patch4_window7_224_in22k,/hdd/edwin/results_backbones/fz_ckpts/cub_swin_base_patch4_window7_224_in22k_fz.pth,fz,8.0,512,91.09,1.5117,86.839936,62.32,1,62.32,62.32,0.0,9.0,91.09,1.7461,86.948224,90.69,raw_4999,True,1.0,13.424202508447394,0.1245430843992877,-31.282390561252615
cub,vit_b16,/hdd/edwin/results_backbones/cal_ckpts/cub_vit_b16_cal.pth,cal,1.0,8,0.83,1.0039,12.035392,1480.91,1,1480.91,1480.91,0.0,3.0,88.73,1.4512,90.73696,1005.97,raw_4999,True,0.009354220669446635,30.822767364939363,86.7359541249784,47.21214350328539
cub,vit_b16,/hdd/edwin/results_backbones/cal_ckpts/cub_vit_b16_cal.pth,cal,1.0,32,0.62,0.9746,12.035392,480.89,1,480.89,480.89,0.0,5.0,88.73,1.4512,90.73696,1005.97,raw_4999,True,0.006987490138622788,32.84178610804851,86.7359541249784,-52.19638756622962
cub,vit_b16,/hdd/edwin/results_backbones/cal_ckpts/cub_vit_b16_cal.pth,cal,1.0,128,0.41,0.9648,12.035392,794.19,1,794.19,794.19,0.0,7.0,88.73,1.4512,90.73696,1005.97,raw_4999,True,0.00462075960779894,33.51708930540243,86.7359541249784,-21.05231766354861
cub,vit_b16,/hdd/edwin/results_backbones/cal_ckpts/cub_vit_b16_cal.pth,cal,1.0,512,0.47,0.9629,12.035392,517.7,1,517.7,517.7,0.0,9.0,88.73,1.4512,90.73696,1005.97,raw_4999,True,0.005296968330891468,33.648015435501655,86.7359541249784,-48.53723272065767
cub,vit_b16,/hdd/edwin/results_backbones/cal_ckpts/cub_vit_b16_cal.pth,cal,1.58,8,82.64,1.0117,23.266624,565.27,1,565.27,565.27,0.0,3.0,88.73,1.4512,90.73696,1005.97,raw_4999,True,0.9313648146061084,30.285281146637267,74.35816231886103,-43.80846347306581
cub,vit_b16,/hdd/edwin/results_backbones/cal_ckpts/cub_vit_b16_cal.pth,cal,1.58,32,29.27,0.9844,23.266624,795.9,1,795.9,795.9,0.0,5.0,88.73,1.4512,90.73696,1005.97,raw_4999,True,0.3298771554153048,32.1664829106946,74.35816231886103,-20.882332475123516
cub,vit_b16,/hdd/edwin/results_backbones/cal_ckpts/cub_vit_b16_cal.pth,cal,1.58,128,0.64,0.9746,23.266624,490.0,1,490.0,490.0,0.0,7.0,88.73,1.4512,90.73696,1005.97,raw_4999,True,0.007212893046320297,32.84178610804851,74.35816231886103,-51.29079396005845
cub,vit_b16,/hdd/edwin/results_backbones/cal_ckpts/cub_vit_b16_cal.pth,cal,1.58,512,0.78,0.9727,23.266624,781.43,1,781.43,781.43,0.0,9.0,88.73,1.4512,90.73696,1005.97,raw_4999,True,0.008790713400202863,32.97271223814774,74.35816231886103,-22.320745151445873
cub,vit_b16,/hdd/edwin/results_backbones/cal_ckpts/cub_vit_b16_cal.pth,cal,2.0,8,85.5,1.0137,23.266624,519.66,1,519.66,519.66,0.0,3.0,88.73,1.4512,90.73696,1005.97,raw_4999,True,0.9635974304068522,30.147464167585447,74.35816231886103,-48.34239589649791
cub,vit_b16,/hdd/edwin/results_backbones/cal_ckpts/cub_vit_b16_cal.pth,cal,2.0,32,76.58,0.9824,23.266624,633.22,1,633.22,633.22,0.0,5.0,88.73,1.4512,90.73696,1005.97,raw_4999,True,0.8630677335737631,32.30429988974642,74.35816231886103,-37.053788880384104
cub,vit_b16,/hdd/edwin/results_backbones/cal_ckpts/cub_vit_b16_cal.pth,cal,2.0,128,28.68,0.9746,23.266624,773.35,1,773.35,773.35,0.0,7.0,88.73,1.4512,90.73696,1005.97,raw_4999,True,0.3232277696382283,32.84178610804851,74.35816231886103,-23.12395001839021
cub,vit_b16,/hdd/edwin/results_backbones/cal_ckpts/cub_vit_b16_cal.pth,cal,2.0,512,0.86,0.9727,23.266624,483.1,1,483.1,483.1,0.0,9.0,88.73,1.4512,90.73696,1005.97,raw_4999,True,0.009692325030992899,32.97271223814774,74.35816231886103,-51.976699106335175
cub,vit_b16,/hdd/edwin/results_backbones/cal_ckpts/cub_vit_b16_cal.pth,cal,3.0,8,88.04,1.0273,9.789376,672.54,1,672.54,672.54,0.0,3.0,88.73,1.4512,90.73696,1005.97,raw_4999,True,0.992223599684436,29.210308710033072,89.21125856541809,-33.14512361203615
cub,vit_b16,/hdd/edwin/results_backbones/cal_ckpts/cub_vit_b16_cal.pth,cal,3.0,32,87.66,0.9961,9.790528,515.33,1,515.33,515.33,0.0,5.0,88.73,1.4512,90.73696,1005.97,raw_4999,True,0.9879409444381831,31.36025358324146,89.20998896149926,-48.772826227422286
cub,vit_b16,/hdd/edwin/results_backbones/cal_ckpts/cub_vit_b16_cal.pth,cal,3.0,128,86.09,0.9863,9.792832,359.96,1,359.96,359.96,0.0,7.0,88.73,1.4512,90.73696,1005.97,raw_4999,True,0.9702468161839287,32.03555678059537,89.20744975366156,-64.21762080380131
cub,vit_b16,/hdd/edwin/results_backbones/cal_ckpts/cub_vit_b16_cal.pth,cal,3.0,512,83.38,0.9863,9.811264,360.06,1,360.06,360.06,0.0,9.0,88.73,1.4512,90.73696,1005.97,raw_4999,True,0.9397047221909162,32.03555678059537,89.18713609096007,-64.20768014950744
cub,vit_b16,/hdd/edwin/results_backbones/cal_ckpts/cub_vit_b16_cal.pth,cal,4.0,8,88.4,1.2012,45.729088,347.05,1,347.05,347.05,0.0,3.0,88.73,1.4512,90.73696,1005.97,raw_4999,True,0.9962808520229911,17.227122381477397,49.602578706626275,-65.50095927313936
cub,vit_b16,/hdd/edwin/results_backbones/cal_ckpts/cub_vit_b16_cal.pth,cal,4.0,32,88.0,1.1719,45.729088,346.46,1,346.46,346.46,0.0,5.0,88.73,1.4512,90.73696,1005.97,raw_4999,True,0.9917727938690408,19.246141124586554,49.602578706626275,-65.55960913347316
cub,vit_b16,/hdd/edwin/results_backbones/cal_ckpts/cub_vit_b16_cal.pth,cal,4.0,128,88.06,1.1641,45.729088,346.84,1,346.84,346.84,0.0,7.0,88.73,1.4512,90.73696,1005.97,raw_4999,True,0.9924490025921334,19.783627342888654,49.602578706626275,-65.52183464715648
cub,vit_b16,/hdd/edwin/results_backbones/cal_ckpts/cub_vit_b16_cal.pth,cal,4.0,512,88.02,1.1621,45.729088,346.8,1,346.8,346.8,0.0,9.0,88.73,1.4512,90.73696,1005.97,raw_4999,True,0.9919981967767383,19.921444321940474,49.602578706626275,-65.52581090887402
cub,vit_b16,/hdd/edwin/results_backbones/cal_ckpts/cub_vit_b16_cal.pth,cal,5.0,8,88.45,1.2305,90.654016,346.63,1,346.63,346.63,0.0,3.0,88.73,1.4512,90.73696,1005.97,raw_4999,True,0.9968443592922348,15.208103638368254,0.09141148215677238,-65.54271002117359
cub,vit_b16,/hdd/edwin/results_backbones/cal_ckpts/cub_vit_b16_cal.pth,cal,5.0,32,88.56,1.1992,90.654016,345.24,1,345.24,345.24,0.0,5.0,88.73,1.4512,90.73696,1005.97,raw_4999,True,0.9980840752845711,17.364939360529217,0.09141148215677238,-65.68088511585833
cub,vit_b16,/hdd/edwin/results_backbones/cal_ckpts/cub_vit_b16_cal.pth,cal,5.0,128,88.42,1.1914,90.654016,345.58,1,345.58,345.58,0.0,7.0,88.73,1.4512,90.73696,1005.97,raw_4999,True,0.9965062549306886,17.902425578831313,0.09141148215677238,-65.64708689125919
cub,vit_b16,/hdd/edwin/results_backbones/cal_ckpts/cub_vit_b16_cal.pth,cal,5.0,512,88.3,1.1914,90.654016,416.83,1,416.83,416.83,0.0,9.0,88.73,1.4512,90.73696,1005.97,raw_4999,True,0.9951538374845035,17.902425578831313,0.09141148215677238,-58.564370706879934
cub,vit_b16,/hdd/edwin/results_backbones/cal_ckpts/cub_vit_b16_cal.pth,cal,6.0,8,88.51,1.2285,90.654016,344.87,1,344.87,344.87,0.0,3.0,88.73,1.4512,90.73696,1005.97,raw_4999,True,0.9975205680153274,15.345920617420072,0.09141148215677238,-65.71766553674563
cub,vit_b16,/hdd/edwin/results_backbones/cal_ckpts/cub_vit_b16_cal.pth,cal,6.0,32,88.61,1.1992,90.654016,343.84,1,343.84,343.84,0.0,5.0,88.73,1.4512,90.73696,1005.97,raw_4999,True,0.9986475825538149,17.364939360529217,0.09141148215677238,-65.82005427597245
cub,vit_b16,/hdd/edwin/results_backbones/cal_ckpts/cub_vit_b16_cal.pth,cal,6.0,128,88.59,1.1914,90.654016,346.52,1,346.52,346.52,0.0,7.0,88.73,1.4512,90.73696,1005.97,raw_4999,True,0.9984221796461175,17.902425578831313,0.09141148215677238,-65.55364474089684
cub,vit_b16,/hdd/edwin/results_backbones/cal_ckpts/cub_vit_b16_cal.pth,cal,6.0,512,88.52,1.1914,90.654016,346.1,1,346.1,346.1,0.0,9.0,88.73,1.4512,90.73696,1005.97,raw_4999,True,0.9976332694691761,17.902425578831313,0.09141148215677238,-65.59539548893108
cub,vit_b16,/hdd/edwin/results_backbones/cal_ckpts/cub_vit_b16_cal.pth,cal,8.0,8,88.71,1.2285,90.654016,346.04,1,346.04,346.04,0.0,3.0,88.73,1.4512,90.73696,1005.97,raw_4999,True,0.9997745970923024,15.345920617420072,0.09141148215677238,-65.60135988150739
cub,vit_b16,/hdd/edwin/results_backbones/cal_ckpts/cub_vit_b16_cal.pth,cal,8.0,32,88.66,1.1992,90.654016,345.47,1,345.47,345.47,0.0,5.0,88.73,1.4512,90.73696,1005.97,raw_4999,True,0.9992110898230586,17.364939360529217,0.09141148215677238,-65.65802161098243
cub,vit_b16,/hdd/edwin/results_backbones/cal_ckpts/cub_vit_b16_cal.pth,cal,8.0,128,88.63,1.1914,90.654016,345.7,1,345.7,345.7,0.0,7.0,88.73,1.4512,90.73696,1005.97,raw_4999,True,0.9988729854615124,17.902425578831313,0.09141148215677238,-65.63515810610654
cub,vit_b16,/hdd/edwin/results_backbones/cal_ckpts/cub_vit_b16_cal.pth,cal,8.0,512,88.71,1.1914,90.654016,345.11,1,345.11,345.11,0.0,9.0,88.73,1.4512,90.73696,1005.97,raw_4999,True,0.9997745970923024,17.902425578831313,0.09141148215677238,-65.69380796644035
cub,vit_b16,/hdd/edwin/results_backbones/ft_ckpts/cub_vit_b16.pth,ft,1.0,8,0.74,0.5957,11.551688,94.87,1,94.87,94.87,0.0,3.0,87.78,0.8945,85.952456,44.93,manual_corrected_run,True,0.008430166324903166,33.404136389044154,86.56037472623237,111.1506788337414
cub,vit_b16,/hdd/edwin/results_backbones/ft_ckpts/cub_vit_b16.pth,ft,1.0,32,0.5,0.5645,11.551688,69.28,1,69.28,69.28,0.0,5.0,87.78,0.8945,85.952456,44.93,manual_corrected_run,True,0.005696058327637275,36.892118501956396,86.56037472623237,54.195415090140216
cub,vit_b16,/hdd/edwin/results_backbones/ft_ckpts/cub_vit_b16.pth,ft,1.0,128,0.52,0.5566,11.551688,63.43,1,63.43,63.43,0.0,7.0,87.78,0.8945,85.952456,44.93,manual_corrected_run,True,0.005923900660742766,37.77529346003354,86.56037472623237,41.17516136211885
cub,vit_b16,/hdd/edwin/results_backbones/ft_ckpts/cub_vit_b16.pth,ft,1.0,512,0.52,0.5547,11.551688,73.33,1,73.33,73.33,0.0,9.0,87.78,0.8945,85.952456,44.93,manual_corrected_run,True,0.005923900660742766,37.987702627166016,86.56037472623237,63.20943690184732
cub,vit_b16,/hdd/edwin/results_backbones/ft_ckpts/cub_vit_b16.pth,ft,1.58,8,74.58,0.6055,22.16852,68.91,1,68.91,68.91,0.0,3.0,87.78,0.8945,85.952456,44.93,manual_corrected_run,True,0.849624060150376,32.308552263834535,74.20839260253365,53.37191186289783
cub,vit_b16,/hdd/edwin/results_backbones/ft_ckpts/cub_vit_b16.pth,ft,1.58,32,2.11,0.5742,22.16852,69.93,1,69.93,69.93,0.0,5.0,87.78,0.8945,85.952456,44.93,manual_corrected_run,True,0.024037366142629298,35.80771380659586,74.20839260253365,55.64210994880928
cub,vit_b16,/hdd/edwin/results_backbones/ft_ckpts/cub_vit_b16.pth,ft,1.58,128,0.74,0.5664,22.16852,68.68,1,68.68,68.68,0.0,7.0,87.78,0.8945,85.952456,44.93,manual_corrected_run,True,0.008430166324903166,36.67970933482392,74.20839260253365,52.860004451368816
cub,vit_b16,/hdd/edwin/results_backbones/ft_ckpts/cub_vit_b16.pth,ft,1.58,512,0.6,0.5645,22.16852,69.42,1,69.42,69.42,0.0,9.0,87.78,0.8945,85.952456,44.93,manual_corrected_run,True,0.00683526999316473,36.892118501956396,74.20839260253365,54.50701090585355
cub,vit_b16,/hdd/edwin/results_backbones/ft_ckpts/cub_vit_b16.pth,ft,2.0,8,83.71,0.6055,22.16852,67.56,1,67.56,67.56,0.0,3.0,87.78,0.8945,85.952456,44.93,manual_corrected_run,True,0.9536340852130325,32.308552263834535,74.20839260253365,50.36723792566215
cub,vit_b16,/hdd/edwin/results_backbones/ft_ckpts/cub_vit_b16.pth,ft,2.0,32,66.03,0.5742,22.16852,80.82,1,80.82,80.82,0.0,5.0,87.78,0.8945,85.952456,44.93,manual_corrected_run,True,0.7522214627477786,35.80771380659586,74.20839260253365,79.87981304251056
cub,vit_b16,/hdd/edwin/results_backbones/ft_ckpts/cub_vit_b16.pth,ft,2.0,128,4.5,0.5664,22.16852,70.14,1,70.14,70.14,0.0,7.0,87.78,0.8945,85.952456,44.93,manual_corrected_run,True,0.05126452494873547,36.67970933482392,74.20839260253365,56.109503672379255
cub,vit_b16,/hdd/edwin/results_backbones/ft_ckpts/cub_vit_b16.pth,ft,2.0,512,0.67,0.5645,22.16852,68.76,1,68.76,68.76,0.0,9.0,87.78,0.8945,85.952456,44.93,manual_corrected_run,True,0.0076327181590339485,36.892118501956396,74.20839260253365,53.038059203204995
cub,vit_b16,/hdd/edwin/results_backbones/ft_ckpts/cub_vit_b16.pth,ft,3.0,8,87.19,0.6211,9.428552,74.76,1,74.76,74.76,0.0,3.0,87.78,0.8945,85.952456,44.93,manual_corrected_run,True,0.993278651173388,30.56456120737842,89.0305030958045,66.39216559091922
cub,vit_b16,/hdd/edwin/results_backbones/ft_ckpts/cub_vit_b16.pth,ft,3.0,32,86.12,0.5879,9.429704,62.53,1,62.53,62.53,0.0,5.0,87.78,0.8945,85.952456,44.93,manual_corrected_run,True,0.9810890863522442,34.27613191727222,89.02916281996643,39.172045403961725
cub,vit_b16,/hdd/edwin/results_backbones/ft_ckpts/cub_vit_b16.pth,ft,3.0,128,84.41,0.5801,9.432008,53.76,1,53.76,53.76,0.0,7.0,87.78,0.8945,85.952456,44.93,manual_corrected_run,True,0.9616085668717247,35.14812744550028,89.02648226829028,19.652793233919425
cub,vit_b16,/hdd/edwin/results_backbones/ft_ckpts/cub_vit_b16.pth,ft,3.0,512,80.34,0.5801,9.45044,54.68,1,54.68,54.68,0.0,9.0,87.78,0.8945,85.952456,44.93,manual_corrected_run,True,0.9152426520847574,35.14812744550028,89.00503785488107,21.70042288003561
cub,vit_b16,/hdd/edwin/results_backbones/ft_ckpts/cub_vit_b16.pth,ft,4.0,8,87.5,0.8125,43.402184,52.01,1,52.01,52.01,0.0,3.0,87.78,0.8945,85.952456,44.93,manual_corrected_run,True,0.9968102073365231,9.167132476243708,49.504428355136234,15.757845537502778
cub,vit_b16,/hdd/edwin/results_backbones/ft_ckpts/cub_vit_b16.pth,ft,4.0,32,87.11,0.8027,43.402184,51.61,1,51.61,51.61,0.0,5.0,87.78,0.8945,85.952456,44.93,manual_corrected_run,True,0.992367281840966,10.262716601453326,49.504428355136234,14.867571778321834
cub,vit_b16,/hdd/edwin/results_backbones/ft_ckpts/cub_vit_b16.pth,ft,4.0,128,87.12,0.793,43.402184,51.96,1,51.96,51.96,0.0,7.0,87.78,0.8945,85.952456,44.93,manual_corrected_run,True,0.9924812030075189,11.347121296813853,49.504428355136234,15.646561317605165
cub,vit_b16,/hdd/edwin/results_backbones/ft_ckpts/cub_vit_b16.pth,ft,4.0,512,86.54,0.793,43.402184,51.88,1,51.88,51.88,0.0,9.0,87.78,0.8945,85.952456,44.93,manual_corrected_run,True,0.9858737753474596,11.347121296813853,49.504428355136234,15.46850656576898
cub,vit_b16,/hdd/edwin/results_backbones/ft_ckpts/cub_vit_b16.pth,ft,5.0,8,87.87,0.8086,85.869512,51.12,1,51.12,51.12,0.0,3.0,87.78,0.8945,85.952456,44.93,manual_corrected_run,True,1.0010252904989747,9.60313024035774,0.09649986034139349,13.776986423325168
cub,vit_b16,/hdd/edwin/results_backbones/ft_ckpts/cub_vit_b16.pth,ft,5.0,32,87.57,0.7754,85.869512,52.33,1,52.33,52.33,0.0,5.0,87.78,0.8945,85.952456,44.93,manual_corrected_run,True,0.9976076555023923,13.314700950251536,0.09649986034139349,16.47006454484754
cub,vit_b16,/hdd/edwin/results_backbones/ft_ckpts/cub_vit_b16.pth,ft,5.0,128,87.56,0.7695,85.869512,51.56,1,51.56,51.56,0.0,7.0,87.78,0.8945,85.952456,44.93,manual_corrected_run,True,0.9974937343358397,13.974287311347123,0.09649986034139349,14.756287558424221
cub,vit_b16,/hdd/edwin/results_backbones/ft_ckpts/cub_vit_b16.pth,ft,5.0,512,87.5,0.7695,85.869512,52.31,1,52.31,52.31,0.0,9.0,87.78,0.8945,85.952456,44.93,manual_corrected_run,True,0.9968102073365231,13.974287311347123,0.09649986034139349,16.4255508568885
cub,vit_b16,/hdd/edwin/results_backbones/ft_ckpts/cub_vit_b16.pth,ft,6.0,8,87.73,0.8086,85.869512,51.21,1,51.21,51.21,0.0,3.0,87.78,0.8945,85.952456,44.93,manual_corrected_run,True,0.9994303941672363,9.60313024035774,0.09649986034139349,13.977298019140889
cub,vit_b16,/hdd/edwin/results_backbones/ft_ckpts/cub_vit_b16.pth,ft,6.0,32,87.73,0.7754,85.869512,52.3,1,52.3,52.3,0.0,5.0,87.78,0.8945,85.952456,44.93,manual_corrected_run,True,0.9994303941672363,13.314700950251536,0.09649986034139349,16.403294012908965
cub,vit_b16,/hdd/edwin/results_backbones/ft_ckpts/cub_vit_b16.pth,ft,6.0,128,87.83,0.7695,85.869512,52.08,1,52.08,52.08,0.0,7.0,87.78,0.8945,85.952456,44.93,manual_corrected_run,True,1.0005696058327638,13.974287311347123,0.09649986034139349,15.913643445359446
cub,vit_b16,/hdd/edwin/results_backbones/ft_ckpts/cub_vit_b16.pth,ft,6.0,512,87.56,0.7695,85.869512,51.92,1,51.92,51.92,0.0,9.0,87.78,0.8945,85.952456,44.93,manual_corrected_run,True,0.9974937343358397,13.974287311347123,0.09649986034139349,15.557533941687074
cub,vit_b16,/hdd/edwin/results_backbones/ft_ckpts/cub_vit_b16.pth,ft,8.0,8,87.81,0.8086,85.869512,51.55,1,51.55,51.55,0.0,3.0,87.78,0.8945,85.952456,44.93,manual_corrected_run,True,1.0003417634996583,9.60313024035774,0.09649986034139349,14.734030714444687
cub,vit_b16,/hdd/edwin/results_backbones/ft_ckpts/cub_vit_b16.pth,ft,8.0,32,87.87,0.7754,85.869512,51.96,1,51.96,51.96,0.0,5.0,87.78,0.8945,85.952456,44.93,manual_corrected_run,True,1.0010252904989747,13.314700950251536,0.09649986034139349,15.646561317605165
cub,vit_b16,/hdd/edwin/results_backbones/ft_ckpts/cub_vit_b16.pth,ft,8.0,128,87.73,0.7695,85.869512,52.12,1,52.12,52.12,0.0,7.0,87.78,0.8945,85.952456,44.93,manual_corrected_run,True,0.9994303941672363,13.974287311347123,0.09649986034139349,16.002670821277537
cub,vit_b16,/hdd/edwin/results_backbones/ft_ckpts/cub_vit_b16.pth,ft,8.0,512,87.85,0.7695,85.869512,51.09,1,51.09,51.09,0.0,9.0,87.78,0.8945,85.952456,44.93,manual_corrected_run,True,1.0007974481658692,13.974287311347123,0.09649986034139349,13.710215891386609
cub,vit_b16,/hdd/edwin/results_backbones/fz_ckpts/cub_vit_b16_fz.pth,fz,1.0,8,0.98,0.5957,11.551688,95.04,1,95.04,95.04,0.0,3.0,86.23,1.0059,85.952456,79.59,raw_4999,True,0.011364954192276469,40.7794015309673,86.56037472623237,19.41198643045609
cub,vit_b16,/hdd/edwin/results_backbones/fz_ckpts/cub_vit_b16_fz.pth,fz,1.0,32,0.64,0.5645,11.551688,69.44,1,69.44,69.44,0.0,5.0,86.23,1.0059,85.952456,79.59,raw_4999,True,0.007422010901078511,43.881101501143256,86.56037472623237,-12.7528583992964
cub,vit_b16,/hdd/edwin/results_backbones/fz_ckpts/cub_vit_b16_fz.pth,fz,1.0,128,0.43,0.5566,11.551688,71.65,1,71.65,71.65,0.0,7.0,86.23,1.0059,85.952456,79.59,raw_4999,True,0.004986663574162125,44.66646783974551,86.56037472623237,-9.976127654227914
cub,vit_b16,/hdd/edwin/results_backbones/fz_ckpts/cub_vit_b16_fz.pth,fz,1.0,512,0.52,0.5547,11.551688,69.84,1,69.84,69.84,0.0,9.0,86.23,1.0059,85.952456,79.59,raw_4999,True,0.00603038385712629,44.855353414852374,86.56037472623237,-12.25028269883151
cub,vit_b16,/hdd/edwin/results_backbones/fz_ckpts/cub_vit_b16_fz.pth,fz,1.58,8,76.11,0.6055,22.16852,64.9,1,64.9,64.9,0.0,3.0,86.23,1.0059,85.952456,79.59,raw_4999,True,0.882639452626696,39.805149617258174,74.20839260253365,-18.457092599572807
cub,vit_b16,/hdd/edwin/results_backbones/fz_ckpts/cub_vit_b16_fz.pth,fz,1.58,32,6.3,0.5742,22.16852,70.47,1,70.47,70.47,0.0,5.0,86.23,1.0059,85.952456,79.59,raw_4999,True,0.07306041980749159,42.916790933492386,74.20839260253365,-11.458725970599327
cub,vit_b16,/hdd/edwin/results_backbones/fz_ckpts/cub_vit_b16_fz.pth,fz,1.58,128,0.78,0.5664,22.16852,68.63,1,68.63,68.63,0.0,7.0,86.23,1.0059,85.952456,79.59,raw_4999,True,0.009045575785689436,43.69221592603639,74.20839260253365,-13.770574192737792
cub,vit_b16,/hdd/edwin/results_backbones/fz_ckpts/cub_vit_b16_fz.pth,fz,1.58,512,0.48,0.5645,22.16852,69.44,1,69.44,69.44,0.0,9.0,86.23,1.0059,85.952456,79.59,raw_4999,True,0.005566508175808883,43.881101501143256,74.20839260253365,-12.7528583992964
cub,vit_b16,/hdd/edwin/results_backbones/fz_ckpts/cub_vit_b16_fz.pth,fz,2.0,8,81.96,0.6055,22.16852,67.58,1,67.58,67.58,0.0,3.0,86.23,1.0059,85.952456,79.59,raw_4999,True,0.9504812710193667,39.805149617258174,74.20839260253365,-15.089835406458104
cub,vit_b16,/hdd/edwin/results_backbones/fz_ckpts/cub_vit_b16_fz.pth,fz,2.0,32,68.66,0.5742,22.16852,62.48,1,62.48,62.48,0.0,5.0,86.23,1.0059,85.952456,79.59,raw_4999,True,0.796242606981329,42.916790933492386,74.20839260253365,-21.49767558738536
cub,vit_b16,/hdd/edwin/results_backbones/fz_ckpts/cub_vit_b16_fz.pth,fz,2.0,128,6.35,0.5664,22.16852,72.5,1,72.5,72.5,0.0,7.0,86.23,1.0059,85.952456,79.59,raw_4999,True,0.07364026440913835,43.69221592603639,74.20839260253365,-8.908154290740047
cub,vit_b16,/hdd/edwin/results_backbones/fz_ckpts/cub_vit_b16_fz.pth,fz,2.0,512,0.81,0.5645,22.16852,72.8,1,72.8,72.8,0.0,9.0,86.23,1.0059,85.952456,79.59,raw_4999,True,0.009393482546677491,43.881101501143256,74.20839260253365,-8.53122251539139
cub,vit_b16,/hdd/edwin/results_backbones/fz_ckpts/cub_vit_b16_fz.pth,fz,3.0,8,86.0,0.6211,9.428552,74.06,1,74.06,74.06,0.0,3.0,86.23,1.0059,85.952456,79.59,raw_4999,True,0.9973327148324249,38.2542996321702,89.0305030958045,-6.948109058927002
cub,vit_b16,/hdd/edwin/results_backbones/fz_ckpts/cub_vit_b16_fz.pth,fz,3.0,32,84.33,0.5879,9.429704,69.73,1,69.73,69.73,0.0,5.0,86.23,1.0059,85.952456,79.59,raw_4999,True,0.9779659051374231,41.55482652351129,89.02916281996643,-12.388491016459353
cub,vit_b16,/hdd/edwin/results_backbones/fz_ckpts/cub_vit_b16_fz.pth,fz,3.0,128,82.97,0.5801,9.432008,53.45,1,53.45,53.45,0.0,7.0,86.23,1.0059,85.952456,79.59,raw_4999,True,0.9621941319726313,42.33025151605528,89.02648226829028,-32.84332202538007
cub,vit_b16,/hdd/edwin/results_backbones/fz_ckpts/cub_vit_b16_fz.pth,fz,3.0,512,80.48,0.5801,9.45044,55.25,1,55.25,55.25,0.0,9.0,86.23,1.0059,85.952456,79.59,raw_4999,True,0.9333178708106228,42.33025151605528,89.00503785488107,-30.581731373288108
cub,vit_b16,/hdd/edwin/results_backbones/fz_ckpts/cub_vit_b16_fz.pth,fz,4.0,8,85.95,0.8125,43.402184,52.32,1,52.32,52.32,0.0,3.0,86.23,1.0059,85.952456,79.59,raw_4999,True,0.9967528702307782,19.226563276667665,49.504428355136234,-34.26309837919337
cub,vit_b16,/hdd/edwin/results_backbones/fz_ckpts/cub_vit_b16_fz.pth,fz,4.0,32,85.61,0.8027,43.402184,51.49,1,51.49,51.49,0.0,5.0,86.23,1.0059,85.952456,79.59,raw_4999,True,0.9928099269395801,20.20081519037678,49.504428355136234,-35.305942957658
cub,vit_b16,/hdd/edwin/results_backbones/fz_ckpts/cub_vit_b16_fz.pth,fz,4.0,128,85.43,0.793,43.402184,51.47,1,51.47,51.47,0.0,7.0,86.23,1.0059,85.952456,79.59,raw_4999,True,0.9907224863736519,21.165125758027635,49.504428355136234,-35.331071742681246
cub,vit_b16,/hdd/edwin/results_backbones/fz_ckpts/cub_vit_b16_fz.pth,fz,4.0,512,85.0,0.793,43.402184,51.31,1,51.31,51.31,0.0,9.0,86.23,1.0059,85.952456,79.59,raw_4999,True,0.9857358227994897,21.165125758027635,49.504428355136234,-35.53210202286719
cub,vit_b16,/hdd/edwin/results_backbones/fz_ckpts/cub_vit_b16_fz.pth,fz,5.0,8,86.24,0.8086,85.869512,51.95,1,51.95,51.95,0.0,3.0,86.23,1.0059,85.952456,79.59,raw_4999,True,1.0001159689203292,19.61427577293966,0.09649986034139349,-34.72798090212338
cub,vit_b16,/hdd/edwin/results_backbones/fz_ckpts/cub_vit_b16_fz.pth,fz,5.0,32,86.07,0.7773,85.869512,51.23,1,51.23,51.23,0.0,5.0,86.23,1.0059,85.952456,79.59,raw_4999,True,0.9981444972747302,22.725917089173876,0.09649986034139349,-35.63261716296017
cub,vit_b16,/hdd/edwin/results_backbones/fz_ckpts/cub_vit_b16_fz.pth,fz,5.0,128,86.09,0.7695,85.869512,52.47,1,52.47,52.47,0.0,7.0,86.23,1.0059,85.952456,79.59,raw_4999,True,0.9983764351153891,23.50134208171787,0.09649986034139349,-34.07463249151904
cub,vit_b16,/hdd/edwin/results_backbones/fz_ckpts/cub_vit_b16_fz.pth,fz,5.0,512,85.95,0.7695,85.869512,51.61,1,51.61,51.61,0.0,9.0,86.23,1.0059,85.952456,79.59,raw_4999,True,0.9967528702307782,23.50134208171787,0.09649986034139349,-35.155170247518534
cub,vit_b16,/hdd/edwin/results_backbones/fz_ckpts/cub_vit_b16_fz.pth,fz,6.0,8,86.26,0.8086,85.869512,50.99,1,50.99,50.99,0.0,3.0,86.23,1.0059,85.952456,79.59,raw_4999,True,1.0003479067609882,19.61427577293966,0.09649986034139349,-35.9341625832391
cub,vit_b16,/hdd/edwin/results_backbones/fz_ckpts/cub_vit_b16_fz.pth,fz,6.0,32,86.3,0.7754,85.869512,51.66,1,51.66,51.66,0.0,5.0,86.23,1.0059,85.952456,79.59,raw_4999,True,1.0008117824423053,22.914802664280746,0.09649986034139349,-35.09234828496043
cub,vit_b16,/hdd/edwin/results_backbones/fz_ckpts/cub_vit_b16_fz.pth,fz,6.0,128,86.16,0.7695,85.869512,51.64,1,51.64,51.64,0.0,7.0,86.23,1.0059,85.952456,79.59,raw_4999,True,0.9991882175576945,23.50134208171787,0.09649986034139349,-35.11747706998367
cub,vit_b16,/hdd/edwin/results_backbones/fz_ckpts/cub_vit_b16_fz.pth,fz,6.0,512,86.16,0.7695,85.869512,51.81,1,51.81,51.81,0.0,9.0,86.23,1.0059,85.952456,79.59,raw_4999,True,0.9991882175576945,23.50134208171787,0.09649986034139349,-34.90388239728609
cub,vit_b16,/hdd/edwin/results_backbones/fz_ckpts/cub_vit_b16_fz.pth,fz,8.0,8,86.24,0.8086,85.869512,51.52,1,51.52,51.52,0.0,3.0,86.23,1.0059,85.952456,79.59,raw_4999,True,1.0001159689203292,19.61427577293966,0.09649986034139349,-35.26824978012313
cub,vit_b16,/hdd/edwin/results_backbones/fz_ckpts/cub_vit_b16_fz.pth,fz,8.0,32,86.18,0.7754,85.869512,51.52,1,51.52,51.52,0.0,5.0,86.23,1.0059,85.952456,79.59,raw_4999,True,0.9994201553983533,22.914802664280746,0.09649986034139349,-35.26824978012313
cub,vit_b16,/hdd/edwin/results_backbones/fz_ckpts/cub_vit_b16_fz.pth,fz,8.0,128,86.26,0.7695,85.869512,51.58,1,51.58,51.58,0.0,7.0,86.23,1.0059,85.952456,79.59,raw_4999,True,1.0003479067609882,23.50134208171787,0.09649986034139349,-35.1928634250534
cub,vit_b16,/hdd/edwin/results_backbones/fz_ckpts/cub_vit_b16_fz.pth,fz,8.0,512,86.3,0.7695,85.869512,51.95,1,51.95,51.95,0.0,9.0,86.23,1.0059,85.952456,79.59,raw_4999,True,1.0008117824423053,23.50134208171787,0.09649986034139349,-34.72798090212338
